filament_id,segmentation_rle
20110120105534Ch_1,l_Vi22c02cn12ZQNOfn12YQNNgn12XQN0gn11XQNOhn11VQN2in1OUQN2jn10RQN2Po1?0O2OO01O101N1O001N2O1O00100O100O100O1O1O100O010O010O0100O10O02O001N100O100O1O1O2N1001N2N2M2O0O2O0O100O101O010O0100O1000000O0100O0100O1O10O010O001O00010O01O0001N1N2O100O1000010O0O2O00000O2O1NW^YP1
20110120105534Ch_2,UjTQ23lo12N1O1O0O2O00O10O1O010O10000O1O1M2O2J6O10O01O1N2L4N200O1N3NFYQNYOln1c0:O01N210HYOVQNg0in1]OSQNd0cn1XOaQNP1bn1ROYQNo0in140O100O001OO11O100O100O0100O]OTQN4ln1JXQN4hn1H\QN8dn1F_QN2GLin12`QN0KLfn12`QN1LLWo12jPNOVo1OlPN0bo110O01O01OeWej1
20110130110334Ch_1,kW\m13lo12O2N4M0O010O0O3aPNFTo1f0L2N2O1O1O0O2O1N2N3M2O2N1N2O2O1N3M2N1O1O1000ZNjQNa1\n1_NeQNZ1bn1eNeQNn0hn1005K5J0000001O1cRNhNok1Y1mSNkNSl1T1gSNUOVl1HPSNe0h0FXl1ATSNi09UOBc0Rm1]OVSNk030Xm10eRN2_m1K^RN6dm1KWRN7jm1o01O1N2N3M101N101\NkQN[1_n1N103L3M2N2O1N2N1O100_OPQND17on13YQNKhn12[QNMfn10^QNMcn11i0Mldmm1
20110130110334Ch_2,j_Pe21go1:M3N5L1OO2OkPNAhn1?VQNCkn1=QQNFon1e01O2O1N1001N5L1N1O2O2M11O001O0001N3N000O10jN[QNo0mn10O00001O001O4MN100O^QNPOVn1P1eQNTO]n1W11N3M2M3L3M201N110O1O1O101N2O1OO010O04L2OO01000000O10O010O01O010O0001O01O00100O1O1O2N0010O001O00010O01O010O002O0O10O010O001O2N2N2O0O01O0O2O0O10O1000001O010O1O1O0100O1O1O1O0010O0O101M2M4N3M3O]OnPN7_o1O0O0100O101N3N1N0100O1O3M2OO01O00000O2O1O1O00101N100O1O001O1O1O1NP\YP1
20110214175414Mh_1,]]d[21ko16K4M3GEiPN>Uo18N101O0oNYOiRNh0Um1ZOiRNg0Vm1[OiRNf0Vm1[OiRNe0Wm1]OSRNF?n0^m1C_RN>`m1HYRN9gm1IWRN8hm1JTRN8lm1:TRNUOkm1i0YRNVOfm1i0\RNVOcm1k0`RNSO_m1l0eRNQO[m1o0gRNoNXm1R1iRNnNVm1Q1lRNnNTm1Q1nRNoNQm1Q1PSNnNPm1Q1RSNnNnl1R1TSNlNll1T1P1010O0100YO\QN0fn1L^QN2dn1L^QN3cn1J`QN4an1KaQN4^n1LcQN5]n1IeQN6[n1JfQN4Zn1LiQN1Xn1NjQN0Wn1OjQNOXn1Ohd]a1
20110214175414Mh_2,_^\d23lo12O1N2O01O01O00001O001O1O000000O0100O010O10000001O000001O00010O00001O0010O010O010O010O010O10O01000O011O0O100O10O010O01O010O000O100N2L4O11O001O001O1O001O0010O01O010O00100O1O2N100O1000O2O4K100O0010O000010O01O001N10001O00001O00001O001O001O100O100O2N1O1O2NW`eS1
20110214175414Mh_3,mTQm14lo12N2N5K2N10001O0000O101O0000001N10000001O1N10000O2O000O1000O10001O0O1001O0O2O0O1O010O100O10O010O100O1001O2N1O4K10001O1O4L3M00000O010O00QOWQNg0hn1XO\QNg0cn1YO^QNf0bn1YOaQNe0_n1[ObQNd0^n1]ObQNb0^n1^OdQNa0\n1^OeQNa0[n1@gQN=Zn1BhQN=Wn1CjQN<Wn1CjQN=Vn1BjQN>mn1001O02M2N1O1O1O1O1O2N001O001O1O1NShjl1
20110214175414Mh_4,fY_g29fo16J8I1N2N100O1ON1L400100O100O1O2O01O00001OO01N2M3N3N1O101O0010O01O010O100O100O01000O10O10O1O10O010O10O100O2O0O1O2N100O1001O001O001N10000O100000000000000010O01O010O010O0010O01O010O010O0100O100O1O1O0010O000000000000000000000O0101NSgZQ1
20110329082654Uh_1,T_Po06ho13N0010O00100O10O0100O010000O101N010O1O10O00010O00100O001O010O01O010O01001O001O2N0O0100O00100N101O100O100O1000O010O10O01000O100O1000O100000O010000O0100O02O000O2OO1000O01O10O010O0100O010O100O100000O2O0O2O001O001O002N1O1O1O01O0O2N6Ikagi2
20110329082654Uh_2,d_jR21mo14M1O2O1O1100O0000000000O010O100O0000001O00000000000001O1O100O0100O10001[PNH^o1>01iPNIbn1\1_O4L1O000000jNSRN7om1ZO`RNc0`n1FlPNCXo1:9M2N3M2N2O1Oc^gi1
20110329082654Uh_3,[bnY12mo13N001O001O001O100O0010O0010O010O01O01O0010O01O010O01000O10O10O0100O10O01000O1000O01000000O100O10O010O0001O0010O01O10O001O010O1000001N0010O010O000010O00001O0010O0010O01O010O011O6K0N10000001O005J2O1O01O3M000000000010O0O1O1O0O2O001O0O100O100000O10000O10O1O1N2O^[m]2
20110329082654Uh_4,Yld\24ko12N1O2N102N3M2N000001N101N101O01O0010O1O010O01O001O001O1O101O000O10O100O010O01O1O2N1O2N2N3N12N0OO100O0001O1N110GnPNBRo1<;N1O2O5InR__1
20110329082654Uh_5,PR_V22oo11N2O1O2N2N1O1N2O2M2N2O1N101O02O0O106I1O0001O00010N1000000001N100010N10101N1OO2O001O0001O00001O1O3kPN_Odn1b0WQNAjn1LQQNl0To1M3N2G8K8Hbkne1
20110329082654Uh_6,jWgU1>`o16hPNCbn1P1N3M3L5L5J3M4L5K5L2M2O0O100000WOeRNmN[m1k0bRNfN>6Qm1S1ZSNgNhl1Z1n000101NYOdQNK]n13iQNIVn15oQNHRn16SRNFmm19n0N101N2O0O2O1O1O10O010000O2M^ibg2
20110329082654Uh_7,PXib23lo12N2N2O001O10O01O01O010O0101N100O0O2O001N2O2N3N0OO2N100O1000O1000O01000O010OO2O0O2O001O00O00N3O1O10FoPNFQo19SQNCnn1=:010O011N100OMePNB[o1=40000000O20O02N101OO010O1O1O1N3N1O00100O100O1000O01O1O10O0100O1O2O1NViXW1
20110329082654Uh_8,k\_`14lo11N101N2N101N2O1O0O2O0O2N101N2O2M3M5J2O2O0003M2N100O100O101N2O0O2N0O2O000O100001OAgPN7Yo1GkPN7Uo1HlPN8_o10O0000001O01O00000O101O000000001N10000O010O010O01O000O2O010O001N20O01O00O1001O002N000010OO1000O100O101N1M3O10001N101O1NfcPY2
20110408083214Th_1,c^nR252Mao1?L2O000O100O1O010O1000103M10N1O001O1O1O01O0O101M2O1O0001O0001O000100O5K2N2O0O10O010O1O1000000O10O0100O10001O4K10N2M2N3O1N201N2O1O1O001O000O2N1O2M\_]h1
20110408083214Th_2,b`l\11go1>H4L6J4L3N3M2OXO^QN4_n1JfQN5Xn1ImQN5Rn1JQRN6nm1IURN6im1JYRN7em1H]RN9`m1GbRN:\m1EfRN=Vm1CnRN<ol1ETSN9jl1GYSN9el1F_SN8_l1IcSN6[l1JfSN6Yl1JiSN4Wl1LjSN0Zl1Om1M]`]a2
20110408083214Th_3,``VR15jo13O0O2N3M00000000O0101N101N10000000001O0`QNA_m1>`RNH]m17bRNL\m14bRNN_m12[RN2gm1MVRN4mm1LjQNDK>an1N`QN8cn1`03M3N2L5L3M4M3M4K4L4Ml^[k2
20110408083214Th_4,Xd`X37ho15M3L2O3M01O01O1N3N2O001O010110ON2N2000N1O2O0O2M2O2N1N1O1N3N2M3N1O001NYYWe0
20110408083214Th_5,`iRc22no11O1O1O100O001O010O001O001O2N1N2O0N3J6M2O2O1N3N1O2N101N100O1O2N3M2N001O101N5K001nQN\Nem1e1YRN^Nfm1d1VRN^Njm1l1O10O010O10O1001N1^OXRNeNPn1X1=O100O010O100OcNlNQTNR1nk1PORTNo0nk1QOTTNm0mk1SOTTNl0kk1TOXTNi0ik1VOXTNj0gk1WOZTNg0fk1YOZTNh0ek1XO\TNh0dk1XO[TNi0ck1XO^TNg0bk1ZO]TNe0ck1\O]TNc0dk1^O[TN<Sk1\OQTN9k0:Uk1AcSNNK9]17Vk1?jTNBVk1>\TNlN[Of0Yl1?\TNlNZOe0Zl1>\TNoNXOc0\l1?\TNnNWOc0]l1?\TNPOVO?_l1b0ZTNQOUO;cl1e0WTNSORO8il1d0VTNGjk1:TTNGmk19PTNIQl17nSNISl18kSNHUl19jSNFXl1<WSNeN6P1cl1e0ZSN[Ogl1g0USNZOjl1n1B>J501O01O100O101O0O1kLhSNb2Zl1\MPTNY2Sl1fMXTNe1Sl1ZNPTN`1Tl1_NmSN^1Vl1`NmSN\1_m1dNaQNP1kn1L4EoPNAUo1;oPNBSo1<oPNCQo1<;O0O2O3M5IjXYU1
20110408083214Th_6,\kRk05io17]PNEK0Vo1i0K6TQNUOZn1[1N4K5J6K3M3N2NUO_RN[O_m1d0hRNXOUm1g0RSNWOkl1e0]SNYO]l1k0fSNTOXl1k0mSNROSl1d0oRNROT17mk1d0k1OEYOaQNf0an1;1O1O100O1O1IVQNWOln1h06000O1OO2M3O1O100O1M20FCoPNb0on18LTOTQNm0jn15O1O100000O2N1O1N3N2O1O1O2N4L3N1M3N2N2M4M2MRXkP3
20110408083214Th_7,Xi^n12mo13M2O1O100O101O2N6J1N202M3iQNWOSm1k0fRNWO[m1i0cRNXO]m1k0^RNVOcm1Q1URNoNRn1m0jQNTOYn1k0dQNVOcn1e0YQN^Ohn1l02O2N2N2oNRQNj0To1M1N3M201N10010O010O1O2N6IjTSo1
20110408083214Th_8,VkjW33ko14L7E<F=C6J6K4F:L4L3L5N2OO1O2K5M4L<\O<K5L8J7H3N7I3M6IgT_f0
20110408083214Th_9,hXY]14jo12N2N2O0O1000N2O10O1N1M4N2N2001N1O0O10001N10100O100000000000001O000010O001O1O010O00001OO110N100O101O0000010O01O0010O00010O01O00001OO10O01O1O100O00101N2NPjl]2
20110408083214Th_10,PXiR23mo11O2WPNMao1;N2N00O11O0O100O01N1O1O1001O001O000010O0100O100O1N00N2N201O10O1OO1M5LRijj1
20110408083214Th_11,dagn01Yo11XQN4en1NYQN3gn1MoPNN16Po1OkPNO05Uo1>10O01000O100O10O2O001O000O1O2N0O2O001O1N3N100O1O1O1O0010O0001O1O010O2O0O2NX_bn2
20110408083214Th_12,ncme22mo11O100O010O1O100O1N3I6N200O2O001O100O001O1O002M3N00000O100O10000001O01O00000O100O1O1N1O2M3O001O100O2O0O2O1N1O1O1O001N1N3N200O1000O010[OkQN^OWn1?mQN_OSn1EjQN?9JYn11jQNNXn1OkQNNWn10lQNNUn10nQNMTn11nQNNSn1NPRN1Qo1Oo[XU1
20110424064534Lh_1,k_\W15io12O1O2N1N2N2N1O2O0001O100O11O002gPNFhn1k0N010ZQNPOZn1R1bQNTOZn1\1MXOhQNWO2;Sn17]RNL^m1OiRN1Um1MoRN2Qm1KRSN5ml1JVSN5jl1IYSN7oNFXm12kSN9gNJ^m1KmSNh0Rl1VOQTNj0ok1TOSTNk0bm1O1O010O02O0O101N3M100O00\OUQN4jn1JZQN4fn1K]QN5an1JaQN7^n1HdQN9Yn1FiQN;Un1ElQN<Sn1CnQN=Qn1CQRN<om1DRRN;nm1DSRN;om1CRRN=Pn1^OSRNb0fn101O001O1O1O0001O001O010000000000O010O1O1O00000000O10100O11O0N1O2N1O00100O001O01O0010O0001O010O010O100O1O0O2O0N1100O1O4Hn[Wa2
20110424064534Lh_2,Ubli02io16J6E<M3L6K3M2M4M3M5J:G4L11O2M3^NPRNMOe0Tn1[OSRNG0l0nm1[O^RNc0fm1XO\RNh0_n1N100O01100O100_OkPN6Vo1EoPN9]o10000O100O001O1O1O1O1Nn\cS3
20110424064534Lh_3,`jbl1470Xo15cPNO[o1<N2O1O10O01O002mPN]Oen1R1N1N100O101N2O105K00N1O1O1N2O001O0010O01O00001O0O1O2N2N2N3M2N2M3N1O2N1O100O2O000001O011N1O1O001O00000001O000010O00010O01001iPNAjn1l0O0001O0001N:G1N1O1O10000O01O1N1UObQN3`n1JeQN2]n1Km0N4M3N1N2O1NlS[m1
20110424064534Lh_4,P]oe14ko12O2N1O0010O01O00010O001O001O00O001O1O010O1O010O0010O00010O010O0O2O1O1O1O0O2O1O10O0100O1O1O1O10O001O01O00100O2M2N2O001O0000O1O0000O2O1O00N10100O1001O1OO1O0O3O1O1K5O2N2M3N2L^ebT2
20110424064534Lh_5,V]Sl04ko13[PNMYo1=10O1O1O2O1N1N3N1O1O1O100001O:F100N20OO11O01O001O1O01OO10000O100O10O0100O010O10O1000O1000O010O10O0010O010O0010O01O0001O0O3N001O2MQafo2
20110424064534Lh_6,TbYc15jo1:F3N2M200O2N1001O1O001O001000O2O2N00O001N100O1O1O100O100O10001O1N100O101O0O010O01O1O1O1O00000O1000O010N1010O01O100O2O0O2O1N1O3Lc\dX2
20110429120534Ch_1,Z`nn26io15K>B3N1O2N2N1O1OO2O000O2O000N3M201N200O11O2N2N2O2M00O1O1N101N2O1N10100O100O010001O4L1O2N0O010O1O100O2N1O1O2N21O1O00O2N2N00O1000009G1O100O2O2N0O001N102M2N2N1O001O1O1J_PNJe\kk0
20110429120534Ch_2,objf24lo14N10O0O1O0O1001O000O100O2O0O1O0101O0000O010O1O001N101N1O1010O1O2O1N2N001O0000001O000000O10000O11O0000001O000000010O00100O1O010O0010OO2Nn[kT1
20110429120534Ch_3,ecd\22mo13N2N2O2N0O10O010N2O10O011N5K0O1001O1N2O1O1O010O0010O01O0001O00010O000000O2O010O010O010O01O1O001O100O002ON3L4N1N2Nb[g_1
20110429120534Ch_4,SdhR25jo15M0001OePNMhn13TQN2ln1MQQN6on1KmPN8So1;1N1]OjPN;Wo1AmPN>\o101O0O2O0O1O01000O1O0100O1O100O0000O0100100O0001O0001O001O00000100O1O10O01O1O1N3N5J5K0100O1O1O4L5L1N101O1O001N100O2O00O10O010O0100O1O010O001O1O2NO2O7H4LTXgg1
20110429120534Ch_5,fe^n26io13M201O01O1O00O10O00100O010000000O1000O101N2N10O001O0O2O0O2O0O10000001O00O0100O100O10O10000O101O00000O10O10O001O0001N100010O01O010O001N1F;N101O00O2I6N3L3O2O01O001O0010O100O2O1NmZok0
20110429120534Ch_6,oina06_o1LgPN93Gen1Q1K5N1O10000O100O10OO2N1M3O1N3I6H9L3N3J5I8IUOTSNoNfl1U1_SNiN_l1V1fSNhNXl1X1kSNfNTl1Y1PTNfNhk1_1\TN`Nck1_1`TN`N_k1l0hSNQOk01\k1n0mSNmNj04Wk1P1QTNjNj04Uk1R1TTNgNk03Pk1X1VTNdNl00nj1]1XTN`Nm01kj1`1S21O0100M3@gQNUO]n1i0>N2O1O2N1CPQNIRo14?N2N2O1N_YgZ3
20110429120534Ch_7,agnP11mo15L4K4cPNCRo1`0jPNDUo1c0101O3N00O1O010001N1007I4K9G8H411L2M01N>Ab0^O;DPVYm2
20110429120534Ch_8,mmVY25fo15N2O1O1N2N1010O01N3M2K6M2\OVOhQNU1Sn1>N1M02HmQNeNam1OiRN]1[m1f0N1101O0O1E[RNXNhm1g19K5L6[OdQN\O0J_n1>nQNDan1NgQN0RSkd1
20110429120534Ch_9,WmTR1;do17Ih0YO6J3M2N2M2O01]NVRN5F;ln1]OYQNb0Uo1N10O000001000O03L2O1O106J0NePYl2
20110429120534Ch_10,`\ok01no12N2N1O1N2M3O100O1O1N2N2N1N3O0O2N2L3N3FO\QNYOcn1g0aQNWO[n1k0iQNSOVn1g0RRNWOnm1h0f0N2O1O1N2N1O2N1N2O02O001O10OO2O0O2O0100O1000O010O100O100O000000001N1N3M3O1O0100N3M20O010O1O100O10O102WOlPNc0Zo1N101O003M1N3N1N2N101N1OXe`n2
20110429120534Ch_11,^^Q^23lo13M2O1O001O010N101N1O2O1N10001O0O1ZO@lQN`0Sn1DiQN=Vn1HfQN8Yn1LbQN6\n1N`QN4Zn1l0O12N3L3N010O01ON1G:M10`MZOeUNk0[j1ZOUTNCJ5LY1Vl1UOiSND0j1Xl1\12O2N3iL[SNm2Pm1RO[SNZNhl1_1_SN]Nel1b0TSNB;Jhl1;SSND91fl18UTNGPl13QTNMQl11PTNNQl10PTNOSl10mSNOTl10mSNNUl12m1O1Oec`^1
20110529063154Uh_1,`_^j25io12N2N2M3F:001N2O001O001O1O001O001O000001O001O001O2N4L2O0O001000O0100O010O001OFnPNFRo18RQNFnn1:RQNFnn19TQNFln1:TQNFln1:TQNEnn1:TQNCmn1=;0001N101O1O6J]`UR1
20110529063154Uh_2,obji13lo12N100O10000O2O002N2M3N1O1N2O001O001N100O1O1O010O10O100O010O010O0100O001O10O010O010O10O10O10O010000O100000O01O1IjPNBXo1<7O1N3H^PNM[]]R2
20110529063154Uh_3,bbfi07ho13M5L3M3M3N2N1O1O6K11O3NO1N0O1O00O20OTOYQNb0Ro1O2O1M8If[iT3
20110529063154Uh_4,giPV34ko12O0O2O0O101O0O10000000001O00001O001O001O001O001O0000O01000O2O0N200N2N2O1O010O100O1O100O1000001O002N[Vif0
20110529063154Uh_5,bQ_X13ko1;[PNGPo1g0M2N2M3L4N101N1010O3N1N10O0100O100POXQNf0So1N102XOjPN`0do1G2N1O2M^mje2
20110529063154Uh_6,eZco24lo12N2N6I101M4K<G10O1O1O100O1O001O001N101O0O1O100O1O2O0O2N1O2N1O2N2N2O1N2O1NPePn0
20110529063154Uh_7,e`il26ho16H5M3N2N1N2K6ESO`QNn0_n1VO\QNl0cn19001O00001O0O2N2N2O0O2GRQN^Onn1`0VQN^Ojn1a0XQN]Oin1c0;N1O101N100O100O2M3N1O2O0O101O000000O100001O001O1Nk_RP1
20110529063154Uh_8,^`Y]26jo11O1O100O1O001O1O00001N102N2M3N1O1O001O00O10000000000O101O000001O01O01O010O0100O0100OO10000000O101O00001O0O10000000000O10O01N2N2O1O001N11N11O0100O101O1N101N101N100O100O100O100O01000O010O10O10O1O1O010O1O1O010O100O100O10001O0O101M3Ml_^[1
20110529063154Uh_9,YceT26io14L4L4M2N2N2N1O10O00010N101O00001O0000001O0O10O101N100O1000O1O1O1O100O10000000O1000OB_O^QNb0an1A]QN?bn1C\QN>cn1EYQN=gn1>O10O01O1N2N22gNSRN:ln1N1N2O1O0O2O0O_\^g1
20110529063154Uh_10,Qci`14lo11O1O1O001O1O100O001O1O1O001O1O1O1O1O00100O010O1O2O0O2O1N10000O010O101N100O1001O01O0000000O100O01O010O0001O0O2O0O1O2IoN[QNS1dn1500100O1O010O010O01000100O0O10O0100010O100O0001000O000O010O00100O10O10O100O0010O0010O010O101N2O0O10O010O001O0100O101N1O2N2O0O1O100O100O1O1O2N2O1N1O001O00001O01O00001O0000001N101O000O2O0O2N100O2O0O2N2O1N1O10O2O001O1O001O10O01O010O010O100O1O001O010O01O01O0000000001O00O01000O100O100O100O100O2O00001O0000000O11N10001O0O2O001N2O0O101N10O001N2KlPN]OUo1a07N1O2M3L4L5KYZ\P2
20110531070514Th_1,S]fQ19do16K4J5J6I8N1N2N2N2O1N2N2N2O0O201N1O001O0001N101O2N2M200O2O01O1O5K1O000000000000O11fQN]NTn1h1OhNSRN>mm1^OXRNa0gm1YOaRNe0_m1YOgRNd0Xm1\OjRNb0Vm1]OmRNc0Pm1^OSSNa0kl1^OXSNc0el1]O[SNg0al1YOaSNh0\l1WOfSNj0Xl1VOjSNi0Ul1WOlSNh0Sl1XOPTNf0Pl1ZOQTNf0nk1YOTTNf0mk1XOUTNh0cm1N0100O10O101N2O1001N0O10O11O1RQNXOcn1i0WQN]Oin1n0O4K000000O001N2N2M4M3N2M3N2N2N1O1O5K3M4L2M]_Uh2
20110531070514Th_2,Zbh\16ho15M2N2O100O02O0000O10001O2N01N1O1O1O0102M5K2O1O1N5L1N1O1N4M2O03oNWQNa0Yo1K5I6K][o`2
20110531070514Th_3,\cb\21oo11O1O1O2O2M1O100O1O00O1000000000000O100000000000O100N2O1O1O100O10O1O1O00100O1000001O0O100000000000000000000000000000001O0O10O010000000O2O001O0O100O10O100O1000O010O2N101O000000000O100O1O100O100O2N100O100O2O0KXOPQNj0mn17N1O1O10O0M4N101O100O10O101O000O1000N2L4G9L4N2O2N1O100O010O100O1Og]iZ1
20110531070514Th_4,[cfg04lo11N2O0N3M4M21N10O010O002O1O00O00100O10O2O3M2N3M2O2N1O2O5KO100N4L2N100002O31MNO10O000001O1N1O1J6M3O1N101OO100O2M2N2O1000000010O010000O01O100O10001O01N20O1002cPN\OWo1f002Oh0XO00000000O2DQ1UO\YgR3
20110531070514Th_5,iYYh01oo14L1O0000000O100000000O1000O100O1000000000000O0100O10O01O1N101N1N2O2K4N2N1WOFlQN=Sn1g01O1N2M4M2O1N1N2O2L4I8E:N3IZPN1Th^T3
20110531070514Th_6,UcSe22lo15L2N101N2N2O1O100O1O001N101N2O001O0001O010O10O010O00010O001O01O00001O000001N101N1000000O100O101N1N3BSOdQNn0]n1911O0100001N100N2M3N2O01O1N3N1O2N1O1O1O100O101O0O1000000O1O100O2O1ROWQN311co1N1O001O00001N2Ni\PU1
20110531070514Th_7,Vc]S26io15L2N2N1N2lPNCcn1>[QNCcn1a0[QN_Ocn1d0[QN\Ofn1f0VQN\Ojn1l03N2N1O0010O001O2N2O0OVOWQN>in1_O[QN`0fn1]O\QNb0fn1\O\QNc0Ro1O1OO100O1O1O1O1O2M4M2N1N2O0O2O1N101O2NkN[QNQ1kn1N2O0O010O0001O001N101O1N2O00001O0105J2O1N2O000O0100O00001O01O001O00001O10O010O1O010O0000O101O001O00O10001O00000001O10O010O00100O2O0O1N101N101N3N1O0O2O1O1O0109G1O10O4K10O0000O2O002O1N001O000O101O0O101N101N3N2M2O1O1O01000O01O10OO2O001N2O1hNiQNe0Zn1VOjQNh0hn1N2O1O0O2O2N2M3N2@ePN7do1M101O1N2O1O0O2O00RYTa1
20110603123034Ch_1,oZ\i16ho18J2N2N1SQNBWn1?dQNE[n1P1001N1O1N3N1O100O2O0O2O001O000000O2O0O10000001O001O001O1O1O1O1O10O010O01O01O01O010O11O1O0O2Ob0]O1O00O2N2N1L5L3N201N20O01O0O1N2O101N11O001O1OO1N110O100001N101O1O1O1O001O0000001O0O2O001O001O001O1O2M3N3M<E1OO1O2N2M2N1O2O0O2O1N2O001O2O0O1O010O01O001O0001O1O1O101N0100O2VQNmNcn1Y1001O001O01O000O01O010O001N101O01O0010O0010O01O01O00001O001O2M3`QNcNYn1d1N1O0O10010lQN\Nkm1c1TRN_Nmm1a1oQNbNQn1f1100000000O1O2O1N7I3M2N100O1O1O1O1N2O1N2O010O010O100O0101N2N1O1O01O0010O0010O010O01O000001O002N2O1N100O100000O10O010O001O1O1N2N2O1N101O1O010O02TQN\OXn1f0eQN\OZn1e0eQN\OZn1e0dQN]O6Kdm1h0URN^O01km1b0QRNAO0Rn1^11O001N101N1O2N2M3M4M2O1N2O2]OWQNJkn13^QNAhn1=?O1N3N8HR`[e1
20110603123034Ch_2,n_Rl06io13M3M;aPN_Oin1]1_O3M22N2M2N2L4I7E:M3D<M3O0O3Mf_gR3
20110603123034Ch_3,YcRh14lo11N2O2M3N2M3M4L3M2N100O10000O0101O0O101O000O100000O100001O01O001O1O1O0O2O1N2O1N2N3N01N100O2N101N11O011N101OO10O010O0O2O0N4L3O1OkN^QNm0cn1nNcQNQ1gn1O0O1O1O100O200O001N2N101N101000010M2O1O1N101NfPNJkn17PQNOon1c0N000100O000N2O1M3O1N2O2N100O1O100O10000O10000000O2O000O2O1N5K10N1N2N201N2O001O10O01O0O2N1N201N1001O010O001000O100O10O100O010O010000O100O10O1000O1000O010N101O001O01O4L2O0O1O010O0000100O00VY]l1
20110603123034Ch_4,fcbX35io14L5M6I9H2N2N1N2O2M3N4K8I>B2M2O1N1010O4M1N3N1OO101NUNTRNO5]1<`NC1al11`SNL4a2Zl1cMoSN]2Ql1bMQTN]2ok1bMRTN^2hl10O2O001O010001O1O4L1N2O1N4M1RNXRN2NT1km1dN\RN4M]1lm1`NXRN_1Wn1N3M2O03MN2O1N1N5L6J2L4L3L5J6JjX_c0
20110603123034Ch_5,edZS12mo13N1O1O010O00101N4\PNIWo1b0N2N3Lb0_O208H_NhQN[1Tn1aNZRNY1Vn13M59GK0107H001N>C4L1O010O0007_PN\OVo1i00N2O4NNO2]OkPN6bo1L3MXWSj2
20110603123034Ch_6,\e`f06ho15L2N2O2N50N0O0O0010O2N0O2O1N4M1N101N10ZOoPN<Po1BUQN<kn1CWQN<Wo1000O100O2N2O07J0O00O2O1O0001_OgPN7co1MiXQW3
20110603123034Ch_7,PkVe03lo12O2N2O1N3`PNHSo1f0MO0101O0100O1O100O2N1O3N1N10O001N4M6I2OO002O1N2O2O1O3M0O00O2O0O1006J1O1O000000O100O0010O001N101N2O0010O010O1000O10000O2N2N2N2NXR]V3
20110603123034Ch_8,mY]l11no12O0000000O101O000O10000O010O1O001O001O0010O0001O000O101N1O00100O00001O001N2M3K4O10N200O01O100L4101M3N3M2O001O0O1O101O0O100O0010000O1O00101O1N3NjhPo1
20110603123034Ch_9,bY]V1<ao13N2N1O2M4M2L6oPNVOcn1V1M2O1O0O_OcQNB^n1>fQN^O[n1c0fQNZO\n1e0gQNXOYn1i0iQNSOYn1n0;100O10[O\QNLen13d0010O010O1O1O1N101O1000001O000001N010O100O10001O000O2O0000000000000000001O001O00001O001O0000000O20O00001O0010O0100O10O10O01O1O1O2N_gRd2
20110603123034Ch_10,dZYS24jo13\OKXQN7gn1NnPN9Po19200O2M2OO2001O0J7O1O00M3000001O10N2N101O001O101N10000O101O01O00001O010O01N10O02N102Moghi1
20110603123034Ch_11,caao03ko12N2HKcPN8Wo1;N2N200N3O0O010O100O2O0O1N2O100O11O001O1O010O0O0100O1N200O1001O2M5L2M1O2N1N3H8L4MR_dm2
20110603123034Ch_12,bcek23mo11N2O000O2O0N2N3N1O2N101N2O2M3M2M4QQNVOcn1T10O1O101N2N2O1N2N2O0O2N1O2O0O0010O00000100O1O1O2O0O1O100O1O2N101N2N2N1O2O0O001O10O01O0000010O1Oi\VP1
20110706164014Mh_1,kcVe22lo15M2M3N1N3N1N3O06J1O10O001O2M101O0XQNBnm1>_QNE22_n1R12N1M2O2M2O1N1O2M3M3N7K2M10100O100O101N1O2O1N2N2O0O10O100O0100OgZcW1
20110706164014Mh_2,RoZi21ko1:G7K7J4M8IO012O1O5K5L1M2N20NO1O1N2N2OO010O2N2N1000O001O1N2O0O2O001O1O1O1N3LXoVT1
20110706164014Mh_3,Q\aY23fo18N00010O001N100O1O1OO1001010O01O0010N1O1O2N1001N1O2O0O1001N01O00O100100O1000O101O0000O1O1O1O1O1O0O010O2O10O10O00L302N2O1O01L30110O0010O1N2O100O101N1O001O1O1O010O100O2NWgTa1
20110706164014Mh_4,ibeU25jo12N2O0O3N2N2O000O0100O1O1O0010O011O001O0O1000O100000O100O010O01000O100O10O2I5N3N101N10010O1O^\\g1
20110811121534Ch_1,[]fQ11no11O3M4M0O2N001O100O1O1O2N1O2O0O1O1001O000000001O001O0001O001O1O2N1N2O1O0O2O0001O1O1N1O2N2N3N0O2O0O1O100O100O101O001O000000010O010000000O101O0O2O0O1O001O0O3MYb[i2
20110811121534Ch_2,o_Zl03lo15K3M2N3M6I3001N2O2OeQN@Tm1`0iRNA[m1=aRNEam1;[RNFgm1;URNGlm1;nQNGUn19fQNJ\n1m07H2O10OAUQNIjn14ZQNKfn11_QNMbn1OaQN1_n1MdQN2]n1JfQN6So1O2MW^kQ3
20110811121534Ch_3,gado13lo13M2O2L3N2N1N2O1O1O100O2O001O001O1O1O1O000000\OoPN9Ro1DRQN:on1CSQN>Xo1O01N1000O2O1O0O2O0000001O1O001N110O000000010O00010O01O0010O0001O0O101N10000O11N8Hj]Ul1
20110811121534Ch_4,ic`P28go12O0O1O1O001N3N1O2N3M4L3M2O0O01O01N1N3O101N1O3M4cQNnNem1j1MQNZRNe1fm1WN_RNg1nm1N2O010O0100001N5L2O01O0N2O4K20O3L2N1cNSRNf0kn1H20N5L1N6K1N10O1001O1N2O2M2N4M6]QN_N11Sn1l1L2VRNSN_m1W20O2O4lMVRNh1Sn1O003M4[NkQNV1an1C[QN]O1MMMUn1:QRNG1g0km1_OeRNa0Xm1^OlRNc0Qm1[ORSNf0kl1ZOWSNf0fl1ZO^SNf0_l1ZOjSN`0Tl1_OUTN;hk1E[TN:ek1C^TN=cm1O1N2O1N2O2MPWki1
20110811121534Ch_5,QgjU36go14M1O1N110QODZRN<gm1GURN9km1JRRN6nm1LoQN6nm1OhQN:Wn1GgQN:Xn1JdQN8Tm1ZOPSNOJOb0`1cl1eNkRN5?V1fl1VOVSNk0kl1VOPSNm0Pm1UOnRNh0Vm1ZOfRNc0^m1m03C=M4M4L:F4L2N3N0O3N1]OVQNNln1JQQNJ=6dn1Nj0Md[Qh0
20110811121534Ch_6,UjPo04jo13N001O1O1O0O2O010O010O010O001O001000O1000000000O10000O10O1O10O01O000O101O00100O01000000O010000O100O010O01O010O10O10O0100000O10000O100O01O0010O010O0010O01HHfPN9Wo1:L301N2O0O2OBPQNMPo12TQNLkn14VQNLin14YQNJgn16YQNKen16\QNJbn17^QNJan17_QNHan18_QNHan19^QNGbn19^QNGan1<]QNDbn1>]QNCan1a0[QN@dn1n0O1O2N1N2M3O1OVOgQN0Wn11mQNLRn13RRNJmm17URNFlm1:WRNCim1=[RN^Ofm1b0]RN[OQm1N^RNOOl0e0TOjl1^1f0500O1101O1O3M4L6J3M2M3M3K4N3M2N1N3M2O3IYZah2
20110811121534Ch_7,aiV]31no13M2N2N2N1O2N1O2O000011N1001O000^RNB`k1?^TNCbk1=\TNDek1=cRNFZ1ORl1e0nSN\OSl1c0lSN_OSl1a0mSN@Sl1>oRNXOH;52Rm1;oRNMMJTm19lRN1MIUm16kRN6LHXm13hRNR1Wm1l00100VSNXMZl1h2\SNbMdl1n2[SNkL\l1]30O0101N3M2OO2aMfSNJ16[l1LnSNDK=Zl1GSTNA_OF9P1Wl1EUTNBLg0Pl1YOfSNHb07If0Ql1XOaUNf0bj1VO`UNi0ml1N2N3L8I3L2N3MoR]?
20110811121534Ch_8,UWSR23io18K6J4M2N01O0O100O100O2O0O101N100O10O01O000000001O010O010000O2OO0100O01O10O01O010O1O100O100O010000O10000O01O010O0O2O001O001O01O00010O01O100O10001O001NdiTi1
20110811121534Ch_9,\YWS33jo14M2N2N10N2N2O010000O2O0000000O100O1O1000O1000O1O0N2M4O10O010000O1O2N1O2O0001N1O1O2O010LgPN@Zo1>500O110O010O0000O01O1O1O1O100O101N2Mehhh0
20110811121534Ch_10,R_Wd13ko12N1O2N1O2N3N1O3N0000O1000O01O000001O000O001O1O1K410I]OQQNd0on152IoPN]OSo1a06N3N101OO10O1O10000000000000O1O1000O011O000O1O10000000001O001N100001O0O10000O100O10O01O001O10010O0010O01O01N101M2O101O1O100O0101O0O010O1O1O1O0EERQN<mn1GoPN;Po1:0O0100000000O1001N1O2O001N100010N1G81M201O2O010O01N1000O2L3O2N2O2N1M3N2N20O010O01O001O001N3MSfZR2
20110811121534Ch_11,S[cm26co16O2DGoPN;Po1:001O001O2N1O2N3N2M101N100O100O010O00100O010O001O0010O0010O1000000000O10O010O01O000001O001O1O1O2MmeRo0
20110811121534Ch_12,Zamc25bo1NbPN5in1LaQN<^n1OWQN3in1b00O10000010O00000000O1O1N2O001OETOcQNm0\n1UObQNk0]n1WOcQNi0[n1YOdQNh0[n1ZOdQNf0Zn1\OeQNe0Xn1@dQNa0[n1b01O010O0100O010O010O01GdQNnN[n1Q1iQNmNVn1S1mQNkNRn1U1<1O00O110O01O1O1O10O101N1O1O001O001O000O1KYQNQOin1m07N2N3M3M1O2N1O1O001O1O1N3M4Lk`VW1
20110819131834Ch_1,beTU12mo13M1O100O1O10O01000O010000O10O11N100000O1000001O0O10000000000001O0000000001O0001O01O00010O0000000001O000O1000000000001O00001O0O101O01O00000000000000001O0000000000000001O000000000010O00000010O0001O000000001N10000O2O00000001N1000001N100O100O1O010O1O100O2O000O1000000000000O10O01O1O1O1O1O1O2O0O100O10000O10O010O1000O101N1O1O2N100O1O10O00010O01O010O000001O10O01O1O1N2N2O1N1O2O0O2N1M201O11N100O100000000001O001O10O01O1O001N2O00100O1O010O100O10O01O1O10O01000O1000O010000000O101O0000000N2O1O2O0O10O10001N101O1O001O10O01O001O01O0010O01O000001O0001O000000001O010O01O010O001O010O10O01O0010O010O10O01000O10000O2O1N2O1O000000O1O001N2K5M3N2Ma[UW2
20110819131834Ch_2,bf`Q33lo14La0_O4K4M3N2O2002OOO2N1O002M5L1O0O0O4M1O1N101N101O1N2O1O00000O10O01O1O001O1O1NcWok0
20110819131834Ch_3,hf\T3310go17M3N1O1O10001O100O2N0100O2N1N101OO010O2O1O01O00001O10000O0O1O1O1O1O1O001IXPN4lo1MnWUi0
20110819131834Ch_4,[j^e086LSo1g0I5kQNSOQm1X1_RNJel1S2D4J5M3M2D;N3O0O1M3NYNeTNmN[k1h0ZUNoNSj1nNWUNW2l0hNmi1c1XVNXNii1R1VUN^NT1=fi1T1ZUN[NS1?bi1V1_UNXNQ1?ai1V1cUNXNn0a0_i1R1aWNlN`h1g0oTNnNd29^h1h0oWNVORh1i0PXNUOPh1j0SXNTOmg1k0VXNTOhg1m0ZXNQOfg1o0\XNoNdg1Q1_XNkNcg1T1d301N1[OUQN6ln1HXQN6gn1KYQN4gn1L[QN3dn1M]QN2cn1O]QN1bn1O_QN1_n11bQNM^n14bQNL^n12eQNMZn13gQNK[n14gQNJYn16hQNHZn17hQNGYn18g001O00001O01O001O0O101O001O000001O001O0O10000000100O100O010O10000O1001O001O010O01O001O000O2N1O102MTY]T3
20110819131834Ch_5,YknP25jo13N1O1O10O0100O01O00001O0001O01O0000O2O001O001O1O2N1O1O1O1O1O100O010000000O101N1O2O1N2N3N0O1O1N2O1N2O1O1O2N100104K1lNWQNo0hn1nN\QNR1kn1N5K2N1N2O01O000001O01O0O101O001O1O00001O08H2O0O2N1O0O2M3MUR_i1
20110819131834Ch_6,[^oP12mo14L2N110O0O10OO2O00101N102N2O0O1O10010gPN_O22O1Yn1\11N1O1O1O0O2O1N3M3M3L3N2K6J6K4JWahl2
20110827141254Bh_1,RdZf05io16K3M2M4cPN@To1i0N1O011O7H10OO100O2O0O1001O1O001N0O2O1O1O0O3M2N2O1KlPN\OVo1b05O1N2O2N2O1N2O001N100O100O2N1Oo[gV3
20110827141254Bh_2,Sh`Z32lo14M2_OJVQN6KM_n12aQN5LLan1S1N2N1O2M3N3M4M52K0O00O0101N7J2N1N2O1O2N3M10002NVQNoNcn1X10O100O1N100O1010000O01WQNnNen1V102N01N1O1N2O1O3N0O10O000000102N01M4M1N2OO101O0000O20O1O1O1O11O1O2N0000O1O1001O11NO1O2N3N00O10000QQNYOdn1f0WQN^Ojn1l00O2OO05MnPN\Ofn1o00[OYQNOln1IYQN6OBQo1?kPNBVo1d01N2N3N1N4M2O4K20N45KaQa>
20110827141254Bh_3,Uhbc11oo12N2O1N1000O010O100O010O01O10O0101N2O1N010O0100O100O0101O000001O0001O000O2O00101N1O010O1O21NlPNAen1?UQNGkn1f02M3L5K5IZVSY2
20110827141254Bh_4,Xl`R24lo12N1O1O1O2O0O1O1O0010O01O1O1O001O0001O102M2N10O01O01O002N10O01O01O0000000010O000010O010O101N010O100O0010O0010O10O10O001O00001N1000O1000000000O100000O100O10001O01O010O000000O10O11N100O1O1O01O1O101N1010O000O010N2O1O1O1O1O2O0O2O011N11N3N1OO01O00001O00100O11N2O0O010O01000O100O2O1N1O1O100010O10O3M2M101O2O0O02SOoPNf0Yo1NhPN^OPo1l0NN2N2M2O1N2N4K7I5I[QUc1
20110912142254Bh_1,g[ZX26go15L3M3L3O2N1N2N2O1N3M2L5QOPOiRNS1Tm1QOgRNT1Pm1VOjRNn0Sm1WOfRNo0Rm1T1L4O2O1O1WSNRM^l1[3M10iMfSNi0Yl1QOlSNn0Vl1lNSTNm0Sl1kNTTNQ1Ql1dNXTNX1mk1aNWTN\1[m1J5L3M4M3L4M2M3N1O1N3N3L5K4LXcmd1
20110912142254Bh_2,Ydlg13ko13M200O010O10O0100O1O1O001O01O001O00000010OO101O0001O010O0100000O010O10000001O0000000001O0010O01O010O2N2O2M1O2N1O1O1O100O20O3L2OO01N10O10OO2N2O1O1001N7J2N001O001O01O001N101O001O101N2N2gPNZOTo1k0M2O1O0000UOVQN`0Yo1L2O1N10000000000O1000O01OPQNGYn19eQNKZn14fQNLZn15eQNL[n13eQNM[n14cQNM^n12bQNN^n14_QNNan12\QN0en11VQN3jn1a01O1O1N2O001N2O1M3N2N1O2O0O20O010001O1O3M1O1O0O100O100OnYin1
20110912142254Bh_3,PdV_24ko14L2N2N1000O1O100O100000O10000O1001O001O00000000010O01O0010O01O1000O01000O101O1N11OO010000O10O010O01000001O01O100O001O000O10O010O101N2N3N1O1O0O0100O002O0O2OO2O0O1O01O00000001O001O0001O001O000001O001O002N1O1N2O1O1O1O1N2O2N3MO1O1N3O0O9H2N1O100O100O01000000O010O0010010O00010O001O001O0O100O10000O11O0O2O001N100O100O01001O010N11O000010O0000O10O10O02O1N1O1O2O2MPQNLVn14dQN2[n10_QN4an1NYQN5hn1b01N2N104XOkPN;_o1O0O1O1O010O001O010O1O2MZW[T1
20110912142254Bh_4,]dlg03ko15J6L9G3M3N8H100001O:F1O1O3L3N2N10000O0001O01O00000O10O10O01O011N2M7fPN[Omn1o0M2`QNmNnm1W1mQNlNRn1V1jQNmNUn1_10jNPRN<Pn1[O[RNc0em1[O^RNe0am1YObRNf0^m1XOiRNd0[n10O102O0OO000O3N4K2O10O2N0O02N1O1O1O001O0000O11O00001O0N2N3M\X]S3
20110912142254Bh_5,`nn`27om1OcSN3]l10^SN2bl10[SN1fl13USNMml13QSNLRm14kRNMVm14QRND<8em1`0VRNBlm1>PRNDRn1T12N100O008I2M2N2O2M3L4M2N2M<D4LaQ]]1
20110912142254Bh_6,`]c\24jo15L4M1O2M101O0O100O101N010O10O101O2N1O001O00O100N2O1O1002N1O1O001O01O00O100000O101N1O2N10000010O001N2O1O1N101N2O001O0O1000001O0000000001O0010O01O01O0O2N2N4KYb^^1
20110912142254Bh_7,daiT21mo16K2N2N2O0O10O010O001O01O001N2O1O1000O1O100O10000O100000O100O1O01N1010O01O01O010O0O1001O0000O1M2N3O2K4HXOTQNk0mn123M2N3N2O100O11OO010OO001O010000O100O2O0O1O1N2N_OF`QN:`n1NXQN2jn1a01O1O1O100N2O1N101O1O001O1N2M3N2O100O1O10O01O01O010O01O1Nca^d1
20110912142254Bh_8,Xbif14jo12N2AJQQN9nn1<O2N1O1J6F:O01N2N3M3N2O1O2M2O2N1M4M2O2N1O2N1O2N100O101N1O2N2NP_PW2
20110912142254Bh_9,^f]`11oo100001O00001O0O101M2N2O2N1N2O2M2O1O2O01O100O1O10O01O01O01O101N1O010O001O01O000010O0010O0000010O00001O0000010O00000O2O00001O000O101O000O101N10000O2O0000001O0O100O2O000O100O001O1O010O010CROgQNn0Zn1TObQNm0_n1:1N2O1N101O00000O2O0O100O1000O010O1000001O000O100O010O1O1N1O2O100O00100000O10O010jNnN]SNS1bl1ROmRNKGT1\m1TOeRN]1[m1c01N1O2N2N2O1O1N2O1O2L3M3M4F:TObQNMgn1OaQNGjn1MV\jU2
20111015063134Lh_1,WbRh04ko12N2O2O1N3M2N2fPNFjn1i0N100000O101N1O100O20O02O0O02O3K4M4L3M1O1O10eN^QN:1?en1]O_QNb0`n1^ObQNa0^n1]OhQN>Xn1BlQN;Tn1CoQN=Pn1ASRN>in1OhPNGf1Nnj1<YSNI]1L_N3jl19VSNK`0G5c0Vl18\SNCIF2d0il14VSNQ1jl1T1OO1O001O0ZMWSNU2il1iMQTN_1Pl1^NTTN0PO03i0il1VOWTNM_Oj0Zl1XORUNf0oj1XOSUNg0Um1O3L2O10O3NO0FgPNLho1O00O10O0010O010O01001O0000O4N01ZPNNXo14cPN0]o1;cPNAUo1f0ON5H7L3M2N\XeR3
20111015063134Lh_2,ibPP38ho10O100O2O00100O10000010O1N2O0O0010O010O010O01O000010O000010O100O0100O01O010O01O010O010O01O000001O00000000O1000000000GKfPN5[o1LdPN4\o1N`PN4_o170O01O1O1O100O100O1O0010000O10O01O1O010O011O0O2O10O01O1O1O2N1O2O1N101O0O10O001O101N1O1O001N2O1N2O1O2N010O10O0100O1O010O1O100O1O10O05J3N1N101O1O2N2Nm[_g0
20111015063134Lh_3,RdjR22mo12N1O010O1O101N1O100000000000000000001O00000010O000000000000000000001O00001O00001O010O010O001O010O01O0010O01O1O1O10O0100O01000O010O010O001N2O0O2IBhPNa0Vo17M2O1O100O10O100L4M202M2O100O10O10000O01O1O1N2M2O2O0O20O010O100O1O101^PNE[o1a00O10O010O001O0010O01O00000000000010O0O100000001O001O00001O01O0000O10O10O100O2O00000000000000000001O010O1O1O1O001O100O1O00LgPNAYo1=600O100000001O00000010O0000000010O01O10O01O01O00000010O00001O01O0010O00010O00100O1O0010O00001O001N2O001O000000000000000010O0100O001O01O01O0O2O00100O02O03L2NRZa]1
20111015063134Lh_4,dhPm03ko17K3L3N1N2O0000001O00O01000000O2O0O2N101O0100O100O1O010O01O0oPN\Ogn1d0WQN]Oin1e0SQN]Onn1j000O2O0O3M2N2N10nN`QNe0_n1XOfQNf0Zn1WOjQNh0gn101O001O00001O000010O02[OiPN?]o11M010O01N1O1NAD^QN<`n1I]QN6cn1MZQN5dn1NZQN2en12VQN1gn1f0O0O200O01hN[QNT1jn1N0O2GUQNZOln1d09N2N2O1O1O1O2O0O10O010O0000O2O1O0O2O1N2O1O100O1O1OUWal2
20111015063134Lh_5,VjRU14lo12N2N2O0O201M4M3M1O000000O101N2O0O11O1N10O01O00101O101N5L4MN10O103OM2O010ObQNTOhm1m0QRNUOQn1\11N2N9G3M3M5K3N2M2O5J3N001O00000001O00000001O01O001O0O2O000001L4L4MWS[f2
20111015063134Lh_6,oUmj03ho19J6L2M2O0O2N2O0O2N1KTOTQNP1hn17N2M4M1N100OXOhQNJXn14lQNJTn15nQNJRn1JhQNK7;Rn1D_RN;cn110O010O00001O00000001O000001O1O3M2N001O0001O001000O10O10O00O100O10O100O2MXiZQ3
20111015063134Lh_7,lUoa02no13M3M3L010O010O100O100O100O100000001N100O1O2O0O2O0O1O2O0O100O1O100O101O001O00101N100O1O100O1N2O0O2O00000001O0\OZQNNgn1GeQN7[n1GhQN8Xn1FkQN:Un1DmQN;mn1O1O2N4L2N2M\ilY3
20111015063134Lh_8,YZQd25ho14N1N3N1O2N10100O00000iPN@on1`0PQN@Po1`0oPNCon1?mPNFPo1e00O1000000O2O000O2O0O2O1N3IfPNC]o197O1N200O010O1O1O1O1O001N1000\eVY1
20111015063134Lh_9,naST24lo11N2O010O001O2N1O1O00001N010N2M30001O001O001O1O1O01O000O1000000O1000O100O2N1N2O10O0100O001N1M3010O100O100000O101O0O101OO10O01N101N2O010O10O0100O10O100000000O11N100O100O101ZOnPN<]o1M101O0O1O010O01O001O0000O2O1O0010O01O01O001N1I8L4O1O1O010O01O0O01N201O010O1O100O1O1O]OWQN1gn1O]QNObn12`QNL`n13aQNL_n15bQNJ_n15aQNK_n14cQNK]n15cQNK]n14dQNK]n15dQNJ\n15fQNH\n18f0KT`Pc1
20111015063134Lh_10,YaQ`11no13N1O1N101O001O1O010O002M5L1O1N2O2O100OO10O01O0000001O0010O0110L3N101N101O0001O000001O1O0O2N100O101N100000000000000O100O2MY^R\2
20111015063134Lh_11,nbal14jo13O0O1000000O10N110O10O010O1O2N1N2N2H9M2O10O2O002N5L1N001O0FbPN2^o1LfPN2Zo1NfPN2Zo1MhPN2Xo1MiPN3bo10O1000O010O100000001N2NU]`P2
20111017113714Th_1,m^`U13ko18I3N3M1O1O10000101N1O1O10O100O101OO0001O0O10O100O1O100O1O1O1N1M4M3M4NQ`Wh2
20111017113714Th_2,obj\2S16nN[n1c1YO^NYRNT2`m18J6K4I8M2O2OVNPTNnNVOM71dl1i0TUNSOmj1g0Y2N1O2M2O0O2O1O2N101O001O001N3M2Nf^]a1
20111017113714Th_3,UdXn25jo11O2N10000O10001O0O1000000O10O1001O001O010O00000010O00O101O01O0000000000000010O00000010O000001N10001O0000001O00000010OO2O1O1N3N2N1O1O001O00O1L4N20O011O001O1N2O1O1O2N1O2N000000M3I8M2M3N3O0O2O001O00010O01O10O0100O2N2O0O1O00100O0010O010O01O0010O001N10000000001O1N2O1O1FaPN0`o1NdPNOlZ[i0
20111017113714Th_4,hiTf15jo12N2N2N1O2FFjPN<To1:L3O2O101O01O8H2N1O1O1O1O3M10O0000001O0O2O2M101N2O1N101N100@YOeQNh0Zn1ZOeQNf0Zn1[OdQNg0[n1[OcQNf0]n1[O_QNh0`n1>N2OO01OO100O1O1O101N1O2N2I6N3M3O0O2O1O1O001O000001O010O010O10O100O010O01O01O01O01O000000000000001O10O01O001O00001O0O3N1O001O1O1O1O1O001O2N100O100O1O2MjT_R2
20111017113714Th_5,kPUm13lo13N1N3N3L10001N10001N102N2N1N2O00O1O010N100000001N3N101N2O2N2N2N1O100O1N2ORo^P2
20111017113714Th_6,`TYj25jo12N3M6J5J3N2N2N3L3O1N2N3M5K3M2O2M3M3N1N1O1O1N1O2N1iNZN`SNK8l1Vl1kNeSNW1Zl1W1010O1O1O0O2N001O1N2jNZSNROhl1l0\SNiNHBol1a1]SNgNJDPm1^1ZSNiNUm1S1oRNgNUm1X1k0N1O1O2L3H9M2O2N3K9H4M3LVmVR1
20111017113714Th_7,QWkZ34ko12M2CJnPN9mn1?00O1O1O1O2N1O1O1O1O101N1O1N1J7N2O1O001N1100O1O1O2N101L3M2M4M1N2ZOYQN4in1K[QNOin10XQNLkn15?010O10M2MjjZb0
20111017113714Th_8,nUSf14ko12O1O002N001O100O00001O01O010O010O01O0100000O2O0000000O10000O101O0O2O1N2N3M3M2N100O12N;F5J1N101N2L5KdhfV2
20111017113714Th_9,fach22mo13M2N2N3N2M3N0O2O00001O000001N100000O100O1000000O10000000O1000000001O00O1N2O100O10000O001O001O0010O001O0010O1000O010O1N2L4M3O1O100O11O0O2O2M3N001O00000O10001O0O100O010O01O1O1O1O1O1O002O0O1000000000O100O001O001O001O00010O001O10O01O00O1M31N1000010O100O100O100O1O001O0010O000101N100O100O1O100O2N2Nl_Tn0
20111114063134Lh_1,j]`m01no11O002N1O3M2N2N2N2O2O0O1O2O0011O0N0100O1101N1N1000O010O1O10O1O1O1O001O00010O0100O01O01N101N2O001O100O2001O00O3M3L1000O001O1N3N2M101N11O002N7I0010O001O0O100N2N1O2O1O1O1O1O1O101N101O01O001O00O010O2N1O101N101O0O100Oo`ik2
20111114063134Lh_2,]b^j23ko13N1N101N10000001O00000010O001O001O1O001N2L400O1O100O0010O01O01O001O001M2O2O1O001O100O100O100O1000000000O101O001O001O0000N2O1O100O101O0O11O00001O01O01O000001O01O000000000010O00001O001O010O01O010O2N4M0O100O100O0102M2N1O1O001O01O001O001O00000O10O01O0010O0010O0100O10000000001N101N2N1NZ^el0
20111114063134Lh_3,ea^V14a01dn11XQN3fn1OVQN4jn1NQQN5nn1?002N2N1O010O001O1O0O2O001M201N1010O0000000000010O001O1O001O1O1O00100O0O3N1O1O1O1O101N10O001N1O1O101N1O001O101N101N101O1N101N100000000001O001N2O0N3M2O2N2N3N1O11ROoPNk0To1O2O0O4L1O0001O4L1O0O01O01O010O2N2O1N^OQQN5nn1HVQN7hn1H[QN9cn1GaQN8\n1GgQN9Vn1GmQN:Pn1FQRN<mm1BVRN>im1@YRN`0dn11O02N10O00O1O1N2O010OO3N2M2N2M3N2N3M20XOUQN:kn1@\QN`0So10O001gPNAnn1m0L1ON2O0O2M2O1O101N2O1O1O0O2O0O2M2O1O100O1000000000010O10O0100O100O100O2OO10O10O100O011N100O100O1O2O2M4M0O10N100O1O1O1O1O100O1O10O010O10000O100O2O0O2O0010O0010O01O010O010O010000001O0O1O100O01001OO100O1O0100O1O010O10001O001N10O011N1O10000000O1O010O100O010O010O01O10O001O001O001O01O010O001O1O1O2N2N2O1N1O1N100O10N2N2N2O100O2O01O00001O001O@gPN:ao1N010O01000000O010O1000O10O01O101N20N100O100O010O011^PNE[o1b0O000O10O10O01O0010O00010O0001N10000O1000O1000O1000001N102O0O1O10O0100O10O0100O010O010O002OO01O100O001O010O000O2O`WYQ2
20111114063134Lh_4,jd`h22mo12O2N2N1O0000000000000000001O002N2M4M1O1O00001O001O000010O010O01O10O0001O002N1O01O1O001O0O1000010O01O01O010O010001hPN[ORo1S1G0O100O100O2[QNhN^n1]10001O00kNcQNi0[n1QOmQNn0Qn1QORRNo0mm1oNVRNQ1im1nNYRNR1[n10O10000O101O0O10YOYQN4in1G[QN7gn1GYQN:ln1^OWQNb0So1100O11O2M3N1O000O3M2MiX]Q1
20111114063134Lh_5,Ug`_24io13L3O2O000000O02JEePN;]o130N3N10001O001O00010O01O001O10O01O1O1O10O0100O100O010O1000JcPNH]o17gPNFZo19601O00010O010O0001O001O010O001O010O1000O01000O0100O01O010O001O010O100O1000000O10000O100O10000000O0100000000000000000O10000O10000O100O0100000O1000O100O100O100O1000001O0001O001O01O00010O01N100010O1O100O0010O00001O010O000001O10O01O1O1O1O2N\Z_V1
20111114063134Lh_6,jSQ_12mo12N100O10O00100O010O010O0010N1L5O1AJnPNMN;Qo1?O2O2O0O1O100O100O1O010O0010O0O101O10O[OTQN7mn1GWQN5kn1HYQN5in1IYQN6hn1IZQN5Yo100O1O1O1O1O001O00002NUmb]2
20111114063134Lh_7,c^oS34\o10nPN2nn17kPNKQo1d0O1N2O1O00O001I600001000000000O2O0N2N2O2O0N2O100O11O00000000001O001O001O1N1000000000N2K401001N101N1O2O0O2N10O01OO2O1N2O2N11O0000O10O100O2OO11O000O101N10001O0001O00001N1010O010O1O001O0OO2O001O01O2O001O001O01O01O00O1O1O00N2O0100010O10000000000O101N1N3N1O2O001O010O010O0001O0000O1O00000I43N2010001O001O001O000O01O1O1O001000L4O10O001O100O2O01O00OO2O0O002N2N2O2M2N3M2N2N2N1O2N1N2O2NfiP`0
20111114063134Lh_8,]___22lo14N00100O0000010N10000000000000000O10000O10000O01000O100000000O10000000000O100N2N2L40O0100000000001O0O101O0O100000O100O100O1O10O01O1O1O2N1O2000O3M2L3M3O0O2O0O10000000O01000O010O0100O010O010O01O0O2O0O2O001O00100O001O1N1000000001N10_O]OeQNd0Yn1b00000001O000O2O001O1O1O001O2M101O1O001O0O2N101N101N1O0000N200O2O01O0010ON1O20N2N2O2K300O2O10O2M3M3N1F;N2O2O2MkdhU1
20111114063134Lh_9,W`oT12lo13M2[OLZQN7en1LXQN5fn1OWQN1gn15UQNKkn1e0O001O0101DUQNAkn17RQNG\o185001O1F:DZO_QNf0]n1A_QN`0`n1`0000O10001O01O001O0100hN[QNT1kn1N001N10000HRQN^Onn1`0VQN^Ojn1a0XQN^Ohn1a0ZQN^Ofn1a0=O1O100O2O0000000001N100O10O010O1N2N200O2O0000001O01O001O001O0001O0O100000001O0000000O1000000O1000O1000000O101O0O010O100O1O100O010O10O01O1O1O1O0010O00100O010000000000O100O1000000001O00001O0JdPNH\o16hPNHYo17hPNGYo18800000O02O001O00001O0001O000000000001O00001N2Ngbh`2
20111122063134Lh_1,T\bn22mo13YPNOVo1NePNb0Yo15N2M7XQNUOnm1a1N00O1O0O2N2M3M3N2L3N3O1N2O1N101HQQN\OQo1a09O1N2O1O001O1O1N2N2N2M2N3OVcSo0
20111122063134Lh_2,WcTU13lo13N2N1O01010O0O100O1000O100O010O010O0100O1O100O1O1O1N1001O010O0100O101N1kPNAgn1a0UQNCin1l0N2N100O0001N1O1O1O1O1O2N1O2M2O101N101N2O1O100O01000O010O01O101N100O100O00001O0101N1O1O1O1N2O100O0101OO01000001N8I1O0O01O1N101O001O1O1O1O0010O01O1O1O001O1O010O0010O001000O2O000O1000O100O2O2NO2N100O1001O3M4L4K2O0O101O5K2M200aQNmNom1W1hQNnNYn1]10O2aNfQNS1gn1L2O0001O206I00O001N2QOXQNb0kn1YOYQNd0So1M3N3N1N3O1N11O01O1O1O000O0100O010O010000O1O100O010O010O010O01000O10000O010O010O010O010O01000O100NPW]]2
20111122063134Lh_3,bd\l03mo11O00001O00001O000010O000001O010O001O100O1O1O10O01O001O000O2O0O2O1O1O2N5L1N1O00L4N200O2O0O3N1N2O1O0010O0100000O10001O7H10O1O010O1O010O02O2N001O1N10000001N010001O1O100O1O1O0001N2N2O2M2O1O10O01N2O001O0001O1XQNBkm1`0oQNEPn1?fQNF[n1P110_QNTOkm1b1O0O2O4M\O^RNiNdm1K[RN3OO:2lm1HSSNMXUal2
20111122063134Lh_4,\ePX25ko11O1O10000O101O0O2O2M2O1O1N2O3M3N1N101OO1O0O11O1O1002O0O2M3M3N3N04KN2O001O01O100002M2N1O100O00002N1O0O100O001O00000000O010O1O100N110O0010O010O010O01000O10O100O010O0001O000010O010O01O00100O01001N100001O00000O100O10O1000000O010O0100000000010O010O10003N_PNKUo15iPNLWo14gPNNXo14dPN0[o1;001N101N1O1N2O1N10100O100O10O100O010O100O1O001O0001O0O2N2MdWQ^1
20111122063134Lh_5,ffVc29fo12O1O1O1O0111M2O000O0010O01O0010O0001O001O0000000010O0000001O0010O00010O0001O01O00001O0001O00001O001N10001O0001O100O10O2O000O100O100O100000O1O00100O1O2N10O01O10O010O010O0100O100O1O1O1O1N10lWkV1
20111122063134Lh_6,of`i01jo1:J4M3M1O2O1O7KN1N0101lPNVO5<Sn1Y1[SN^Nkj1b1bTNRO\k1n0_TNWOdk1g0VTN]OPl1`0gSNE`l1h19kNoRNiNYm1S1l0M4K6H<F8H6IiWkT3
20111122063134Lh_7,RiXc05jo11C0hPN3To1>02lPN\Oin1Q1M4L4L3N1OO1O2M3jNeQNa0on1O0O1O002N2N3M2N100O10000O1000000001O0O100O1O1O01O1O10OO2O00O02N1N3N`UgY3
20111122063134Lh_8,ajdT34lo12N1O2N2N9G100O1O2O1O1O2N14L0OVQN[OXn1f0aQN@_n1b0[QNBen1l01O1N3N2N2N2O1N2O1O0O101O001O002M2^OdPN<\o1BhPN=_o1N2O0O10O0100O001O001N4M2N010OO20O\Sog0
20111122063134Lh_9,\nji19eo15L3N2N1O2N1eQN[OYm1g0dRN]OZm1d0cRNAZm1`0dRNB[m1`0aRNC^m1>_RNE`m1f0RRN]Onm1[10O1O100O101O0001N2O00O100O1000O011O1000O0O1O1O1O5J6K\SNcNgj1[1XUNgNhj1X1WUNiNjj1V1UUNlNjj1T1TUNnNmj1P1SUNQOmj1o0QUNTOnj1k0QUNWOPk1i0mTNZORk1f0XTNjNFc0Ql1d0VTNPOB?Wl1c0STN4g0eNQ11Rf1Z1mWN7=_NZO;U2GWf1\3VXNZM^1]O[f1]3RXNYM8SO7>_g1X3nWN[M7SO9<bg1X3iWNWNa0cNhg1_5UXNbJlg1_5QXNbJRh1^5jWNbJ_h1[63M3M5VITWNW6_i1K5K3M3L4M6J3M4L3M2N2N2N2N3L4M>]K^TNe22YNkk1b1[TNZNgk1a1_TNkM_O7Sl1k1aTNkM@7Rl1Q1ZUNeNlN4Ul1j0dUNROaj1f0a2J5M2N3L4Lkl`P2
20111122063134Lh_10,RZoa23lo12N2O0O1O10O01O1O1O1N200O01O010O010O1O1O00100O001O010O00010O000000O101O000O2N1O1O2L3O1N101O01O1000000O2N100010O001O001OLgPNAnn13WQN<ln1=O01000001O0M3N3M2N2O2N101N2O0O2N3MRhPY1
20111122063134Lh_11,R[eg12mo12O1N2N1N2L400O01O2N1O100O0010O010O0000010O010O010000001O000000O10000000000000000O10000000O10O100O10O10O1000000000000O10000000000O10001N2N_enS2
20111122063134Lh_12,b^cb22lo16J3O2M3N2N2N1O1O1O1O0000000000001N10000001N1000000FjPNJUo15oPNJPo15RQNJmn17TQNIkn16XQNHhn17ZQNHfn16]QNIcn16d0O2O0O2O1NcanZ1
20111124153054Bh_1,RbhW15j11ok12mSN5mk1NnSN7Pl1JnSN9Ql1HmSN:Ql1GmSN<Ql1EnSN=Pl1DoSN=ok1EPTN<mk1GRTN;ik1IVTN8fk1LYTN6ck1NZTN4ek1MYTN6dk1MYTN5fk1NVTN5gk1ORTN7lk1o1O2N2N101N1O2N1OXOUTN]Mik1^2`TNaM^k1\2hTNbMVk1]2oTNaMPk1]2TUNbMkj1]2XUNbMgj1^2[UNaMcj1_2`UN`M_j1a2bUN^M\j1c2fUN\MXj1W1hTNGQ1POWj1X1lTNEcl18cSNG\l18hSNEXl18mSNGSl17QTNFnk1;UTNCjk1>YTN\Oik1d0\TNoNlk1R1`10010O01O1O1O1O1O2O0O2N101O0O20O010O010001O01O001N2N3M2M4K4M8QOnPN`0_o1IR_]c2
20111124153054Bh_2,lbn[34jo13M3N1O2N2N2N2N101O1O1O1O001000000O10001O001N101N011OO11N101N100O1000000001O0O6K3M1O1O00000000O10001O1O01000002M1O1O0O2N2M3N2M3N[[o?
20111124153054Bh_3,WcRo13mo11N101O010O001O00001O0O2O001N101O1O001O1O0010O0000010O010O00010O01O010O01O01O01O010O00010O00010O0010O01O10O010O00100O1O010O1O010O10O0100O10O10O101O000O2O1N2O00O0100O010O1O010O10O0100O0010O01O000010O0001O010O0000001O001O00001OO1000O11O0O1000001O00010O001O0010O01O001O010O001O00001O10O01O000010O00010O00100O010O00010O01O010O010O10O01O001O001O001O1O001N1010O01O10O010O1O10O10000O100O10000O100O100000000O10000000O1000O2M4KQZic1
20111124153054Bh_4,ocbg11mo15M1N2O1O1O1N3N2N4L3M2N1O10O010O01O010O01O010O00001O010O0010O01O001O001O1O001O1O1O1O010O1O1O1O1O10O01O100O0101N10000O2O1O1O10O01O100O01000000O010O010O0100O0010O000O10O100O10O10O10000O101O1O010O2O1N000O2O100N2O100O10O010001N4L2N4M0O5L2N9G8H3L3>A0O114I6]NgQNS1gn1L5L1N3N1N2O1N3M1O1O1N100000000000000O011O0O1O1N2N3LfUkn1
20111124153054Bh_5,\e^b16io1:G3N1O0000100O1O2N101O01O100O01O000001N1O1O1O000000000O010O1000O1000O2O0000O2O1mPN^Oen1P1O2M3N2O1N100001N7J2M3QOnPN00f0[o1M1O1O001O001O001O1O010O01O001O01O000O1O2M3LkVkX2
20111124153054Bh_6,Qh`k21no12O2M3M3N1O2N1O1O001O1O10O0001O00000001N10001O1O00100O010O010O10000O10O01O1O1O2N1O1O1N2O]WeQ1
20111124153054Bh_7,bhnZ15io15C=M2O1O4L1O1O1O1O1O1O1O1O00100O10O0100O08I1N1O1N2O0O2O2N1O1O001O000000001N101O00000O00100O001O001N1000001N100O10O10O100O010O010O010O1O010O00100O010O100O2MmUS`2
20111124153054Bh_8,Yh^]22mo13M2O1O1O1O00100O0100O0010O0100O10O010O0100O010000O10000O10O0100O0010O01O1O100O11O000O100O1O1O100O1O1O100O002O0O1NfVm^1
20111124153054Bh_9,bmZg29go12N2N3M2O001O00000001O1N100000000001O2N1O2N2N6K3L102M2O1lSNoNTi1V1eVNmN[i1V1^VNnNci1R1XVNQOii1Q1nUNUOSj1k0gUNZOZj1e0bUN_O^j1a0_UNC`j1=]UNHaj17\UNNcj12YUN2gj1OUUN5jj1KSUN8mj1InTN;Qk1H]TNg0dk1k100000010\TNRLSk1a41N3L<IL9F01N2N10013L<C6J1O1O0O101O0O2YNnSNSNHV1\l1>ZTNiN]O1[l1o0dTNdNXO<[l1HbSN=^1Jlm100O1O10O010O01O010O000010O000001O001O2N1NejlR1
20111124153054Bh_10,_\]V24ko13M3M3N2M3M3L6J4L4N2N1O200O11O0O1N2O1O0O2N`0@3M2N3M4Jablg1
20111128175514Mh_1,Z_^S13ko14L3N1O2O1O001O1O0O3N002M2O1M4M2N3N1O001O1O010O01O001O0010O01O10O01O1O010O1O001O1O1N3N1O001O1O001N2O001O0O100001O01O01O0010O01O1O10O010O10000O1000O1000O010O01O01O010O1O001O0O2N2O1N1010O0100O0O2O1O001O1O1Nc_Sf2
20111128175514Mh_2,P`Xf22no10O2O0O100O010O10O0100O1O100O1O1O1000001O000O101O000000000000000000000O100O1N3N100O1N2N2O1O100O010O10000O10O0100O10O01O1O1O01000000O10000O100O1O1O2O0O100O100O10000O2O0000000000000001O00001O001O1O1O002N100O1O001O01O01O00000010O000000000010O000000000000O1000001O010O00001O0001O00010O01O001O001N2O001N2O1M4N1N2N2N[`oo0
20111128175514Mh_3,\aZc28go13M3M3M6J4L3M3kN[OjRNh0Sm1\OiRNg0Tm1[OiRNk0Sm1WObRNT1\m1j0N0O2O000O2O0O100O2OgNmRNERm19XSNAgl1=]SNAcl1=aSNB^l1;eSNFZl16kSNKSl13oSNO5ROcj1n0YUN2KZOij1c0^UN5^OBRk19`UN8XOCXk13aUN`1^j1_NcUNb1]j1]NcUNc1]j1[NeUNf1[j1XNgUNg1Zj1VNhUNj1Yj1SNiUNm1Wj1oMnUNQ2Rj1kMRVNT2ni1hMWVNV2ki1gMYVNV2kk1mMZRNf1Sn1L4L4K6gN_^eY1
20111128175514Mh_4,Y`Pm12lo14M2N101N1O2O0000001O00000O2O001O1O0000000001O001O1O001O1O10O01O100O1O010O01000O010O0100O0100O010O100O010O010O01000O01000O10O1000O1O100O2N1Nl^an1
20111128175514Mh_5,Rd`Q3`03Mjn1h0N2M2N2N3M3M4L5K2N2O2NiNVRN:gm1EaRN7]m1GgRN9Wm1FkRN;Sm1DPSN`0il1_O[SNa0cl1^O_SNb0`l1YOfSNh0Xl1VOlSNh0Tl1WOoSNi0ok1WOSTNh0lk1WOVTNi0ik1WOYTNh0fk1XO[TNh0dk1XO]TNh0bk1YO_TNf0`k1ZOcTNd0\k1\OfTNb0Zk1^OgTNb0Yk1]OhTNc0Vk1_OjTNa0Uk1_OlTNa0Sk1_OnTNa0Qk1@PUN?oj1ARUN?mj1BTUN>jj1BXUN=gj1DZUN;fj1E\UN9cj1G`UN8oMCPl16RVN7jMFSl14TVNb0li1^OUVNa0ki1@VVNNhMMSl16VVNIkMNPl1:W30O001N2O1O1O1O001O000O10001O00O100O1N200O2O1O100O101O1O1O0O0100O010000O100O011OO10001O000O2O0O1000000O2O0O101O10;E02OO1O00O001N10000O2O000O100O10001O000101N1O4L3M3L2O01O1O6J4L1O010O00003M3N0O1000O1O20N3M1O10O1O1O101N001O1N2O2N1O1O2OO0ROUQNf0To102M1N2N2M6I5KZWec0
20111128175514Mh_6,[el]17io11O1O100O100O1O100O2O0O01000O10000O101fPNLen1i0O00O100000000O101N2N2N2O1N3L3N1O1O2M2O1O101N100O10000O10O1000000O01000O01000O0100O010000O100000O10O10O1O2O0O2N2M^XY]2
20111128175514Mh_7,[gVk24lo11O2N101N3M2O1N2O0O1O010001O001O1O10O101N1O3M3M4L3N2M1O100O12N00000O1O4K3N1O1O1O0010O01O1O10O01N1000000000010O000001O00001O0O11O0010O000000000000001O0000O101O00000O101O0O101N2O0O10O10O010O10O10O1000O1000O0100000O010O010O001O0O1O1N2N10100O101N1OdTSm0
20111128175514Mh_8,ig`S32mo12O1O1O1O2N2M200O001O001O1O010O10000O10001O001O0010N110O00O11000O100O10O1O1O1O100000O10O01O0000010O10O010O0000001OO10000001O0O2O0O2M2O2M3M3NmUQh0
20111128175514Mh_9,dnnh24ko13N<E1N10000O10000O200O1O1O0001O011N101N1O1N1O1O1N2O1O2N1O1O001O1N2NXPkT1
20111208173814Mh_1,\]Pn11no12O000O100O2O001N100000000O100000001O0000000000010O00001O01O01O01O000000000001O0000001O01O0001O0001O00000000001O000000010O00000001O0010O01O001O2N1O1N2O100O001O1O101N101O0O2O0O10O010O0100O10O10O01O1O0O2O001O001N1010O000100O0100O10O01O10O00001O001O0O2O00001O01O00000000001O00000001O000000000001N10000O10000O2O0O100O2O001O00010O00001O000000000000001O00001O001O01O01O01O0000000000O10001O00000000000O1000O010000O100O10O010000O010000001O000O100001O001O00001O01OO1000O010001N10001O0010O0100O0100000O10010O1O10O000O2O0O101N1O100O100O1O001O00010O000000O2O00001N10001O0000001N100001O02M20O010O10O0010O011N010O01000O010O10O010O01O00010O000001O00100O1O10O01O010O10O1000000O100000O100001O000O011OO100O010O10001N2O1O00000010O2N1O2N1O3M2N1O0010O0O101N1O100O100O100O100000010O1O1N2O100O1O102M1O10O01O1O100O01O100O2O3M00O1O001N2N2N4KP]]X1
20111208173814Mh_2,g]he22mo13N2N1O0010O01O001O00000O10000O100O101O00000000001O0000001O0O101O001O0O2O00000O1000000000000000O01000O010O10000O100000000000001O01O000010O01O0100O100000O010O10O01O100O100O101N011OO010000000O100O00100O10000O100O100O2N010O10O010O0010O01000O010O10O010O1O100O2N2N1O1O1N2O1O1N2O1O2N1O1O2N3M3M1O2N1O1O2N2N2M4M5K2N1O2O1N2N1O1000ZO`RNkN`m1R1dRNlN]m1Q1fRNoNZm1P1hRNnNYm1P1iRNPOWm1o0jRNPOWm1P1iRNPOWm1o0iRNQOXm1o0hRNQOXm1n0hRNROYm1n0fRNSOZm1n0dRNRO]m1n0aRNTO_m1m0_RNSObm1n0ZRNTOgm1c10O1O1O1O1O1O1O1N2O1O1O1O2M2O1N3N1N3M2N2N4L3K4M3N2M3M3K5M3M4Me_Ym0
20111208173814Mh_3,kd`[12ko14N2M200O1O1N2O1O1N1O2O1N1O1O2N1O1N201O0O10O1N101O1N101O1O100000O100O1000O02O00000O2OO00OO201O1O2O1O]M]OjUNc0Wj1^OhUN`0Yj1AfUN?[j1AeUN>[j1DcUN<^j1DaUN<`j1E]UN=cj1C\UN=ej1CYUN?gj1BVUN?kj1ASUN?nj1CnTN?Sk1AkTN`0Uk1BdTNc0]k1]O`TNe0ak1\O\TNe0ek1[OYTNf0hk1[OUTNf0lk1[OhSNo0Yl1ROdSNo0]l1RO`SNo0`l1SOUSNV1ml1kNjRN[1Wm1f02N1O2O1N1O2N1O2N1O2N2N2O1N2N3N1N3L4M3L4K5C>H:^Ob_[^2
20111208173814Mh_4,hcnQ14lo13M2O2M2N2O001N101O0O100O1O010O1O00100O10O01000000000O010O100O2O0O2O0O1O2O0O1O010O010O0010O00010O000010O00010O01O010O00010O00100O00100O1000O02O1N2O1N100O100O2O2M100O10O001N2N2M201\OhPN=`o1N1N1010O01O00001O01O01O01O0010O01O1O100O0001O010O0010O01O010O010O010O010O010O01O10O10O0100O100O1O1O010O001O10O01O100NaYed2
20111208173814Mh_5,fdZb28ho13N1O1O1000O0100O001O1O001O001O001O1O1O1O000000000000O100O100O100O101N10000O10000000001O010O01O2N4M2M2N1O10O00001O000O2N101N1O100O100O10O10O10O10O10O10000001O00000000O100O2O000O100017H1O01O000010O001O001O1N2O0O2N1O2L[WkV1
20111208173814Mh_6,mdZh23lo15L4L3N:F2O0O101O01O1N2N3N1O001N4L1O1O0000000O10000001O1O00101N5L1N010O000100O0100O103M3M2O00O1O1N4L3^OdPN8fo1KlW[T1
20111208173814Mh_7,mdVW33lo13N100O001O1O010O1O1O100O1000000001O0001O001O10O0000000001O0O101O0000001O000000101N1O1O01O1O001O0100O00010O000001O001O2N4L3M1N10000O100O100O1OdXYd0
20111208173814Mh_8,de\[22mo13N10O01O100O101N1O1O10O01O100O10000O101O001O0011N10O1O10O01O1O1O2fPN[OUo1j0N01O10O01N2O1O1O1O1N101O0001O00010O0100O010O01O01O01O010O0100O011O0O01O01O01ON200O1010O00O100000O1000001O1O001O1O001O001O00010O00000000O100O00100O100O100O010O1O010O1O001O010O00010OO100000001O0O101O010O0010O0100O00100O010O100O010O0010O001J5N3O0O1010O000000000000010O001O0010O01O0010O001O0010O01O010O010O10O1000O100O100O10O01000O010O10O0000001N1O1O1O100O\U]W1
20111208173814Mh_9,kPQ`25ko11N10001N100O100O101N100O1O1O1O1O101N1000000O101N1000001O001O1O1O101cQNUOam1o0XRNWOem1l0TRNZOjm1`1N2O6I1O1O00O2O0O1N2N3M2N2N2O2N1O2N2M2M4L4L5L3TOUQN`0Zo1K3M3M2N3N2Lanh[1
20111208173814Mh_10,oVUc2;do15J4M3M2N2O0O2N1O2N1N2N101N101O0O1O1N1O1O1O02O1O0O2N2N2O2O0O2N101O1O1O1O100O010O10O1000O001O1O0N4K4M3N2O2M3Laj\Y1
20111208173814Mh_11,d]Wb15jo12O1O1O001O00000O1000001N1000O1000O2O0000001O0O100000000O10O01O1O1O100O1000O10O01O1O100O1O10O01O001O00010N100000000000000000000000O2O000O101O001O1O001N101N1O1O2N1O001O1N101O1O10001O01O1N1O2N1N2O00010000001O0000000O10O00001N2O1N3M200O02K4O2O0O101O0000O2O0010O00010O001O0010O01000O010000O100O100O100O100O1O100O10O01O1O0O2N101O010O10O10O1000O10O10000O100O100O2O0O2NXf\R2
20111216103234Ch_1,k[lg14ko12O1O001O001O0000001N100N3I6O11O100O1O0010O010O100O1O2O1N1O000O01N1O2N201N1000O2O0000000001O001N01000001O010O2O0OO2M200O010001O010O1O2O1ePN@Ro1h00O00000000001O0O2O2M101O1O1N2O1N20O01000O2O1N2N10O01O01O0010O001N1010@hPN6Yo1GkPN4kbaQ2
20111216103234Ch_2,Z_nV25ko11O101N101N100O100O010O1O011N1O2N4L10O1O001O00001O000000000000010O010O001O0O1000001O000001O000O1001O001O001N10O100O1N101O000010O1O101N1N3K5M]`cd1
20111216103234Ch_3,obPZ1;bo16J5UM[OTVNj0hi1ZOTVNj0ji1^OlUNf0Qj1@UTNBQ1Q1gj13UUN1fj13VUN[OmNLik1k0VUNXOYOK^k1o0QUNbNYOc0=LVk1Q1oTNZO0Doj1S1gTNA=]Ojj1S1eTN_Og0^Obj1U1aTN^OP1_O_j1U2dUNiMaj1Q2bUNnM`j1n1dUNPN_j1j1dUNWN]j1e1fUNZN\j1R1YTNiN^15[j1k0]TNjN]1;Wj1f0]VNZOci1`0cVN_O]i1?fVNAZi1<hVNDXi1;jVNDUi1<nVNCQi19UWNElh16ZWNHfh15^WNKbh1LgWN3Tl10O01O1O1O2Mh[cc2
20111216103234Ch_4,``n`24jo13N2M2O2N10O10O100O1O2O00001O0O101M2O100O10O100O1O010N1001O001N2N2O001O100O100O2N100001O1O0O2O001N101N100001O000001O000010O001O10O01O00O2O0O2O010O1000O010O001O1O1O001O0000O100O11N100OJ5K6O2L4N2O2NU`kX1
20111216103234Ch_5,bfj[22lo14M1O1O10O01O000QOKSRN7Wm1I_RN286Ym1J\RN2:4Zm1MTRN5a0Nil1ERSNl04@fl1LQSNe08_Ofl11nRNb0:^Ofl14lRN`0=]Oel1\1YSNdNgl1]1XSNdNgl1^1WSNbNil1_1USNbNll1_1RSN`Nol1a1oRN`NRm1b1jRN^NWm1U21N100O20O00100O2N1O2NBPSNnMol1P2VSNoMil1o1ZSNPNfl1n1]SNQNcl1l1aSNSN_l1k1dSNUN[l1i1hSNVNXl1h1Q1J5K6mNbQNa0`n1^OdQN;`n1DbQN:_n1EdQN8^n1GcQN7`n1FdQN6_n1FfQN7So1N2N3MQ\g`1
20111216103234Ch_6,ndPd1b0Yo17J5M3M3N3M2N\O\QN0bn1GjQN7Un1FVRN3jm1JZRN5jn1O1O0000000O10000O10O010O010O10O0010O000010O01O010O01O1N3MiY_Y2
20111216103234Ch_7,hiRf02no11O1O1O1O010O1O1O1O1N101N2N1O1N200O01L4N2O010O010O10O01000O10O001N1000010O101O001O000010O010O10O10O101O1N2O1O0O11O1O100O0000O10O010O10000O11N10O10000O100O2MeUoT3
20111216103234Ch_8,ZZad03mo11O2N001O1O1O1O1O00100O2N2M2O1N10001O01O010O101O10000N100O1N2M2O2O0O101O00000001O00001O00001OO1000O01O010O11N0100O010O01O001O1001O4L2N1NWeTW3
20111216103234Ch_9,c\gb24io14L5M<D4L3N1N101N2O1NWOYQN=en1AgQN6Wn1JmQN4Qn1LRRN3lm1MWRN2hm1MYRN4em1L]RN3dm1FdRN9cn1O1N1O2N1O3L\bf[1
20111216174914Mh_1,P\fj11oo11N101M2N3N101O0000000O101N1O1O1O100000000O100O101O0O101O0O2O001O0000O10000O100O2O001O00001O0O101O00010O0010O000001O01O010O2N2N6J2O0O1O1N11O000O2O0O2N101N102N2N3M2O0O2O00O0100O1000O100000000O01O10O01O001O000001OO10001O0O3MXcYn1
20111216174914Mh_2,j_R[26io11O2N2O1O001O1O0010O0000000000000000001O0000000000O2O000O100O1O100O2N100O1O1O2O0000001N101O101N1O10O0ZORQN:on1CVQN2LMnn1Ok0N]`_a1
20111216174914Mh_3,`_Vb22no1001O001O100O01O01O001O000gPNLfn14YQNOen12ZQNNgn11YQN0fn11YQN0fn10ZQN0fn11XQN0in10VQN1in1OVQN2kn1NSQN3mn1OPQN2Qo1OkPN4To1<10O010O2O0O1O00001O00000000000000000O10O01000O0100O010O0100N10100O1000000000000000001O00001O0000O100O101O00000000001O000000O10000O1O100O10000001O0010O0010O001O1O2N3N1N100O10[OWQN2in1K[QN4en1K\QN5cn1J_QN5bn1J_QN5an1JaQN6^n1JcQN5^n1IcQN7]n1IdQN6]n1IeQN6Zn1JgQN5Yn1KgQN6Yn1IhQN7Wn1IjQN7Un1IkQN8on10000O10000O01000000O0100O001O1O1O010O01O010O10O001O010O010O0100O010O010O00010O010O0010O10O010O01O10O010O010O10O010O01O010O010O01O010O010O0001O01O001O01O0101N101N100O10000O11O3L100O00001O010N10000001O00001O001O010O001O1O001O2NX]in0
20111216174914Mh_4,kbZ]1>_o15QM_OWVNg0ei1]ORVNl0ji1ZOWTN2m0f0jj1]OnSN6T1`0mj16PUNNnj13\TNdN2]1`k11UTNk0jk1h1M3MCYTNaLgk1j2cTNmLO7^k1d2\UNWMfj1e2]1L5I:eM]RNm1nm1J6H6UOWRN\Omm1a0l0H7Ld_Ua2
20111216174914Mh_5,ffR_23lo12M3M2N101O001O00010O00001O0aMJUUN7jj1K[TNIZO<[l1MXTNJZO;\l1OUTNJ\O8_l10mSNOB2al11^SN=MDdl11[SNa0K@jl12VSN[1kl1l01O100O100O100O100O10OO2O1N2O1O0N3N2N2N2N2O1N2N2N4mMTRNi1Wn1I6L4L3K4N3K4N2N2N3K7BdPNMc[W]1
20111216174914Mh_6,ifld01mo12M4M4K5L3N2O100O00O101N100O100O100O100O2O00000000000O10001N101N2M`YoX3
20111216174914Mh_7,aiRh03lo12N2N1O2O0000001O0O1000000000000000000001OO10000000000000000O100O010O0100O100O010O100O10000O10O1000000O1000001O010O001O101N1000O010000000O100000O010O01000000000000000001O1O0O2N1O2N1NkUUR3
20111216174914Mh_8,TUUZ2353Zo1b0I5iPNTOh08Vm1o0`RNXOYm1o0_RNUO_m1g1N2O2M110O10000000jMaRNj1`m1QNhRNj1Zm1RNjRN9OIFn0Qn1TOdRNj0Zn1VOXQN:[o1M5J2O0O1000O010O00000001O01O0000O10001O0O1OZhXc1
20111216174914Mh_9,XZgf068LVo19ePNKXo1`0O1O001O00O10001O001O001O001O1O010O0001O01O1O10O01O001O00001O0000001O0000001N1000000000O10O10O100O1000000000O100O10O100001O00000O2O1N3M]elT3
20111216174914Mh_10,h\_e25io15L3M3M3M2N2N2N2M2C>O0O100000O1H_QNoNdn1k0<L4M3M3L5IocRY1
20120107063134Lh_1,j[Ti14ko13^PN0on1b0N1O1O100O2N1N3L4N3_QNmNom1e1M3nQNWNgm1V2C;H7M3L3O0O1O2N10oMZSNj0fl1SOlSN>Tl1]OSTN`0nk1YOZTNf0fk1XO]TNg0bk1YO`TN^OlNR1cl1_OlTN>Sk1BPUN=mj1CVUN<hj1DZUN=dj1B_UN?_j1@bUNe0Xj1[OkUNg0Qj1XOSVNh0ki1VOXVNk0fi1SO\VNo0ci1nN^VNMfMn0jk1TObVNKhMP1fk1SOdVNKhMR1ck1SOPWNl0oh1TORWNl0nh1TOSWNj0nh1UOTWNj0kh1UOXWNj0ih1TOXWNk0Pl1O1N1N3M4L5L3N2M2O001O001NTbQS2
20120107063134Lh_2,b]PZ13lo12M3M3N2O1O1O0100O1O100O100000O100O10O001O0000001O10O0100000O2O0000000O200O000000O010O01O1O13M1O0O2O0O1001O2N5L00O1N110O2N4M1N1N3Mb`ka2
20120107063134Lh_3,U^lh22no12M2O2XPNJbo1;O1O1O0O3N001N100O10O1O1O1O100O2N100O2O0000000001O0000000O100001O001N2O1O0O2O010O101N2NcaST1
20120107063134Lh_4,_`R_18Yo12iPN2Vo1=O1O2O20O0O2M2O2O21fPN@ln1n0M0O02L3N3L4M:D4M2N2M2Nb^]_2
20120107063134Lh_5,[cjU31oo10O2O001O1O001O1O1O010O00010O00010O00010O00010O010O010O010O010O1O010O10O010O01O010O001O001O0O100O2O0KCePN?Zo13010O1O100O101O0O10001O000O2O1N2N2O1N2N2NZ\ce0
20120107063134Lh_6,elT?8_o16K105K3M5L6J5K6K6I6K5K5L4KkNiRNJSm18RSNEkl1=YSN@dl1c0^SNZO`l1h0dSNTOZl1b0ZTNVOdk1k0aTNQO]k1Q1f13M3N2M2N3N2N2M3N2N2M2OAXRNjNgm18YRN7Vn1DTRN9jm1GZRN8cm1GdRN5Zm1LjRN1Tm11PSNKnl16XSNEgl1<\11O2N2O1N2N2O0O100O102M2O2M3N2M3N2N1N2O1O0O2O00L4000O2O^OfQN@Zn1;oQNAQn1?SRN]Omm1d0h0N1O2O001N110O0001O010O01N100O2O0L4O2O1O010O010O010O10O01O0O2O1O0O2N1001O0010O10000O2No[cY3
20120107063134Lh_7,be\h13ko19H3M201cPNCUo1d02M2O0O1O001N101N2O1N200O100O01001O0001N101N1000O2O1O1N100O010O01O1O2M4M3N5K0O01O0O100O100O2O0O2M2O1O1O1O100O100O100O100O10000O100000001O1N2NYYkR2
20120107063134Lh_8,di^]34io13N1O2N2O1O1O010O000O2N101O10000000001N101N3M2O1N2N1O21N4M3L4L4M3L4M3M4LRVW`0
20120107063134Lh_9,To^b01mo15]OMnPN9ln1`0N10000O2N1J7N2N3M2N3N1OhNQRN`0Pn1^OVRN=km1AYRN<hm1B[RN<gm1B[RN9jn1L4LZQU\3
20120107063134Lh_10,joXi12mo16K2M3M3M2N2N2O1N3N3L2O0O2[OQOWRNP1gm1ROWRNP1hm1QOURN7E=Un1^OQRN6N<om12SRNOlm1OVRN8bm1G_RN:`m1EbRN:^m1EdRN@Cc0gm1LSSN1ml1LXSN3fl1L]SN3bl1M`SN3`l1JbSN8]l1EfSN=\l1\OgSNn0am100O1O2O1N011TOPQNd0Yo1M2N1N1O2M3M4LfnnS2
20120107063134Lh_11,bZck12lo14M2N3N3M4L1O1O1O00000010O02N1O2N001N2O1O1O100N101O00001O001O2O1N1O000000O100O10O01O1H8N2N110O0101N1O3M1N3I7O0O11N100000O010O01N1O10O1N2N0M41O2O1O10O0100O1F:N2N2O1O1O2N1N2O1N2O1O2N1O1O100O10O01O010O1O1O2Ncfnm1
20120107063134Lh_12,c\ki16ho13N3N3M2N101O1N2O00010O1O1O100O10OO2O3M1N100O10O2SORQNd0Yo1L4K8HWbZT2
20120107063134Lh_13,V_]Q17^o1MgPN7Vo1?nPNDTn1V1M3M20O0O2M3ROfQN4\n1JiQN1Yn1MkQNOWn1KPRN3Qn1ISRN6nm1HURN7lm1GURN8mm1EURN;hn101O0000001N10001N2N2NZ`jl2
20120111191454Bh_1,^\b_11no13N1O1N2O1O2M5L01N100O1O100O1O001O100O100O100000O10O100000O10O100000O100000000O100000001O0O101O001O000O100O1N2N200O1O1O1O1O2O0O3N1N2^QNWOANTn1m0XRNAam1c0[RN@cm1d0XRN_Ofm1^1O2N1O10000O100O100O2O0O100OKcRNgM_m1W2600O2O010O1O1O10O01N101O0O2O000O2O001O1O1O1O0010O0010O0101PRNZNcm1Q2001O0O101O1O2N2O0O10O2O1N2N00001N100N2N2O1O10000010O001O01O010O010O000000O1O1O3M5L2M2N2N1O2N2N2]NeQN^1an1M102M3N2M101O0O2O0000100O1O001O001O2N2N2N100O010O0010O000010O00010O001O1O0010O01O01O00100O001O1O1O1O2M>C3M2M4M2gQN]NQn1k1OO1O2M2CmQNjNUn1R1>N3[OUQN2mn1KXQNHN0kn18bQNF_n18e001N1000O10O01O00O2N3N1NYbWQ2
20120111191454Bh_2,R_fj2;do12O000010O001O1O1O010O010O00010O01O010000O10O100O10O01000O100O010O0100O1O10O100O10O101N10000O10O010O1O10O01O010O010O010O100O10O2O3L100O1O2N2O4K5L1N2O1O01O6K1N100N11005K1N2O00000O0O11O1O1O000010O1O01O1O8H2M3N2OO018H3L1N4L4L2N1O1N2N3Ml\om0
20120111191454Bh_3,Paf^22mo12N101O001O00010O00001O0001O01O001O010O01000O010O010O010O1O100O10O010O010O100001O1O000O2O1O2N00000O010O0O2O@iPN8Vo1FnPN8^o1000001O1O2N1N1Nd]Y]1
20120111191454Bh_4,bc^k26ho14M2O001O1O000010O0100O101O1O0000000O0200000O01O00000O100O20O1O1O2M2O101N1O01O01O10O2N2O0O10O02N10O10O01O01000000O1O1O1000O2N1O001O00010O105KO1O2AkPNHnXoo0
20120111191454Bh_5,ahlQ25io13N1N2IFfPN;Vo1:I7M2@ROoQNo0lm1XOPRNj0al1QO`TN5nNk0a0nNUk13ZUN7lNj0c0POTk10\UNb1_O`NSk10\UNb1_O`NSk10QUNNYOd1b0_NSk12nTNl1MTN]j1GcUN<JBF[2>RN]j1GcUNY3NRM]j1FdUNY3NRM]j1FdUNZ3MRM]j1EeUNZ3MRM]j1FcUN\3LPM`j1E_UN]4`j1fK\UN\4cj1a0O000100O1mL[UN`N6^1^j10`UN^N6BIe1bj19bUN\N`0[1li1GbUNjN42?_1ii1ChUNhNY1e1nh1_OoUNgNV1j1kh1ZOmWNQOPNP1Rj1MhXN1Wg1NlXN1Rg1OPYNROgLe0Yj1DiUNOY3FiLf0Sj1DPVNKb3?_f1EVZNGiK5Pj13iZNJWe16kZNGWe19W500001O01O000000001O001O010O1O010O100O00100O0100O10O010O010O1000000O1010O000001O0000000001O0010O000001O0000O110O001O001O0010OO2O1On[Wg1
20120111191454Bh_6,Rd`]25jo13N2N100000O1001N101N1000000O10001O0O2O2N001O01O0O1O1O2N2O1N1O2N001O000000010O010O0000001N101NmZ__1
20120111191454Bh_7,ien_23lo12N101O000010O01O010O001O0001N10000000000000000000000O10000000000000000000000000000000000001O000000O10000O010000000O10O1000000O010O100O0010O0100O010O10O2O001N^ZQ[1
20120111191454Bh_8,nkfV21oo14M2L3N2N4aPND=1nm1g0lQN^ORn1d0iQNAUn1a0gQNBXn1U1N2O0OO2M2O2J5N3M2M4B=N4N2M2O0010O010O100O10000O10O101N1O2N100O010O010O1O1O010OO2O1M3N10001O01O0BcPN9do1N10O01O1N3NlRYe1
20120111191454Bh_9,_fgc12lo16L2M2N2N2O00000000001O001O1N2O0O100O101N101O001O001O00000O10O011O0001O000010O00010O10O100O0010O00000O10000O10000O2O001N2O001N1O100O100O1O2N100O10O01000O0100O1L4N2O1O1OdYnV2
20120111191454Bh_10,jf[\13lo12O0O10000O0100001O001N101O010O2N2O1N2N1O100O000001O00000O100000000O2O1O001N101O00000O101OO1000O1000000O100O2O1N2NPYP`2
20120115063134Lh_1,YZfi14ko12N2M4H7K4N3N2M2O1O1O1O1O100O100O10O10O01O0O2N11O010O100001O001O00001O00001O01O01O000000001O0000001O00001O010O001O001O00001O000010O0100O10O02N1O100O1O010O1O100O2OO01O1O010O0000000001O00001O010000O10O010O10O10000000000O100O0100000O0100O001O0O1000O2O1N1O2N1O1O2NSeSn1
20120115063134Lh_2,[\ld13mo10O10000000000O100O1000000000000000010O000000000O100001O00010O01O1O010O01O010O010O10O010O0000001O0010O0001O00010O00100O100O1000O010O010O0010O001N100O101O0010O002O1N0O2O0O101O010O010O0100000000O101O00010O1O1O1N2O0O1N3N2N3N0O2000O4L3N0O1001N4MO1O0O1O100O2O106J0O000N3MVagR2
20120115063134Lh_3,\_Xn15jo12M4nNHnQNc0Qn1AaQNj0]n1>00O1001N100001N100O1O101O02N5K1O0O2O001O0O2O0100O3M100OO1N2N2O1N20O010000O11OO10000O010O1O1O1O2YOoPN;So1AQQN<[o1O1O1O100O01000000O10000O101N100O010O00001O01O010O10O10O010000O01000000001O0100O100O1N1O10O0100001O01000O01O2M2O01O001001O10O0OO2N2L^]Uj1
20120115063134Lh_4,PnRd07go14M2M2O1N2C=L3F;N1M4^ObN^RNb1`m1?J7M3^OiMVSN]2gl1?O2NjN[SNSOcl1k0cSNTOYl1m0lSNQOPl1Q1UTNlNhk1S1^TNlN^k1T1hTNiNkj1]OXTNg1U1jN`j1`1dUN^Nci1A`UNT2P1PNgNIgj16^UNS2W1jMci18SUNk05[O_l10XSNe0a0oN[l1j1k02L4M3N2AeMYSN\2fl1jMoRNP24oMml1Y2WSNdMil1[2?NQJeM\^NX2ga1jMX^NT2ha1PNT^No1na1SNh]NIeJT2cg1UNg]NR2Yb1oMe]NR2Zb1PNd]Na0SK4Xg1\Od]N>YK3Ug1^O`]N?_K^O_O2cg11\]N?fKYO@5^g13Z]N`0[L[O]f16m\NC]Kn0Z1XO]f19c\Nk0QMkN]f1<]\Nl0WMgN]f1=j[NAcL\1X1dN]f1>h[ND^L]1]1`N^f1a0d[N[1PNRN^f1f0\[NZ1[f1gNlXNYOnMQ2Wi1fNiXN]OhMS2`i1`NeXNBaMF0\2ki1]NcVN[OZ1h2Sh1nMaVN\OY1g2Xh1nM\VN]O0Jl0m2ih1mMXVN_ONNl0f2Yi1gMgUN6n0U2^i1`N_VNc1ci1[N[VNf1gi1ZNUVNh1li1XNkUNQ2Vj1PNeUNR2]j1g13N0O2O0O1O2O0UKVUN^4mj1_KWUN^4jj1bKXUNZ4kj1dKYUNW4[k1L4L2N3N1N2G:K;G4L9G4K3N3M3J6M3`NZRNb0km1UO^RNf0im1SO[RNj0_n1N2N2O0O2M3H8JkZWU3
20120115063134Lh_5,UclT15jo13N1O00010O0O100O1O1O00100000O10O10O10O01O1O1O1O010O101O000000010O01O010O10000O2O1OO010O100O010O0010O000100O001O00010O0000010O01O010O01O01O001O00000001O010O010O01O0010O0101O0O11O01O001O01O00000O10O010000O010000O100O01O1O10O010O2O1N001O0000O100000000000001O000O101O000O2O000000010O02O00O010N10000O10010O0010O0100001O0O10O001NU[m`2
20120115063134Lh_6,lcZf13lo13N1N3M3M4M8G4M2N1010O0101N2OO1SOUQNb0ln1ZO[QNb0So1OO01O01N101O1O0010DgPN0Xo1NlPN1To1MmPN5Ro1JoPN5^o110O0010O01O01O010O2N3N1N02O0O00100O0010O01O010O000010O0001O01O010O0010O0001O03N1N0100O00010O001O1N2O001OO6GUZ[T2
20120115063134Lh_7,]fVY33lo12N1N3N1N3N2M3N1O1O1O001N100100O10O01O01O0000O2O2N2O1N2O1M3IZZkd0
20120115063134Lh_8,jiTZ34ko12N3N1N2N1TOFQRN;lm1K`QNH;?om18jQNJem1@`RNj0EJim1BZRN_1fm1>0N3N2N1O4M2M2O1O101N100000O100O0010O7]N`QNY1en1N11\QNkNZn1_1N3N1N2N2WSNXNVk1k1fTNWNXk1l1eTNUN[k1l1cTNUN\k1n1aTNSN]k1P2aTNQN]k1R2`TNPN^k1T2_TNmM`k1X2hSNeM75Ql1c2kSN`MTl1V3O10000O010O1O2O0O2O1O0000TMPTNnN5b2lk1^N`TNZ1`k1eNcTNX1^k1gNeTNV1]k1hNhTNT1Yk1iNkTNT1Wk1iNmTNU1Uk1hNnTNV1Tk1hNnTNV1Sk1hNPUNV1Qk1hNQUNX1Pk1eNRUNZ1nj1eNTUN[1lj1cNVUN\1jj1cNWUN]1jj1aNXUN^1fl1O1O1iNjQNb0Yn1XOmQNf0hn1N101O0O1N2N2M5GUT[`0
20120115063134Lh_9,QQSd28go12O0O2N101N2N1CESQN>kn1<103M1N2O00O100O100O1000O100O7I3L3N2N2N2M4M]nnY1
20120115063134Lh_10,kVWa01ko1`0C4L4K5K5K5L3L5K5\O`N`RNd1\m1d0H8I6L5K4M1O100O2N1OSNfSNCGBal1g0RTN@AG[l1c0`TNAWOKWl1d0hTN\OSONTl1g0RUNnNPO:lk1h0iUNUOWj1l0jUNoNXj1R1Z2F:L4NO2101O1N3N1O2O0O1O1K5O101O0010OO2N200O1000001NPlZ[3
20120115063134Lh_11,VX]R12mo13N2N2O10O00O101N10O10O100O01O010O1O010O010O01O1O10O2OO10O10O10O001O01O01O100O010O001O0000000O01000O010O010O010O010O010O0010O010O1O1O010000O10000000000O1O2O1N\gbh2
20120115063134Lh_12,YYSj04ko13O3L2O1N2_PNFWo1d0N2M4M3L6J4M2N1OSOfQN4Zn1BRRN<om1@URN=jn1M2N1O2N1O2Nje^T3
20120218152654Bh_1,fYlT23lo12O2M2O10O01O0O101N1N3N1O2O00100O100O010O100001O000000O010000O11O001N2O0O10001O0000O1O1O1O1O1O001O1O100O1O1O1O1O001O1O1O1O2LZeUg1
20120218152654Bh_2,X[`f13mo11N2O1O001O0001O00010O010O01O01000O101N1000001N3N1N2O00000O2O1N101O1O001O1N11O1O3N0O00001O1N100O10000O2OO10O1000000O10001OO2O1O1N2O1N2O1N1000O100O2M5L2N1O001O2O0N3N_bYT2
20120218152654Bh_3,h^fn24ko12N1O2M2O2N1O2N101O100O1O001O001O001O0000001O00000000O1000000000001O0000000O100000000O10001O000000010O000010O0010O010O01000O0010O0010O010O10O10O0100O010O10O1O100O2N2O1N2O3Kb`kk0
20120218152654Bh_4,P`bX11oo10N3O001O1O1O1O00100O001O1O010O000001O010O010O0010O00001N100CHQQN9nn1IPQN8on1KmPN7Qo1=O100O100O1000000O10000O010O10O0N2O101O001O1N10100O100000O01O000N2O001O1001O010000000001O001O00010O000010O0001O001L4M201N2O0O2O1O001O001Ng`o`2
20120218152654Bh_5,Raln02lo13M3O0O101O0O101N100O1O1O2O0O10000000000000000O100O1O1O00100O1000O0100O100O100O0001O001O1O010O010000O0100O010O1O10O010O100O1000000000000O10000O10O1O100O010O10000O10O010000O100O10000001O0000000O100O100O2N100O1O10O010O001O001O1O10O010000O1O100O1O1O1O1N2N2O00100O100O1O2N[`eh2
20120218152654Bh_6,\`Pa12lo14N00100O000010O0100O100O010O2N101O001O1O1O1N101N2O0000O10O0oSNBah1>\WNEdh1;ZWNGeh19YWNIhh17jVNA`M:fk15hVN8Xi1J]VN?di1DSVNa0mi1BUTNB0Hf0N_OY1fk18fTN6Zk1LTTNd0mk1g1001O1N2N2N2B>L4M2]MXSNm1jl1nM\SN`12VNdl18]SN]1Wm1`NkRN]1Xm1`NjRN_1nm1L4E;GWQNTOmn1i07L4L6_OcPN7S]U[2
20120218152654Bh_7,Zeln14ko19G101N10000O10000000O101O000O2O0O100O101O00001O0000001O00000000010O0001O00010O00001O0001O01O000001O000001O010O010O00100O00100O0010000O10O0100O100O100O2N001O000O010000001O0000000001O1O100O2O0O10001N100O2N1O1NhYaj1
20120218152654Bh_8,dY_b24ko1101O010O00001O010O1O010O01O001O01O0001OO2O010O00001O010O1000O100O10O010O100O010O1O010O010O0010O01O0000000O100O101O00O10001N10000000001O00000O010O10000O10O10000O100O1000O0100O10O010000000000000000000000O100O100O001O10O0100O010O100O1O1O001O010O0001O01O00001O00100O01O100O1N2N2O1O100O0100O100000O100O100O100O10O100O01O1O1O1O2NlfZS1
20120218152654Bh_9,l[gT24ko12O2M2O00001O002N7H2O1M3L5N2N3M2N2N100O0100O001O002O2M2O0O1O1O001N2O001N2N2N2N2O0O2O001O000010O01O000000001O0001O00O100O1O100O1O1O2O3L_cPg1
20120218152654Bh_10,\fUS25ko11O001O1O1O1O0O2O0O2O000000001O0001O00001O001O010O0010O01O010O0010O0010O000001O0001O000001O01O00000O10000000O1000000O10001N10000000000O10000O1000O1O00100O1O100O10001O000001O00000O2O000001N100O1N2N200O2O0O100000O1000000O2OO1000001N2N`Y`e1
20120402105814Th_1,UcVi0:ao18F9L5L3L5L4K3N28H5K1O106I5K4L1O1O00O01O3M2N100O010O01O1O2N01O0O100O2O001O001O00010O01O2N2N10O00000O2O001N101O0000O10000O100O010O1000000000000O2O0000O1O1O1O1O100O10000001O010O100O101O1N3N2N2N2N2N1O01O1O2N1O1N2O4L1N100000O10001OO100000000O2O0O10O10O0100O0101O1N101N3MnY]n2
20120402105814Th_2,[cXX13mo11N1010O01O0010O01O10O01O010O010O010O0010O010O0010O001O001O1O00001O00000O0100O001O1O010O10O01000O010000O10O10O10000000O100000O1000000O100000000001N1000000010O0010O0010O0100O010O01O010O000000010O011N02O3M00O2O1N2N010O001O01O01O001O010O1O1O2Ni[U`2
20120402105814Th_3,nS]R27ho11O1O0O0GLgPN6Yo19O0100O3N2M2O0O2O0O010000O1000O10000000000000000000000000O1000O010000O10000O100000010O010O100O1O1O000000001O00010O0101O0000O010000O010O100O1O1O1O1OhPNFjn1;SQN1dn1NZQN8cn1IYQN<en1a0O1O0000@ZQNEen19`QNDan1;aQNDbn1JnQN4Po10001N1O1O011N1N`j\g1
20120402105814Th_4,aVgo04ko11O1O2N1O3M4L2N2M2O2N1O1N2N20CRQNIln16XQNHhn17ZQNHfn17\QNHdn17]QNHcn18`QNF`n19c0O1000O101N110O11N10000O100O1O1O100O1O2O0O10O01000O01O000001O0001O1Oajhl2
20120402105814Th_5,jUmX21no13N1O1O0010O01O001O010O00001O002N3M10O01O001O2O1N00000001O002N1O001O01O000010O1DaPN6fo1N1N3MbiZd1
20120402105814Th_6,Q[iV33do1<C=K6H6M1N3M2N3M2O3MoNPRN6mm1HZRN6cm1HbRN8Zm1GjRN:Sm1EPSN<ll1DVSNb0bl1^OaSNd0Zl1^OfSNd0Xl1[OiSNi0Vl1hNVTNZ1Wm11OmN`QNJNh0an1\OmQN`0Rn1^ORRN`0om1^OTRNa0fn1O1O1O8H2N1N2ObcTg0
20120402105814Th_7,VZam23lo12O010O1O1O100O2O1O0O10O10O01000000O01000O100O100O10O010O101N101N100000O10000O10000010O1O2M3N2N3M5K20M2M3F;K^dPo0
20120402105814Th_8,XZoQ34lo11O101N01000O010O1O001O1O001O0010O010O001O001O000O10O100000000000001O0O010O10O01000O101N10000O010O1000000O10O01O001O1OgeXj0
20120402105814Th_9,P^ae25io1?@<B8H6M3N2N2OQORRNMlm1L_RN3^m1IiRN8Sm1GQSN:kl1EXSN;gl1E[SN:cl1F_SN:_l1FdSN9[l1FhSN8Wl1HlSN6Sl1JPTN4ok1MUTNNkk12XTNKhk16Q200O10O0100O0100010O1O3LlbZX1
20120402105814Th_10,Y_km26fo14O1O1O1O00O0001O2G8O3N1O1N2N2M3K6J5N3N3M2M2O0O1M2EYN_RNg1cm1:1O2O1N2eNQRNc0Qn1YOSRN?Tn1_OoQN;Vn1CmQN0an1Km0Mcbjo0
20120402164214Mh_1,obbk03:2mn1:lPNJPo1f0M2O2O0101N2N2O2M3M4L3M1N10O0101N1O010O1O010O001O01O0010O0000001O000010O00010O01O010O010O1O0010O001O001O000000000O100000000O10O10O10000O100O1000O010O1O100O100O10000010O0010O0100O1O101O1O1N6K1O1O00000100O000O10001N2O2M3N1N100000O10000O10O100O01000O100O010O0100O010000000O100000O100000O10O10O10O02O0000000O010O1O1O1O001O001O000010O00100O00100O010O10O10000O10O2N1O2N2N1N2N2N2L_Ych2
20120402164214Mh_2,gSiU26io12M3N001O001N1N300001O10O01O0010O010O0000000000000000O101N10000000001O0O1001O0001O0000010O00001O01O0010O01O0010O01O1000O010O100O0100O10O010001N6K1O1N2O00O100O100O002O1N2O10O4L0O100O10O10O010O1000000UQN]OYn1b0eQN@\n1?bQNC_n1<`QNEbn1:ZQNIgn1h01O0O100001O0100O000O1O10O01O10O010O00100O1O1O1O1ODWQNBhn1<\QNBen1=\QNCcn1<_QNCan1<aQNC_n1<dQNA]n1>c0O1N2O1O1O1O100O10O010000000001O0O2O0OXj``1
20120402164214Mh_3,jYkm22mo13M3N1O101N101N10O2O01O01O0O2O0O1O010O1000O010O010O0010O010O01O100O2O1N1000O1000O11N10000O10000O10O1000O010000O1000000000001O00001O100O2N2N0001O001O1N100O3M4L3LncRm0
20120402164214Mh_4,mZU\12mo16K4M1N3M2OO01O001N100O0100000001O00001O00001O001O001O001O01O01OO1000000000000O100000001OO10000O1O1O1O10O010O100O00001O010OO2N1001O01N10010O010O0001O0100O010O1O0010O010O01000O1000000000000000O010O100O10O10000O1000000O10O1O001O100O100O101N001O01O010O100000000000O10001Nle\[2
20120402164214Mh_5,Q\aW31no13N1O1O010O00001O0SO6dQNKWn1;fQNFWn1`0fQNAXn1c0cQN_O\n1T1O1O001001O001O1O4L1O1O000O10000O100XO_QNObn1NdQNN^n10dQNN\n11hQNKZn14j0O1N101NWdle0
20120402164214Mh_6,_]]h25io14M3M3M2O1N1O1O1O100O100O1O01000O10O1000010O001O100O0O2O1N3E<JfbbU1
20120402164214Mh_7,j^ko26ho14M3L5L2OO01N10O100000O2N1L410O0010O100000001O1O2M4M2N2M2O1M3N3M3L^aPn0
20120405130014Th_1,Z_Vg16ho14H9J6K7XOf0J5L5K>A9I8H2OcNWSNDhl17bSNF[l16oSNFPl1UO[SNg0m00fk1XObSN3`1a0jj1]OlUNb0Rj1^ORVN`0ki1@YVN?ei1@_VN?`i1@bVNb0^l12M2N00O100O2O0O20O0100O1000000O01O0O10O2O1O0O010O10O10O1O101N1000O01000000000000000000O100O0010O010O1O10000001O1OO101O001O1O000100N200O00O100O100O0102M2O1N10O010O01O10O01O0000000001O000000000000000000000O100000000000O10O10O1000000O1000000O10O100O10000O010000O010O100O10000O010000O10000O01000O1000000000O10000000000000000001N101O010O001O101N20OO10O101N1000001O00010O0000000000000O100000O10O0100O10O0100000000O11O01O1O2N00001O1O100O01O00000O100O1000000000000O100001N101OO10O01O001N200O100O1000001O0001O010O1N5L2N3N2M00101N3M1O00001O001O0010O001N1O2N001M2O103L3O1N10101O0O01O0001O1O1O001O000001OO101O0O10O100O10O0100O1O010O01O0000010O01O001O001O001O1O1O0O10O0I7O10O110O00100O01O2M2O1O1O1O100O1O1OSXga1
20120405130014Th_2,a_Po03lo13N1O001O1O1O1O1O10O01O10O0000010O000O10001O00010O01O100O0000000000000O100O101N101O00001N101O2N2M2O1M3N1O2N100O1000O1O100O10001O0O2O000O2O0O100000O10000O10000000000000O2O00O01O010O1000001O01OO2O000O1O10O010O1O1O1O1O100O2O01O1O2O0O001O001O0000001O01O00001O000O2O0O10000000000O0100O010O20O001O1O0010O010O000O2O001O0O101N100O2O00000O1000001O00001O00001O01O0001O0000100O001O100O1O100O100O010O01O10O100O1N3Nj_[d2
20120405130014Th_3,eTSX35jo12O2M5L2N2N3M3M2N100O1O2N2N1O1O1O1O0010O1N101N2O1N1O2O1N2N3M2H9L3N2Nnjfe0
20120405130014Th_4,Y[eY22mo12M3N10001O00001O001O01000O01O01O01O00000000001O0000O1000000000000000001O0000001O00001O0O2O0O1000000O100O1O1O1O10000000000000001O0000000O10O01N2N200O10000000O10000O2O2N3L3N0O2N1O1O101N1O2N10O01O10O010O011N01N2O1Oodd_1
20120405130014Th_5,[^_P35io13O1O101N2O4K1O0010O000000001O0O1000O10O010O0001O000O100O1000001O00100O11N101I6K5N20O010O100O100O00000O100O2N1O2J500100O2N101N100O101N100O1O1O001O001N2N2Ohbdj0
20120405130014Th_6,o_if11no11O1O1O1O100O1O1000000000000O10001N102M5L0O10000000O0100O100O010O010O1O1O100N2O1N2O1O10O010O01O1O00100O010O100O00000O00110O01O0010O0001O0O1L5K5N2N2O1N2N2L4N2O2M_aTT2
20120405130014Th_7,Qf]\12no11O002O1N1O100O1O001O000000000000001O0000O10O1000O01000O010O0001O010O010O100O1O1N2N2N10L4O2O1N20O0100O10O100O01O100N2O0O2O1O2NcZb_2
20120512063234Lh_1,Q\\W11no12O1O1O1O2N1O0000000000001O001O0100O100O010O010O0100O2\PNE`o1`0M001N10O100O100O0010O0010O010N1O1I8N1O200OQd_e2
20120512063234Lh_2,e]n[11oo13TPN1bo19N4L100O00001O00000000O2O1O0O101N100O101N100O1000O010O001O0001O0O1O100O1000001N10002LZaWa2
20120512063234Lh_3,Pi^S32lo17J3M1O2N2N3YOCeQNb0Tn1IaQN=]n1d0O1O1O1012N000O004K8SOYQN2kn1D\QN:Vo11O7IO1O1N2O1N2O100O1001O10O00000001O001O0O10O2O1N20O1O00O2O01O102N0O010N3N5J5L3L:FgNeQNo0ln1K6J3M4K7HhSYh0
20120512063234Lh_4,Pl^_21oo11O2N1O2N1O2N1O1N200O01O1O001O00100O1000O10O01O10O10O2O4K6K1N100O0010O1O2M8H4L5JSSo]1
20120512063234Lh_5,ZX[R189LH3Po17QQN2ln1a0O00O10O2H7M4N1KN0310101101O100O00O1_OhQNZO[n1`0e0K5N2N2O100001O001O000O0O2O101O001N2N2M3M2O010O100103L6K2N1O001N101O1O1O001O00O101N100O101O0001OO2OO010N1010O010O001O10O01O000O1O2L3O2OL4J6O01O2N100001O0O2N1O1N2O2O100O2O000O010O1O001O1O010O10O10O1O001O01O011N1O2N101O0O100010O00100O10000O100O1000O010000O1O010O1O010O1O1O1O1O[kfc2
20120512063234Lh_6,lZci05io15L9H2N2M6K2M100N1O1N2N2F3cQNlN\n1T1720O1O1N2O100O100N1G:N1000O1010O100O2O0O1KgPN@^o14afRT3
20120512063234Lh_7,m^oi15jo11O1O1N2N2O101N102N2M6K2M3N1N2OO010O000010O010000O101O1O0O2O010O010O0000000O100O1O1O010O100001N101N1000O102N1N101O0O0100O010000O1000O10O01N1O2M4J5N3M4M1ON2O11N1H9D;01O0104L3M?A2L2N3N1N2O1N2N101N100001O0O2O1O00H8N2O0000N3O2N101O001O1N2O1N1@[OeQNg0Zn1?O1N20O2O0O1O2M2O2N11O0O2O00O2I6L4N1N2001O1000J7M4L4J6Kddfl1
20120512063234Lh_8,j]cl22no15J2O1O1O2M2O2M4K5I5M3H8N1N3DdNmQNb1Pn19M4K9H4M2N20O018oN]RNSOkm15gRNIin101N2O0O101O1O0O00100O001O100O010O01O000O100O1N3N101N100N3I6O100O2N01BoPNNPo10TQNNkn13UQNMkn12WQNMjn12VQNNkn11UQNOln10UQNOln10TQN0nn1NRQN2on1MPQN4Ro1IoPN6]o11O0100000012M2N2N001O1Ne`Vn0
20120512063234Lh_9,^^SY22mo1:G1O1O0000O100000100O0010O000010O00001O0000O100O0100O10001N1000000O10O100O1O1N2M3O000000O101N11O001O1O0001O0O2O100O02O0O1O001O1O1O10O001O1J5O2O010O0001N1M4O00000IEiPN=Vo16001O2N1O2O0O3N1O1O001OO10O01O1O0010O1O0010N1000010O0101N02O001O1O00O100O1N2N200O1001O001O00010O0000N110O1000001O000001O002N3M1O1O001O000001O2M2N101N10000001N10000O100O2N100O100O010000O100O1N3M3O1N4MPc^[1
20120512063234Lh_10,a_cc24ko12N3M5L1O1O001O02O010OO10O001N10000O1O0010O001O000010N2O0O2O0001N101O10O100O1O1O3Jj`hY1
20120512063234Lh_11,Tak^22jo15N1O1O001dPNInn19PQNIon17PQNJon19mPNISo1b00O100O1O100O1000001O001O00O010O010O01AfPN8[o1EiPN9_o1O2O0O100O100O2O0Om^f^1
20120512063234Lh_12,nfkR25jo12ALoPN5Po10lPN1Ro12jPNOWo1=000O3N1O1O010O01O0001O00000O1000O101O00000100O0101N2O1N1O100O01O2N1N3N1O010O01O010O002O7H1000O00100N1O2N1N200O1001O001O001O001O1O001O0010O02lPNVOon1m0001N1000O100N2000O1000000000O10O01O1O1O1000O2O0000001N101O6J2N1O0O2O0000000EcPN2^o1LfPN2Yo1OgPN1Yo1NiPN1Wo1OkPNOTo12lPNMUo13lPNLTo13mPNMSo13mPNMSo12mPNOSo10nPNOTo1OmPN1ao1000O11N10000000UXhd1
20120528063154Uh_1,n``R23mo1001N100000000000000O100O2N1O10000O1001O00001O00001O0010O00000O10O01O1O100O10000O100000001N101O1O001N101O00001O001O001O00001O000O100000O1000000001N11O0010O02N100O100O100O010O1O1O0010O000100O0010O0100O010O02OO0100O010O1N101O1O001O1O1O1O1O001O1O1O010O1O010O010003M1N100O100O1O101N1O1O2N1O2O0O010O001O1O0010O0010O01O001O0010O001O01O0000001O01O0001O00001N101N2N2O1O1003L2O1O1N2O1N2O00000O2OO010001O1N11O00O100O100O010O2Md\]`1
20120528063154Uh_2,Uddo15ko13WPNO^o1<M101O3L100O0100O10O101O010OO11001O0O104J3M2J6L4LhZen1
20120528063154Uh_3,ndlY11oo16J1N2O000010O00100O0010O01O001O010O0000010O01O1O100O1O0100O010O1O010O10O010O0001O01O01O000000001O0000000010O00001O001O010O1O1O01O00001O010O010O010O010O01O10O0100O001N2O0O2O1O0010O01O01O0O2O0O1N2O2O0O1000010O0100O0010O101N1O010OO10O10001O001O001O0000001O001OhYo]2
20120528063154Uh_4,XiXU36io17I5M1N10000003N3L1O1O01OO0100O1O1O1O2N2O3M1OO1O2N1O2N1O100O00100O2OO100O2N101N11O1N2N1O1O1O1N2O1N2O1O2O1N02O2M1O010O10O010O100O1O1OjTaf0
20120528063154Uh_5,mTQf03ko13O1N2O00001O00000O011N100GIgPN9Xo18O1000000O0100001N10000O2O00N2O1O1O1O1O1O2O0O100O101N1N3O0O20O0010O01O10001O001O00O100O100O10O0100O10000000000001O10O00000O101N1O1O1O2M`jhT3
20120528063154Uh_6,nUmg06ho16L1O1O1O2O00O100O10000000O100O1O001O0010O10O0100N101O1O101N2N2N3K]inU3
20120528063154Uh_7,Y\iV23ko13L3N2N00000M4F:O2N1L3C=O02N2O0O1O2L4N3N10000K5N2O01O1O1O1M10OM5O2M3O1O2N01O000001O1OZOg0O101N100O101O000001O00001N101O0001O01O00000001O00001O00O2O010O0001O1M2O2O00010O01O001O0001O001O00010O0010O0010O010O01O010000O00100O10O010000O0100O001O0100O10O010O001O1O001O10O01OO101O010O010O0100O00100O1O10O0O1O01L50O1O2O1N3Lfi\_1
20120528063154Uh_8,T[_`25ho15M2M2N1O10O000000O2O0O11N10010O0O10001000O2N10O100O1O1O01O00001O1O100001O0O2O001O001O100O10O01000O101OO010N101O1O1O010O100000000O010000000O1000000000O01000000O010000000000000O10O10O100O1O2MWg`Y1
20120528063154Uh_9,b^W^13lo12O2M2M3O100O202L2O0O10O01O1O1O00N3N100O101O001O010O1O010O1O001O1O1O1O001O0001O0001O0000O10001N10001N102N2M101NJePNI[o15iPNIVo17lPNGUo189010O010O100O1O1O1O0O2OO00010O001O0100O1O1O2N1O2N1O2N101O01HoPN_OSo1?7O2N10001N2N2O010O000001O001O0010O010O1O100O100000001N100000O101O00001O001O001O1O001O001O0010O105J2OO01O10OO2O1O002MZb^X2
20120606063154Uh_1,Zkj^1a0[o19H5I7L5K5J5K4M2NROQRN0mm1LZRN2em1M_RN2_m1NdRN1[m1NhRN0Wm10lRNOSm10PSN]OWO=gm16ZSNHfl17]SNHal16cSNJ\l14hSNKWl13kSNNSl12oSNMQl12QTNMnk14STNLjk15WTNKgk17ZTNHbk1;_TNE\k1?fTN@Tk1e0mTN[OPk1g0QUNYOjj1k0XUNTOfj1m0[UNSOdj1m0]UNSOcj1k0`UNSO`j1l0dUNQO\j1j0`2K4O2N1N2O2O00001O1O1O1O10nMH\TN7ek1KZTN3hk1NVTN2jk10TTNOnk14nSNLTl13kSNMVl13iSNMXl13fSNN[l12dSNO\l11cSNO]l12cSNM^l12bSNO^l11aSNO`l11_SN0al11]SNOdl11[SN0el10ZSN0gl11WSN0il10WSNOjl12TSNOll11TSNOml10RSN0ol10QSNOPm11oRNORm10nRN0Sm10mRNOTm10lRN0Um10jRN0Wm1OiRN1Wm10hRN0Ym1OgRN1Zm1OdRN2\m1OcRN1^m1NbRN2_m1N`RN1bm1O\RN2em1OYRN0im10VRNOlm12QRNNQn13mQNLUn14iQNLZn13eQNM\n13bQNM`n14]QNKfn17UQNJnn1b02N3M2N4FcWoZ2
20120606063154Uh_2,mm`g04ko12O1N10000O101M2O1001O000000001O0000000000O10O10O1000O010O01000O0100000O01000O001O010O010O10O10O1N2O1N3NaRUU3
20120606063154Uh_3,cY]n26ho13G9N101O0000000cNJQSN6jl10SSN1ll11SSNNml15PSNLPm16nRNISm19iRNIVm1:cRNK]m1=YRNEfm1Z1010O10O100OUOdRNTO[m1d0PSNZOPm1d0SSNZOml1e0WSNUOll1j0YSNQOil1o0T1O1O100O1O1O1O1N2O1O100O10000001O010O010O10O2O2M2M3N1N1O2M3M201N2ORhfm0
20120606063154Uh_4,TX_R13lo11N3N100O1O1000O1000O10O100O1O100O0100O001O100000000001O01O00010O001O01O00001O001O010O001O01O000001O0000000000O1000000000001O000010O0001O01O001O1O0Nngjh2
20120606063154Uh_5,P^]P16io12O1N2O1N101O1O1N2O001O0O10000O100O0B@\QNb0an1CYQN`0gn1<O1L4O20O01000O100O1O1O1O100O1O1O1N2N2N3M2O1O1O2O0O2O1N2EiPNJXo14<M3NnbXl2
20120622063154Uh_1,]]`d23lo13VPNMco1901N002N2N1N2O2M101N2O0000000000O100O101N10000O0100O001O10001O00001OO10001N101N100000O1G^OTQNc0jn1@RQNb0nn19O001O1O000001O000001O01O0001O0000000010O10O01O010O00100O001O0O2O1O001O001O0000001O000001O0000O10000000O100000000000000O02O0O100000000O100O2O0O10000000O010000O10O100O100O10000010O010O02N1O2O0O1O1O0O100N2O100000O10001O010O001O0N2O100O2N1O1O100O2O0O1000001O001O010O1O101N2N3L3N2N2N2NPbeo0
20120622063154Uh_2,jb^P31oo13M1000O1001O10O01O0O10000O100O10001N2O0O100O1O0001O001O001O010O01000O11OO2O1O00000001N20O01O001O00001O10000O010O01O1O0O10000O2O000O010001O00O010O10O010O10O0100O10O0100001N3N2M2MdZmi0
20120622063154Uh_3,fehk13lo12N2N1N2N3K4N2O1O001O1O1O01O00XO\OVRNc0jm1@SRN?om1BoQN>Sn1CjQN=Wn1FeQN:]n1I]QN8dn1b00O1000001N101O0000001O0000100O100O010O01O1O01O01O01O01O010O001O001O00O2N1L4N2O1O100O10000O101O001O1O2N1O010O010O001O0001O001O001O010O01000O01000O010O010O010O0010O100O10000O100O100O2OO10O10O100O100000000O0100O1O10O01O01O0O20O01O0010O01000O10O10O01O1O100O1O2N1O1O1O001O001O001O1O011N101N1O10O01O001O001O1O1O100O2N1O0010H]QNPOdn1n09M201N101N101O00100O010O10O010O01O1O1O1O1O0010O01O001O00001O2O2L4M2M2OiXcf1
20120622063154Uh_4,jeXf01lo14M2N3M2N3M20O100O10001O001N2O1O1O010O0010O010O0010O001O00010O0000100O1O010O1O010O02N1O2O000000O101N1O001O1O010O01O010O1O1O1N2O100O1O100O01O0O101O001O001O1O001O0010O0001O0000001O010O1O00ZYkS3
20120622063154Uh_5,ohle13io18L3N3bPNBSo1f0001O100101OO1<C00O1O3N10O0O01UOSQN`0[o1M1O000000O1000O000100O000O101O102N1O01N100O0O2O0101N101M7J1O1O1O11N10001O0O2O1O0O3M1O002N3L2O0000O10O1000O11O100O000O001OO10000O10O10O10000000O1000000000000O101N1O1O1O2O0O10001O001O10OO3N\RoR2
20120622063154Uh_6,[ln\13lo14M2L3M3M3N3L3N2O001N100O2O010001N6K1N2O0O2M3N2H8L]S]a2
20120622063154Uh_7,Q[_U33lo12M3M2N100DHPQN:on1;10O10O1O1O00100O0100gN^OTSNa0ll1ASSN>nl1DoRN=Qm1DnRN;Rm1GkRN;Um1FiRN;Wm1EhRN<Xm1EfRN;[m1EdRN;]m1FbRN9_m1I^RN7cm1NWRN2jm12PRNOQn1P10O2M3N2M4H6N3L2L5N01HWOYQNk0fn1710O010O0BnNPRNQ1im1ZORRNg0lm1^OPRNb0am1nNiRNh1Wm1[NfRNc1]m1aN]RN_1dm1>10O001O01OO2L20OYNlMfUNT2[j1oMbUNQ2^j1QN`UNn1bj1TN[UNl1ej1VNXUNk1ij1VNSUNl1mj1WNnTNj1Sk1XNiTNh1Xk1\NeTNc1\k1`NaTN_1_k1hNZTNX1fk1mNVTNP1lk1TOPTNl0lk1e11O1CnSNeLZl1X38M3O2N101N1O2N2N2N10100O001N1O00N300O10G8J6N2N2F]RNYNcm1g1aRNUN[m1i1nRNTNQm1m1?2L3O21O1O1N2N2N101M2O2OE]NZRNd1bm1bNZRN_1fm1>O11B[RN`Ndm1^1aRN_N^m1b1dRN\N\m1c1gRN[NWm1f1kRNYNQm1j1b01OO1M4N2O2O0O2L3N2O1O1O001O1O1N2O2N100O10O01O00100O00100O001O000M2N2O2N1O1MZO@URN>mm1EPRN9Sn1IiQN7Xn1NaQN3an1d02N1O2N1M3O2O0O1N2O01NM400011O0101O000HjPNFVo18:01N101N3NgoV>
20120622063154Uh_8,W\[T1;1K[o1`0M3M3L3N3XQNoN[n1U1aQNoNZn1^1N2N2N2N2M2M4MROWRNIgm12YRNSO9e0[m17PSNFnl1:XSNBel1>cSN]Obk1LiSNi0j0XOXk19gSN?U1UOTk1?cSN>nm1j0O1O10O2N100KlQN`NTn1]19DfQNPO[n1l0?NLQOYQNP1en160N3N1O200O0FXQN\Ojn1b0:00001O001O0010EiPNLXo12mPNGWo18:O2MefXh2
20120622063154Uh_9,[\_e13lo12M2N20000O100001O001O001O0000O101O0O100000001O0O2O001O10O01O001O0010O01O00100O1O100O0010000O010O100001]OgPN;ao1O01N101N2N3M2N3M2O2M2N7I3ZQNlNZn1`1M1O00O1iNQRN=om1AURN=lm1B[RN7fm1G]RN7dm1H^RN7bm1G`RN8bm1F`RN8fn1N2N1O2N1O2O0O1O00_aTU2
20120622063154Uh_10,f_UP37ho12N100O100O1O1N2L4K5N2M3N2O100002O3L2N101N1O001O010O001O00000O100N2N2O2N100O100O10000O101M3Mb`ll0
20120707070914Th_1,nbhV14ko14L2O1O1000O100O02O1N1O010O1000O1000000O10001N10O0100000O2]PNKXo1?O01O0O2N101N11OO2O1O1O1N101O0O2O0O100O010O10O01000O10O002N2NY\]e2
20120707070914Th_2,ac^f24ko12O1O010O2O1M4M2M4M2N4M3N3NO0N10OO2O0O2O0O1O2O0O10001O1O1O1O2O0O2O0O1O2N2N010O010000O01O101N3L\[aV1
20120707070914Th_3,leV_13no12N1N101O001O000000000001O00O10O010O02N10O0000001N10010O01O010O01000O1000O10O10O010O01O1O1O1O1O000O10O010O101N101N101N110O0100O000001O00000000O1001O01OO2O001O01O010O00001N100O2N10000010O0001O0001O00001O010O01O10O000O1O00101N101N2O2LnX_Y2
20120707070914Th_4,Tib\14jo13O0O20O0101M2BJPQN8nn1KmPN9Ro1=N1O00104K000002N1010O00O2O1O1N2O0N3O0N101N2N2N1O1O1O101M2N2N2N2NcUg`2
20120707070914Th_5,ak`S35ko11ZPNK_o17]PNMao1;N000O02N1M3N200O1000000O10O100N2O2N100O1000O10000O2O000O1000000000000O101O000O02O000O100O01N2O010O1000000O100O100000O1000O0101N10000O20NkTog0
20120707070914Th_6,cVS`02oo12M4M2MO1O100O100000000O2O0000O10O00010O10O100O001O10000000O0100000O10000O01000O010O010O10O10O10O1000O1000O10001O000000000000001O001O1O10O01001N100O1O1O1N3M^inZ3
20120707070914Th_7,jVo[32mo12O1N2O2N1O1O101O001O000O10O01O1O2N1URN_OVl1b0gSNAWl1a0fSNBYl1?cSNA`l1`0\SN_Ohl1c0SSN]OQm1c0kRN\O[m1c0`RN^Odm1b0URN@om1b0kQN_OWn1R14L4M3L4L5L3]OjPN7co1K4L3MWhda0
20120707070914Th_8,nZUc11no13N0O2O0O2O000O1000000O10O10000O010000O1000000O10O0100O1001O001O00O100O010000O010O1000O0100O10O10O0100O100O10O02O0O101O0O3N2N1O000001O0000000010O0O10001N01G9N20O0100000O1000000O10000O01O100O011N10O10O01O1O1O001O10O010O100O100O1O100O010O1000O100O1O1O100O01O010O1O00100O0101N101O0O01O1N1010O0001O0O2O01O010O001O1O002O0O2N100000O0O2O01O00001N1O2N110O01O10O0100O010001N10O2O00000O100O100O1000000000O2O000O100O010O100O10O010O101O000O100O100O100000001OO10001O000011N10O01OO0100O1000001O0000000O01000O1O010O10O100O10O01O10O01O10O0100000000O100O00100O10O2N2DaPN4ho1M\g`k1
20120707070914Th_9,hXcd02no12O1N1O10O0000000O10100O02O0N2O2M3N3N001O02O000O01O1O10O0O2O00001N10000O10O01O1O001O001O0000001O0000000000000000O10000O010O010O0000001N10001OO01L4M2O2O02N1M3O3I7KVgXV3
20120707070914Th_10,[ded13ko15aPNLjn1f0O2O1N11O01O01O001O00001O001O0O2N100O1000O100O1O001N2L4O10OO2O1O1O01O1M5L4N0M4M200O10000O10000000O100O1N21O00000O1000O010000O0100O010O1O001O1O010O100O100O100O1O1O100O1O010O2O0O100O1O100O100O1O1O2M2O1N1010001O0000000O100O1O100O1000000000O1O1O100O1O100O1000O10O00100O1O101N100O010O010O001O010O010O00010O10O010O1O1O1O101O001O0O2O1O1N3N1O1O00O1N201N1001O001N100O1N1M4N110O20O01O2O00O010OO2O000O1000O0010O00GVRN^Nim1^1=0L6O001O0O2O1VO_NUSNa1jl1cNRSN]1Pm1cNnRN^1Sm1cNiRN^1Xm1e01N1O1N1O2O0O02O001O1O0O2N1000001O010O0010O00100O10000O10O100N2M4N1000001O0000O100O1O1L4N2N2O0O2O00O10001O01O01EkMiRNV2Rm1=01O1HWMXSNk2bl1<010O1O1O1O1N2N2N2M2O2O1O1O001M2N2O2O010O0000O1O01O11O01O101N1N2O2_O`RN^Nam1a1cRN[N_m1b1eRN[N\m1d1a0O1O100N2M3M2O2O0O11O011O01O1O1N4^OXQNEkn16ZQNFhn18[QNFgn17[QNIen15^QNIdn15]QNKdn13]QNMdn11^QNNZo101Ok`Rf1
20120707070914Th_11,YgmQ25io14I7M5L1O100O10O11O2M3N0O010O001O1O2N1O100O0101N20OO1O1O001O1O002N1O1O3M2M2O1O1O1O1O1O2N2N2N1N101O00000000O1000O10001O00001OO10O1000gWli1
20120710063134Lh_1,QdhW14ko12O0O2O00000O10O01N2O1O10000O2O00000O100O101N100O2O0O101O00000000000000000001N101O0O2O00001O00001O0O101O00000O2O000001O010O0010O10O010O10O00101N1O1O1O2M2Oh[[c2
20120710063134Lh_2,hhng03do1=I?C3M2N2M2N3J5M3N3N1OQOPRN0nm10WRNMdm16`RNG`m16eRNHZm16lRNGSm19VSN^Oil1e0R160100O100O001NKXQNUOhn1j07000000001O01O001O1N2N2O1O0O2O1O001O1O010O01O010O0010000O1000O10O10O10O01O100O10000O11O00001O001O1O00001O000001O0000010O0000000000001N101N1O2N101N20O010O100O100O01000000O10O101N10O00000O2O0O2O0O2N3MPYSP3
20120710063134Lh_3,`gbo03lo12N2O1O0O2O1M4OO2O0O2OO101O001N2O0O010O01O001O00001O01O010O0101O0O110O000000O101N1O1O1O01O0000100O100O100000000001O1O2N1O1O0000O0100O10O100O0010O01O001O010O0010O01O001O0001O00101N4L6J1000O2N1N2O001N1O1N200O20O010O2O2M2N10O010O0101O1O1O02M2O1O01O1O10O2N5K1N2O0O101N1O2O1N1O001O01O0001N101O0OXUYg2
20120710063134Lh_4,nk^j183OYo1`0K7H6J7J=A?@8K5L4LoMmRN\1nl1bNXSN]1dl1bN`SNe1Wl1ZNkSNg1Rl1ZNSTNb1lk1]NWTNa1hk1`NXTNOI=nk1D[TNINa0gk1F[TNF3c0`k1G^TND6c0\k1H_TND7b0[k1I`TNC?;Qk11bTNC?9oj1M^VN2bi1LaVN1ai1O`VNNbi11W30000000000000001O01O00000001O001O1NnTgR2
20120710063134Lh_5,j`mc14lo11N3N1N3N0O1O2O0O2N1O2N3M3LLmPNAnn18RQNH4N_n1c0bQNYO33Tn1j0a0201O1O001O0010G8M5K4O1O2N1O10000000O1M03N2O100O1O101O0O1000000001O01O00001O001O0010O0100O01001N1O2NhajW2
20120710063134Lh_6,jbi_12mo12O1N3N5J20O010O002O0O1O2OO01O001O01O00010O001O00000000000000000000000O1000000000000000000O10000O010O1O1O0O2O0O2O1O010O100O1000000O1000O001N2N2N10100O0100OLbPNG_o17501O1N3Md]nZ2
20120710063134Lh_7,Zeko1281Zo14_PN0_o1:O1O00001O01O01O0010O000000010O0000100O1O010O00100O2O00O01O001O001O001O00O100000001O0000010O0000001O010O001O0O2O0000O100O10O10000O2O001N10001OO100000O010O100O1000000000O10000O100O010O1000O010000O010O001O001O000K5O20O01O10O010000O2N3NeZfh1
20120730072014Th_1,jbbj23lo12N2QOLoQN5om1NoQN3Pn10ZQNI?8lm1IiQN>7Knm1Y10O01O100O01O1O1O1N1O2N2^O_QNDan1;cQNB^n1=eQNAZn1>jQN_OUn1b0mQN]OQn1d0QRNZOom1g0RRNXOnm1g0URNVOlm1j0f0O00000O10000000000O1O1N2O2N101N3BePN3fo1N1O`^_R1
20120730072014Th_2,Qi\o05jo12OO1000O100000000001O010O0000O100O10O010000O10O10O010O00010O01O01O01O01O010O1O100O010O0100O1000000001N100000O10O10O1000000000001O001O0000000000000000O10000000001O010O001000O1O10O01O0010O01O0010O010O01O0000010O01O10O0100O10O1001N2O1O1O=C;E8IO0O2M3J<POSWgh2
20120730072014Th_3,Tjf[23lo13N10000O100001OO010O010O0010O010O0010O00010O00100O2N2O000O10000O10O101N100O0010O010O0001O0O2O10O010O10O010O01O010O01O01O01O01O011N3M10O1NiTm_1
20120730072014Th_4,jkhd13lo12O1O010O1O100N2O001OF]PN7ho1N010O00000000010O0001O00001O001O001O001O01OO10000O1000O10000O1000000001OO010000O0100O0100O100O1N20O10OO2O100O100O100O010O100000000O100O10000O02O00000O01000O0100O10O10O0100O001000O100O100O10000O0100O1000O10000O100O101N2O`TcS2
20120730072014Th_5,RRi[21no12O0O2O0O1O100O1^OI[QN8cn1KZQN6fn1KYQN5gn1LWQN5in1MSQN6ln1?01O0O3N1N1N20O01000O100000000001O001O1O2N1O00000001FZQNXOfn1f0^QNXObn1h0^QNXObn1g0`QNXOan1f0`QNZO`n1b0eQN]O[n1a0gQN^OZn1b0b0O01000000001O000O10000001O0O1010O000O10001N10O100000000000O1N200O11O000000O1O1O010O01O100O010O1ECSQN=mn1EoPN=Qo19001O001O001O0O10000O100O2O2M3L2N3O0O10000O101O001O0O100O1O2NnnT\1
20120730072014Th_6,RUeh11no12O1N101O0O2O1O0010O01N102M3M3M2N1O2N1O10001O0O101N101N3M2N3XQNlN_n1]1M2O1O00100O1O2hQN[NQn1k1O0000N201N11O001O001O1N2O1O1O1ORO_RN]Oam1a0gRNYOZm1e0jRNWOWm1i0P1O11O001000000O01O000001O020VRNPOal1S1ZSNPOel1T1fRNROGMcm1Q1aRNA`m1`0[RNDem1[11O100O001O001O010O1O0010O01O0K6M202M200O01002N4K2eNbQNQ1hn10UVNQOcd1Q1U[NWOid1k0jVNkN_3e0je1=dVNPO]3i0oe17bVNROX3n0Vf11]VNTOZ3n0Zf1;_YNLgf1NVYNDRMZOii1P1TYN_O_M]O^i1S1RYN^OeM]O[i1S1nXN_OkM\OYi1T1hXNB[h1;cWNEah1:XWNlNbMf0]k1<lVNoNfMf0ck1;eVNI^i1XO[TNg0V21ai1UO]TNh0Q23mi1JRVN6Rj1HlUN9Uj1GjUN8Yj1HdUN5aj1K]UN3gj1OUUN1lj10QUNOSk11lTNMVk14hTNKZk16dTNJ]k17`TNJbk16\TNJfk15YTNIkk18PTNITl16iSNKYl16gRN\Ob0>jl17`RN^Ob0<Pm1b0jRN@Ym1`13N3L2M4L3L5L4L4M3N101O1O1TO[QN<hn1@\QN=Uo1FgPNJ\o11Whbm1
20120730072014Th_7,`ZY`16jo13N7I7I2lRN]Ogj1c0VUN^Omj1a0oTNASk1e0bTN]Oak1P1eSNgN[O;Um1n0iRNlN7?Um1j15J6K6I9G9F8I8H6H6Ejc^^2
20120730072014Th_8,j`k`25ko13M2O1O1O0000O1O1O010O0001O001O0O100O100O1O10000O0101O00O10O01O2N1N3N102M2O10O010O00100O0O2OO010O11OO100O1O1O002N1N3N1O10O0010O01O100O100O10O2O0O101O0O2O2WQNlNTn11TRNZ1im1gNWRNZ1gm1gNYRNY1fm1hNZRNX1em1iN[RNX1cm1jN^RNT1bm1lN_RNS1am1mN_RNR1bm1nN_RNQ1`m1PO`RNP1`m1PO_RNQ1`m1PO`RNP1`m1PO`RNP1_m1RO`RNm0am1SO^RNn0am1TO^RNl0bm1VOZRNk0hm1f00O1O100O10O010O10000O10O0101N1O3NZNXRNU1fm1iN_RNV1`m1hNbRNX1]m1hNeRNW1[m1hNfRNW1Zm1iNgRNV1Ym1jNgRNS1]m1mNcRNQ1^m1oNbRNQ1_m1oN`RNk0fm1WOXRNh0im1YOVRNf0km1]OQRNe0nm1f001O1N11L4N2O4M6I4L3N0O2N0010O0O2K5O00100N1NKbQNnN]n1Q1iQNiNYn1V19O1O2N1O001N1O01N200O1O1O01O01O10O101O2N0010O01N1N2N2O110O000L4O10O2OO1M2001O002N1O2OLnPN\OQo1`0:M3NablR1
20120813063134Lh_1,jaVX14jo12O2N0010O10O10O1000O10000O010000O010000O100000000000000000000O01000000000000001O001O0000001O00001O0O1000000O2O001O0O2O001O001O0010O00100O1O1O1O10O0100O2O0O100O10O0100O010O0100O02O0O2O1N2N1O103Lb]ea2
20120813063134Lh_2,dd`R32mo12O0O1O1O100O1O1O100O1O1000O010O01O0010O10O11O000000000000000001O001O0010O02N2OO01O1O010O2N2N100O10O001O00000O100O101N1000O100O1O100001O001N101O00100O0010O01O101M2O100O0101OO7J1N010OlZgg0
20120813063134Lh_3,hdla12mo13M2O1O1O1O1O001O1N2O2M1O3M4L3MJnPNAPo1>TQNAkn1?VQN@jn1?YQN^Ohn1b0;0001O00001O01O00001O01O010O00100O1N101O1O0010O01O0010O00010O01000O01000O101O00000O100O100O10O010O2N2O0O2O0O10O010O10O10O0100O10O010O10O0100O1O100O100O0100O10O010001O00000000000000001O000O2O00000O010000O10O01O001O1N100001O100O2N2N1O2MQY_U2
20120813063134Lh_4,cVYf22mo13M101A0jPN4So1?N3N3M1O1O2N2N3N0O0001N1SO[QN>dn1@`QN=bn1@fQN1cn1Og0O10000O100000001O00_ihW1
20120813063134Lh_5,oYie21no13M3N2N1O2N1O2OO01O0000O10RNDXTN<dk1MWSNI4:el10lRNGF3g06gl12bRN9d0Ekl1P1bRNiN49Zm1n1100O3M2O1M2O2L3N2M3N101O1O2N101^NfQN:2`0`n1\OeQNKN;^n1ITRN1nm1MWRNOjm1OV1LegdW1
20120813063134Lh_6,Z][R24Wo1M[QN5bn18mPNOPo1a0N2J311000N3N1H9LhN^O[SN?hl1CWSN;jl1GTSN8nl1HRSN7ol1JPSN3Sm1MlRN2Vm1NjRN1Wm10hRNOYm11fRN0[m10dRNO]m11bRN0_m10`RN0`m10_RN0cm1O\RN2dm1OZRN2gm1MXRN3im1NURN2mm1MSRN3nm1MPRN3Qn1MoQN2Sn1NlQN2Tn1NkQN2Wn1OgQN1Yn10eQN0]n10bQNO_n11`QNObn11\QN0dn11ZQNOhn10VQN2kn1NTQN1nn1OPQN1Qo11kPN0Wo1;1O1O100O2N100O1O1O001M3N2O1O2N2MWeji1
20120813063134Lh_7,U\a_1:`o18M3M2N2N10000OO3M2N101N1010N1O2N101O1O100O001N1000L4O101M2M4N2N3N1O101N100O101N101Nfdh]2
20120813063134Lh_8,b]_V21oo1101N6K1N10O0100O010aPNHTo19jPNIVo18fPNJ\o1=0O010O10001O000000000000O01O1O4M1N1O1O001OO10000O100000001O0O2O001N101O0O2O000O2O001O00001O01O0O4M3L3M101N10000O100O10000O10001O010O0100O010O00000010O00O101N1N2O1O001N2O0O10O100M4N1O2O1N3Mgahb1
20120813063134Lh_9,Q_gQ23lo12N2O1O1O101ePNGkn1;RQNHmn1:nPNIRo1c0000O2O1N2O0O2O0O100O2O0O1001O02N100O1O2O0000O001O2N00O5Ja_lk1
20120813063134Lh_10,be[X17ho16J2O1O1O0O101D^OVQNd0in1:0001OO1O1O2O0O2O001O000000001O000O2N1O1O101N1000000O10O1000O100N2N2N2O2N2MhZfd2
20120930063534Lh_1,b`nb24ko12N2O0O2O0O1O0001O001O010O10O010O010O10O010O01O1O001O1O1N1O2N2N1O2N2O2O001O000000BPQNLPo12TQNLln14TQNLmn12UQNNjn12WQNMjn12VQNOjn10WQNOkn1NVQN2]o100O100O1Oa_eY1
20120930063534Lh_2,Zddj05ko11N3N00100O1O1O1O2N2N1O1O1O100O10000O1000O010O1O2O0O1O10O0100O10O10000O100O010O2N2O0O2N3N3L4L4L101N2N100O101N4M1N1000O010O100gNQRN?Pn1^OTRNa0lm1]OYRN?im1^OZRNa0dn1N1N2O0O2O000O101O00001N101N2O0O2O1N]YQP3
20120930063534Lh_3,Qe`f22ko17K3N1O1O1N2O0O2C_OXQNb0gn1AVQN`0jn1BRQN`0nn1:N02O0N3M3N2N2O1N3N1O2O0O10O01001N100000000O10O1000O01000001O1N2O1N2N2M4K]Z]V1
20120930063534Lh_4,\j`c14ko14M3^PNHVo1f0L2M4M2M3N4K2OO100lN_QNg0bn1UOdQNi0ln1N2N1O100001N001OO101N1N3N101N2O000000000O2O1M5KhSSZ2
20120930063534Lh_5,aQU]23jo17K7I8H5K4L3N1N2N3M=C2M3M2M2O2N011N1O3M_NfRN`0Xm1@lRN`0Pm1@TSNd0dl1\O`SNh0Yl1WOkSNi0Ql1XORTNh0jk1YOZTNg0ak1YOcTNg0Xk1[OlTNd0Pk1[OUUNf0ej1[O_UNe0Yj1_OkUNa0Pj1ASVNa0gi1@\VN`0ai1@kVN:Pi1DUWN<gh1D\WNTOaMS1Pk1EPXN8lg1EZXN9eg1EaXN8^g1FhXN7Vg1HPYN5of1GWYN8gf1G]YN8bf1GaYN8^f1HcYN7\f1IeYN7[f1IfYN6Yf1KfYN7Yf1IgYN7Xf1IhYN8Wf1HhYN:Wf1ClYN?Sf1_OoYNa0Pf1_OPZNb0oe1^ORZNb0ne1]OSZNc0le1]OUZNc0je1]OXZNb0ge1^O[ZNa0de1_O_ZN1\K2Sj1MeZNJ^K7mi1NT[N1jd1OX[N0fd11\[NObd11`[NO]d13d[NLZd15i[NJQd1;P\NDnc1=T\NBkc1>k500O100O01O10001O01O0N2O2O001O00O20O0100O00100O0100O0100OO2O01O000O100O101O01O10O01O010O01O001N1N201O001O0100O01000O10O1000001O00101N1O100O100OGoPNCRo1:RQNDnn1<TQNBmn1<=O001O0010O010O1O2O1N101O0O10000O1000O1000000000001N2O001N010O10000O100001O0O1001O0O100O1000000O010000O2O1O1O10O1O0000000001O001O1O1N101OO20N11O01O1O010O02N1O2N2N1O0O2M2N3MooZT1
20120930063534Lh_6,eSWU11no12O0010O01O00010O0010O01O100O010O1O010O1O100O2O000O0100000O2O00001O1gPNCkn1?RQNDmn1=oPNFQo1d010O10100O0100100O1O10O3M2N3N1M1O1N8G7ITjVg2
20120930063534Lh_7,cY]Q34jo13N2N2M201N100O1O01O00O100O110OO2O00001O0000O2N100010OO1I8N1000M4N2O1O2N101N100O0010O0010O0100O10O1O10OO2N10O2N1O20O01N2N1O1O10000001N1N3N2N20O0100O1000O01O100O1O100O2O00000O10001O00001O1N\hdh0
20120930063534Lh_8,iXin15ko11O2N100O10000O100O10000000O2O000000000000O10000000010O1O1N2fPNGjn1;QQNHon1d01O1O1N3N1N3L4K5L4L3Noe`n1
20120930063534Lh_9,Qaci01oo11N3N1O1O1O2M2O1N2O1O000O10000O10O0100O1000O101N101O001O001O000O1000O1000O0100O1N2O10O100000O101M2L4M3O02O1N102M2O1N2N101N100000O100O100O01000000O0100O010O1000O1O100O2N1Oa_PQ3
20120930063534Lh_10,ifUe13jo16K3M4M3N1O1O1O1O001O1O100O2N001O0010O0000010O00010O02M3N2N3M3M2N2N1O1O1O2N101O0000001O04K6I3M3N2M2O2N1N3]OmPN4Wo1GmPN7`o1M2O001O001O2O0NjWlV2
20121024073354Uh_1,a^lU23mo11O1O00001O00001O010O001O2O7H3N1N1O00FhPNKXo14lPNIUo16;O100O1000O010O100N20O001O100O010O001O001O100O100000O100O2O00000000000000000O10O1O1O010O1000O10000000000O1000000O100000000000O10O10O101O00000000O1000000000000000000O2O001N10001N1000010O01O1N2O1O2M2O1O1Nga]b1
20121024073354Uh_2,bc`[11no12N2M3M201N102N7I10O010OO10O1O1N2N200O2O000001O002N2N2O10O00001O100O1O010O1O0100O1O100OO1000O0101O0001N10O02O001O2O0O010N3N3M5L:E10eNbQNW1bn11N2N2N2N2OaNRRNP1]n100O1O00001O100OO10YOQQN=ln1BXQN`0dn1_O^QNa0bn1[OaQNf0mn10010O0O1O0O2O0O101N100O1N2N2M4M2MiXQ^2
20121024073354Uh_3,heZi22mo13M3N2N2N1000O10O01O000010O010O1O010O1O00001N100N3J5O2M3O1O1N3N1O2O0O1O010O0100O010001N2O5K1O3M3L101N1O01OO01O2N1N3L4K5M4L3M4M2O2AiPN0Zo1ISQNOcXaR1
20121024073354Uh_4,kjRi21oo11O001O001O00101N10O000010O00000000000000010O0000010O00001O01O00000000000001O0O10O1000000000000O01000O100000000O1000000000O100000000000000O10OO2O1000O1O100O0100O10O01O0O1O2L3O100O1O01M3M4M2O200O100000000000000000010O00010O010000000O2NdUao0
20121024073354Uh_5,WodZ15io13M2M3N2N1M4K4N3N1O2O0O2N1lNT1L4N200001N2M4L;E9E8kN^QNd0Ro1@lPN0Uo1MoPN0So1LQQN3^o1O2NgQ_c2
20121024073354Uh_6,[QeX11mo13M3K5J6N1O1N3L3N3N1O1N2N10000001N0\O[QN0dn10fQNGZn19e00O2N1100O2O1N2N2L5LUP]e2
20121024073354Uh_7,VSQh11mo13M3M2O101O01O010O001O010O001O00010O00000000000000000O10O10O1000O10O0100O1O010O1O1O001N1O1O1GFlPN;Ro1;N10O10O1H8F:L3NN4010000SOVRNBmm1<m0J6N3LRolS2
20121024073354Uh_8,T[Yi03ko12O101OO010000000000O1000O010000000000000000000O10O10O0100O010O100O101O00001O00O10000O1010O0001O000O101O01O0000000001O0001N1000000000000000000001N101N2OQelQ3
20121024073354Uh_9,P\U]23lo12N101O0O2O0N2N2K5O10000010N101O0000001N100O10001O0O10000O0100O100000O100O100000000O101O001O00010O0000O10000000000000000O100O1N2O1O1O1O1O1O10000000000O2O0O1O2M2L5N100000O1O2M2N2O100O101O00\UN\Ole1c0QZNBoe1=nYNGQf18oYNIQf18nYNHSf16mYNKSf15lYNLTf14kYNMVf13hYNNXf12gYNN[f12dYNN]f12aYNNaf12^YNMdf12[YNNff13XYNMjf12TYNOmf10SYN0nf10RYN0nf1ORYN1of1OQYN0Qg1NPYN1Qg1OnXN2Rg1OaXNEeL;kj10^XNL`L6Rk1OZXN?gg1CTXN?mg1BPXN?Qh1BlWN?Vh1AdWNc0]h1^OXWNk0jh1UOSWNk0Ri1SOnTNDY1X1Pj1QOcTNLY1o0[j1UOTTN5]1e0aj1O\UNMfNlNPl1X1VUNFUk1=dTNF^k1i0QTNWOQl1[25K3L9H4L3M2^MPSNP2im1@=I8Hc0\OSblY1
20121024073354Uh_10,[^mS39fo11N1000O010O0000010O01O000O101O1O00010O0100N2O0100O10000000O01010O00001O00001O0000010O00001O010O1O1O100O100O01000O010O0100O10O101N1Oeclg0
20121024073354Uh_11,WbWo01oo1100O10000O10O0100N2O1O1O1O1O1OO010O010O01O0O2N1L5N2O10O1O100O1O2O1N2N101N100001O0O101N100N2O0010000000001N100O10M2O100000010O010O1000O0100000000O1O1L3O20O010O1O00010O0010O01O001O0100O10O01N110O010O00010O0100O010O001AITQN7ln1LPQN6Po1<1O1O101N10001O000O1O1O0010O000O2O0O2N1O1N200001O01O0010O1001O01O1O0K6M2O0O20O01O001O01O010O010O01O00O1N2E<K4O2O0010O4L5K4L3M2N101N1O100O010O010O001O00O1J6M3010O01O0O1O1N1O00J6L6O1000O100OO01L5O001010N101O001O000001O01O1N2O1O100O101N1O1O3LfbZb2
20121125063154Uh_1,VobW33lo14M2N2O1O1O00100000O0000010O10O1O1O2M10N10O010N2K500TI^OdWNMc6e0ia1BV^N>ka1BT^N>la1CT^N<ma1CT^N<la1ET^N:ma1FS^N9na1GS^N6oa1IR^N6na1KS^N4ma1LS^N3na1MR^N2oa1NP^N2Pb1OP^N0Qb10n]N1Qb10n]N0Sb10m]N1Rb1Om]N2Sb1Nm]N1Tb1Oj]N2Wb1Nh]N1Yb10d]N2]b1NV]NGUJ>fh1LT]N<mb1EP]N<Pc1Fn\N:Sc1Jh\N6Zc1Kc\N5_c1J`\N6bc1J[\N7fc1IY\N7hc1JU\N7lc1IQ\N9Pd1Gn[N:Sd1El[N<Ud1Dj[N;Xd1FmVN_O]4j0id1HdVNCa4d0md14Q[NMPe13oZNLTe12kZN0Ue10iZN1Xe1NgZNIfKBci1e0dZNImK@_i1h0SZNQOcLk0M[O^i1j0nYNSOcLk03TOci1l0bYNYOdLh0\j1LmXN7gLRO`j1f0fXN7eg1IYXN6ig1KTXN]OoL>oj15PXN[OUM=nj19iWNZOZM;Qk1;cWNYO^M;Qk1;`WNZO_M:Tk1;[WN[ObM:Uk1;WWN[OdM9Xk1=PWN\OfM8\k1<jVN^OjM5`k1b0\VN]OPN2gk1X1^UNZOfj1i0oTN[OVk1e0`TNBck1=YTNDlk1;nSNHUl1P22N3M3M2PMXSN21U2il1aMkSN]2nl1N100O1O1D_RNWNcm1d1bRNZN`m1b1b0M4CcQNlNdn16bQN9gn1CdSca0
20121125063154Uh_2,RnPm24lo13L6K4K4M3N1O101O2N0O1O3M1N2O[OUQN4kn1IYQN7fn1H\QN7dn1GbQN4_n1LcQN1^n1NeQNO]n1OWRcQ1
20121125063154Uh_3,YSc]24ko15TOH]QN1Ka0Zn1m0]ObNaRNa1\m1cN`RN_1_m1eN\RN]1cm1eNYRN]1hm1=1N2N3K5XNRRNX1^n1I<G5UOnPNa0fo1BhlZa1
20121125063154Uh_4,`Woc23mo10O101M200001O1O010O010O0010O010O2O0000O001O00010O01O010O10O0010O0000010O000000000O1000000O100O010O010O10O0010O000000001N1O100O1O1O1CIPQN8Po1;00001O1O3Lbi\W1
20121125063154Uh_5,RZYS35ko13M4L2O00O1O001OO10OO2N1O1M2G9L401O0L4L4J60H9K5O101N2A?N101O0010O0100O001O1O1M3NigTj0
20121125063154Uh_6,a[ko15ho14K3N3N1N201O01O1O1O100O100O100O0100O1O0O10N2O10O01O0010O100O1000000O01O101O1O001O010O0001O0O1O1000010O01O010O001O100O1O1O0010O01O1O1O1O00100O0100O010O10O01O10O01HN`PN4_o16O2O0OKdPNJ[o15iPNHXo18701O01O0100O0010O010O0100O100O010000O100O100000000001O001O0O2O00001O00000000O1000O100O100O100OWgdg1
20121125063154Uh_7,]]_k11lo15N2O0O101O1O1N2O1O1O1001O00O000010O00001O0O2O0O100O100000O10O1O010O1O001O000001O000100O001O010O00010O00000001O0000001O00001O00001O00000O2O0000001O0000001O0100O1O1O1O001O00001O00000001O00000000001N10001O00000O10O01O00100O100000O1000000000O100O1001O0O2O1N101N1O100O10O010O10O010O010O0001O0010O010O00001OO101O0O110O0100O10O10O0100O010O001N110O10O10000O10O010O1O1O100O10001N100000O2N1O1O100O0100O1O010O0O101O00000100O010O100O10000O10O10O0001O010O001N2M3M2ON11N3L4O1O1O001O001H72O1N1N3N1O100O2N1N3M2O1001NOM32O1O2N101O00O1O10O02N0101O1O2N1O1O1O1O1O1O100O010O01O1O00O1O10000O100000000001OO01O0100O100O100O1O1000001O01O0001O010O0100O1O010O00100O01000000O10000000000O01000O100O1000O010000O1000000000O10O10000001O0001O01O010O00100O100O010O01O01O00010O001O2N101N11O0O3N3M1O0O10O01O0010O000000000000000000000000000O100000000000O11O000001O000000000000001O010O001NcejY1
20121125063154Uh_8,P\kl21no12N1O100O100000001O00001O0O100000000O2O0O101N101O01O00001O0000000010O0001O00O100O1O1O100O100001O001O1O0O2O0O2N1O100O101O00O100001N101MTdln0
20121125063154Uh_9,o_c_21no11O100O1O2N1O2N0010O010000O1000O1000O10O01O10O001O001O000001O001N2O0O2O10O00001N110O100O001O01O0O2O1N1010O010O10O100O1O0001O1O001O01O001O2N1O1O1O001O10O10000O1000O10O10O10O10000O010O100O010O100O100O100O1O1O1N2O001O1N3M2O1Ola\Y1
20121125063154Uh_10,l`UV15io14J5N2N100IAkPNa0To141O2O10O0100O1O010O0100O10O010O001N1O10O2CAXQN?gn1EUQN=in1=0001OO10000O11O01O100O001O00O11N1O01O100001O1O1O1O2M2O1O1N2O001O1O001O1O1O1O100O00100O1O1O1O2N1OUald2
20121125063154Uh_11,Qbof14ko11N2O2M2O101O00O2O0O1O10O010O010O010O1O1DIoPN7Qo1KkPN7Vo190010O0000O2N1O10O010O0100O010O10O100O100O2N100O1000O010O1000O01000001O1O001O001O000001O00000000000000000001O000001O001O100O1O01O001O001O0000O0100O0100000000001O0O2O00000O1O2O0O2O0O101O01O00000O1000000000001O000000000100O1O100O010O00010O01O010O01O0001O00001O001O1O1O10O1O010O001O00001O00000000000O2O0O100O100000001O00000001O00000000000000O10O011N100O101N100O10001N1000000O10O1N2O1O100O101O0000001O0000001O00010O1O010OO3N3L2O0001O1O1O1N2O0O2O0O3Nm]di1
20121203063334Lh_1,SdlQ14lo12M3N1N101N2N1N3M2N3L5M3N2N100001N101N1O100O100O1O1N2O1O1N2O3L5L2M2O2M^[kk2
20121203063334Lh_2,ddXe23lo14M2N1O100O1O001O10O01O001O0010O010O0101N101N2O1O1O1N2O2O04K4M1O00O1]QN]Ohm1b0SRNEkm1<oQNJPn1<fQNIXn1Q100O01O1O4K5K6K5J3N5L2M2O002OO01N3M2M3M2N2MSXoV1
20121203063334Lh_3,[fPV26ho14N2O00001O00000000000O100O100O2O2N5L1N10O0000000001O0010O1O1O1N2N1O1O1O2N1O1O2N1O1O2N1O2N2N1OQXof1
20121203063334Lh_4,QiRm03ko1?B4L4L3M2N2N3L3N3L3M3]OcN]RNb1bm1aNVRNd1Xm1YNSSNR2kl1RNRSNn1nl1UNmRNm1Sm1`01O001O1O2M3N2N2N3M3`N^RNHNMfm17`RNF2O^m1L[RNN=1N3Xo1MSVoP3
20121203063334Lh_5,Thnf12no11O1O1O001O10O01O10O0001O00010O002N010O000100O010O01O010O010O10O10O10000O2OO10O100000000000O100O100O10O0100O10000O10O0100O2N1OgVQU2
20121203063334Lh_6,SidY24io17F9L1O1O100000O101M2N3N100O2O01O01O0001O001O001OO0100000000010O01O10O2N2N3KoVmc1
20121203063334Lh_7,nXmb02no11O1N101O0O2O0O2O1O001O00001O0O101O000000001O00000000000000000000O100O10000000000000O100000000O10000O10000O100O1N2M3O1O100O100O001O1O1OFPQNEPo1:WQN_Oin1c081N21N01N1010O2O0M20G9D<O3O00000000O11O0100000001N101N2O1N3N2oNUQNi0So1M3N1N2O1N2O0O2O1O001N101O1N2O0O2O1N10`h`U3
20121203063334Lh_8,g_SR31no13M3N2M2O2iLEeVN=Xi1FfVN<Wi1GgVN;Vi1GiVN9Ui1KiVN5Vi1LQUNEb0>]j1OoTNFb09`j12lTNHc06`j14jTNId03bj15hTNJf01aj17dTNMi0Ldj18UTN^OO?W1Lej19PTNBO<Y1Khj1_1SUNdNnj1d0QTN[On03Qk1`0UTN]Of05Uk1>WTN^O`04[k1<VTNC;2_k1;XTND52ck1:YTNE12gk17[TNIH2mk15\TNP1dk1PO^TNn0bk1QObTNk0_k1TOfTNg0[k1XOhTNe0Yk1YOlTNd0Tk1XOSUNd0nj1ZOZUN?gj1@^UN;cj1D`UN7bj1IaUNLhj13ZUNJgj15\UNJcj16_UNHaj18aUNG]j19fUNFYj1:iUNEVj1:mUNERj1:QVNEni17YVNGfi16_VNHai16cVNI\i16W30O1O2H7O1O1N2O0000001O101N1O00NO3L42N2N2N2O1O1N3M2N2O1O100O100O10001N10001N1O2O0O101O001Nbeng0
20121203063334Lh_9,b^[e16io12O1N1O2N1O10000O1000000O11O00001O0O1000O100O010N1O2M3O0101O001N1O10O010O001O000010O000010O001O0001O00100O10O01000001N100O1O2O0O2O0O100000000O10000O2NVblU2
20121203063334Lh_10,PaQ]22ko14M3N1000001O010O010O1O1O001O000TOGQRN:nm1GPRN:Pn1HnQN8Qn18^QNJbn1j0N2N2M3N2O001O001O001N2N2N2O10001O010O0010O01O1O001O0000O10O01O001OO101N1010O010O2M2O2O1N101O1O0O2O001N101N1O1O1O100O1O1O1O1O2N1RO]QN=en1A_QN8gn1E[QN9hn1D[QN:Vo100O2O001O0O2O003Ln_j\1
20121203063334Lh_11,jcao11mo15L3M3M3M3M2M3N2N2N1O2N3M2O2ZQNnNYn1_1M1O2N1O1O1O1N2N2M3O1N1O200001O0O2O1O1O001O001O1N1O2N1O1O2N100O1O010O010O010O10000O100O1000001O0O10000O100O1O10O01O00O1N3L300100O2O1N2O1N2N2N101N10001O001N101O1O0O2N100O100O1000000000O10O100O1O1O00100O2O1DhPNNXo10lPNLWo13<N1OP]jh1
20121203063334Lh_12,Zf]`15jo13N2M2O1O100O100O1O1O1N2O1N2O0O2O0KXOPQNk0on131O1O10O01O01N1010O01O01O010O01O010O001O01O000O10OK6N20O010O1OM3O10010O010O10O1000O100000000O100O10O100O010000000000000000O1O1O1O100O10O100O10000O10O10O010O010O010O001O001O0O2J5O2O100O100O010N2A>N3M3N2O1001O00001O0010O01O001O1O1O1O1O2M2O1O001O0O2O0O1O1O1O2N2M3N2N2N2N2N2O1N2O001O1O1N2O1O1N2O2MbZVU2
20121206063154Uh_1,dZld25_o1>M<D4L=B4N2N001N102L4L3NJTRN[Njm1R1VRNSO9Iam1l0USNSOkl1k0V1O101EmPNFTo18PQNFPo1:QQNDQo1:;00O10O11N101N1N3M201N101O001O00meeX1
20121206063154Uh_2,aeVf26jo12N1O101O1O1O1O001O00010O2N1O02O0O100O1O00000001O1O000010O00000O10O010O10O11N101N100000O010O1N2O1O001O1O0O2O001O01O00000000000010O000000010O0100O100O10O01O010O0010O010O10O01O1O100O1O2N1O1O001O100OUXcS1
20121206063154Uh_3,bf`d04ko12N2M2O1O1O00100O0O100010O10O010O101N1000000O10O010O1O010O1O1O010O100O010O01O0100O010O10O100000000001O0000O100O1010O001O000001O01O01O001N101N2O001O0O010O02O0O2O1N2O0O2O0000000000O1000O10000000000O10O01O1O010O010O100O10O10O1O010O2L\ZWT3
20121206063154Uh_4,]hTS26ho14M2O2M2O1O1N3N2M2O2M2N102M7J1O1O1O000002N2O1N2004LN1O1O100O2N1O100N101N1O2M2O1N2J6N2O1O1O1O1O1O100O001O010O010N2NZWWi1
20121206063154Uh_5,gjX\37do15K5N2O1O10O101O01O002N<E0O10N2O1N200O11nPNYOgn1S1N00O0201N03M2N1N3N=C1O01jPNAhn1m0O01O1O1O0O02O1VQNQO`n1X14K2M5L2L7I4L3K7J]Sa`0
20121206063154Uh_6,VWci04io14N10O01O000O10000000001O001O001O1O1O001O1O1B@ZQNb0en1ARQNe0on16O01O10O01O1O00100O1000O100O001O1000000001O000O2O0O101O001O0000000000001O001O0010O010O1O0000000O101N1O2N1O100O1O101N101O2N1O000001O00010O01O10O0010O010O1O100O1O2N2N2N2N1N10000O01O0jNeQNh0\n1VOhQNO18Xn1HZRN4kn1K4N3MSijn2
20121206063154Uh_7,^Wc^13mo12N1O100\PNK[o17`PNLao190010O01O01O001O10000010O01O0O2O01O000O10O01O000001O01O0000001O1O10O0100O00100O010O0010O00000000000O1000001O000001O011N2N0010O00001O0000001O010O100O0001O0O1000001O01N101O10O000001O000000000000000000000001O001O0001O0000000O011O01O010O00010O0000000O1000O10O100000O100O0010000O0100O00100O1O0010O00100O010OO10000010O01O100O1O2N102LgghV2
20121206063154Uh_8,nbSW12lo14N0O2O002N4TQNCmm1a0nQN@Rn1a0lQNATn1`0iQNAWn1`0fQNCYn1?cQND]n1`0\QNBdn1n000O01O001O2]OXQNJin13[QNKgn12[QNMgn10ZQN0gn1OZQN1fn1M[QN3fn1MYQN3in1KVQN6kn1KSQN6mn1LnPN6So1;1N101O01N10000000KmPN\OTo1b0600O010O01O1O1O001000000O1000O2O000O2O1N101O00001O0O1000O10OHDlPN>So1701O0O2O0010O101N101N2O001O0O1O001O00O1O1010O10O010O001O1N1O2M3K5NN2001N20000001O0010O001O010O1000000000O101N1O2O1N101N10001O000O2O001N101N100O100O1O1O001N1O2O00000001O001O0YOFhQN<Xn1FdQN;^n1E_QN=an1D]QN<dn1FXQN<hn1FTQN<ln1;1000000O2O00001O0000001N2O7I3M2N001O000001O0000O1000000O100O100O100001O001N2O0O2O0O2O000O11O1O1N101N101N10O10O2O01O001N101O000O01O1M2O2O10O01000000O10O1000000O100N1M4O010000O1000O101O001O010O0001OO1000000O101O010O1O1O1O1O001O0O101O00000100O010O100O02O1OO10O01O1O100O2N2N2N1O010O1O2N2N2N1O001O000O101O0O2Ol]RU2
20121216154954Bh_1,Z^\R14ko12O2O001N2O1O00O010O1O010O10O01000O010O010O000100O010O010O10O101O0O100O010O0010O01O001O000O10000000O100000O1000000001O00O010O1O1O1O001000000000O10000O100O100O10000O10001O0O2O00001O0001O0000000000001O0001O0001O00000O2O00000001O00000000000001O0O2O000O2O0O100O2N1O010O100O10001N10000000000010O01O001O001O1O001O0001O00000N2L5L3M3N200O100O101O000000000000000000000001O0000000O10010O00010O000010O00O101O0O10000000000O100000001O01O0000010O001O001O01O01O00001O01O000000000010O00001O000001O000O2O000O100000O1O1O2N2O0O2O001O0O2O0O2Om`W]2
20121216154954Bh_2,P`hU27io12M2O0O1O2N100O2O0O1O1N3M2N2N2N3N1O1O2N1O2N101O0O2O1N2O1N2O1O001O0O2O1O1N110O000O2O001N10000O1000000O010O0001O001O001O1O100O2N100O10001N11O000O10000000000000001O0O10000000000O1000000000O10000000010O0001O001O001O001O010O0010O01O010O0001O01O001O000000001O001O010O10O0100O2N1O100O002OO01O10O010O0100O100O2O001N010O10O0001O001O010O1O001O1O2N1O1O00ZOeRNhNZm1V1jRNhNVm1X1kRNgNUm1X1lRNhNTm1X1mRNgNSm1Q1iRN`N5`0Qm1n0YSNQOhl1m0YSNTOfl1k0[SNUOfl1j0[SNVOel1h0\SNYOcl1g0^SNYObl1e0_SN\O`l1:kRNVOg0`0^l17mSNKRl12QTNNnk10TTN1lk1JXTN6ik1GXTN;gk1C[TN>ek1_O\TNc0dk1\O\TNe0dk1YO]TNh0ck1WO\TNl0ck1SO]TNn0ck1QO]TNQ1bk1nN]TNS1Xm11O0000001O0000O2O0N3M2BQQNJPo14TQNInn15TQNImn17VQNEln19>01O0010O010O0010O01O0000010O00000000000001O00000000000O2O00000O100000001O001N2LR^YZ1
20121216154954Bh_3,df`U16ho13O1N2N10001O00001O000000O10000O2O0O10000001O001O001O010O1O10O010000O101O010O001O000O0100O0101N101N2O1N10O1000O101N2O0O100O010O100O10O10O10O100O010O010O010000O100O0100O010O101N100O1O100O10O2O1O1N1000O100O100O2O1O7H2O1N1000000O100000O10O10O10O100O10O0100000O10O010O010O100O1O001O010O10O010O0100O1000001O10O00O2OO0100O0100O010O000001N2OkUo_2
20121216154954Bh_4,PhZR13mo11O1N2O1O1O1O001O1O001O1O1O010O1O1O10O2O0000000001O00000000000001O0000000001O1O8H0O2O001O1O00O101O1N2O1N2O1O0000101N2O0O1N2O0O100O1O010O010O010O100O100O0100O010O0010O0010O0001O010O001O100O1O100N_Uag2
20121216154954Bh_5,hlnb25io14M2O1O1O100O2O1N4ePN\OSo1o0kPN^O_n1R1O10O101N1O1O2N2N2N1O1O1O1O0O2O0G:M5K6J4J`RQ[1
20121216154954Bh_6,XobR16io13N1N2O1O001O010O001O001O001O1O0010O010000002N100O0001O1cPNCSo1g0O0O0010O00101N1O1O1O1O1O2N1N2O001O1N2N2N2M4LhoTj2
20121216154954Bh_7,V[]g03lo14N2M2O2N1O1O3M10O0000O1000O1O001O0010O0001O0001O0001O001O0000001N101O00001O00000000001O0001O00000000000O10O01000O100O0100O10O010000O10000000000O110O001O000001O01O00001O01O0000001O000010O01N101O0O2O000O1000000000000O1000000000001O1O001MSdTQ3
20121216154954Bh_8,^e[P22lo13N2N2N2O0O2O0O2O1N1O2N1N3M2O2N2N1O1O2N101N2O1O1O1O1O1O1N101O1N110O10O2O001fNcQN10a0Uo1O00O101O00O010O0001O00010O001O001O0010O010O002O1N2N1O1O1O1O10O01O010O0010O01O01O010O010O010O1O1O1O101N00100O01O010O001O00100O0O2O010O1O001O001O001O001O1O1N2O3KmXVh1
20121220110614Th_1,Pfl_36io15XPNL\o1=O100O0oPN_Odn1a0XQNDgn1=UQNFkn1h00001O0000100010O0O100@WQNEjn17^QNDdn12k0LXYe>
20121220110614Th_2,dfnc21no1101N100O2O0O1O1O1O1O10O10000O010O010O10O0100000O1000O100000000O1000000001O00000001O01O0000001O00100O1O1O100O10O010O1O001N3M2KbYQX1
20121220110614Th_3,hTc^21no13N1O1N101O00001O000O2O00001O0O10000O2O0O2O0O101O001O2iPN@jn1m0N1O1O1O00O100O100O2O0O2O1O1O1O1O1N2O1O1N2O1N2O0O2O0O2O0000001O1ITkb]1
20121220110614Th_4,nZ[U1f0Xo16K9G7I4L2N2N2N2M3NhNPRNd0lm1\ObRN:Pm1\O_RN;j03cl18aSNF\l1<fSNCVl1?kSNCQl1?PTNBmk1>TTNCjk1>WTNCgk1=YTNDek1<\TNEck1;]TNFbk1:^TNGak18aTNH^k18cTNH\k18eTNG[k18nTNARk1=QUNBnj1<UUNCkj1<WUNDhj1:[UNEej1L`SNLn18`j1KfSNIo1:Zj1LjSNFQ2<Sj1M]VN2bi1LaVN3^i1McVN4\i1JgVN4Yi1LiVN3Xi1JkVN4bl1N3LnbPh2
20121220110614Th_5,m`YW12mo12N2O0O2O001O000000000O101O0O101O0O1000000O100O10000001N2O2N1O001N10000000O0100000O10O10O100O10O010000O1000O10000000O1000O010O010O0100O0100000O1001N101O00000000000O1000O010O1O100O00100O010O01000O10O100000O010O1N1O2O0000O1O1000O1K6M200O2O0010O000O10O1000O1M3K5O2O0O10001O000010N1N3O001O10O01001O010N1000O01O0001O0010O010O0001O000O100001O001N101O1O0O2N10000000000000000000000001N1O2M201O001O001O0001O00HCmPN=Uo160O2N1000001O1O010O010O1000O10O2O000001O01O000000000000000000000000001O000010O01O001O001O0000000000O01000O100O10O1000001O00000001O00O100O100O1000000O0100O010O010O0010O01000O010O01O01O01O0001O00010O010O010O01O10O01000O010O10000O01000O100O10O10O0100O10O01O10O0100O0100O010O10O10O10O100O10O010O0010O01O010O010O0001O001O001N101N1O1O110O01O1O2O0O101O000O2O00001O0000000O100000000O01000000000001O000O10O10O10001O000O10000O100000000000000000000O1000O0100O100O0010O01O0O200O11N111N2O1N10O01O00001N101O001O1O001O010O0000001O000000000000000010O000001O001N2O1N]dlj1
20121220110614Th_6,n\UZ13lo11O2O0O2N1O001N101N1O2O010O10O1000000O2O001O0000000O100000O1000O100O1O1O010O1000000000O0100000001N100O1O10O010O00100O1000O2O1Ndcja2
20121229085414Th_1,iXii23lo12O1O2N2N2000000jPNEdn1<PQNOPo1a00N1O2M3N2N2M2O2M110O01N1O2N2O1O1O10O10O010O0010O100O1O100O001N1000O2O0000001O01O001O^NE`SN;`l1G^SN9dl1HXSN9jl1HVRNO9JB`0Qn1IoQN28<km16lQNKVn1n02N2M3M3M3M2O2M2M4L3K6M2M3N2M3M3N3M2O1O1O100O2OghPQ1
20121229085414Th_2,c\ga22jo16M2O0100O001O01O0O3`PNFVo1c0N100O010O000000001O010O1O1O01OO0N3N3O02O3M2O1N001N1O2O1N101O0001O0000O100N20O010O1O001O0O10O2N1000O1O100O1M3O2O0O2N110O0100O0O2O0O2N101O1O1O1O1O1O1O1O1O10O01O001O0O1O10010O0001O00000O2O000001O1O1O2N2OWeXW1
20121229085414Th_3,a^oo07go13M1O100O1000000001O001O010O01O0O100O1N2N2O1M2O2M12O1O2N2N2O1O1N20O01000O0100O1O2N0010O0001O00100O010O01N1O1010O01O001O0O100]OF`QN;`n1MWQN5in1`0101O1N101N1O4M2M101O010O01000O1O2M3N4K5LYcdj2
20121229085414Th_4,nai^23jo15M2M202M3N2L4M7I3N2O000O01O0O1O1O100O3N0O2N2O1N1O2N1O101N10O10O00000N2O1O2M3L4N[^d^1
20121229085414Th_5,Qd]U15bo11_PN2]o1;M2N2O1O100O2M2M30O10001O000O2O1O0O2O0O100O1O2N10O010001O0O101FbPN0^o1Ln\\h2
20121229085414Th_6,aden11no13M3N100O1O1O101N1000O10000O10O010O10O1O2OO01O00000O100000O100O100O100O001O1O01O10O01O01O0O2O001000O2O0O010000O2O0000000000000000000O101O000000O10O100O101N1O2O0O101N100O10O2O0O100O2N010O2O001O1N2O0O2O00000O1010O0000O01000O100000001O001OO100O1O00100O1000000O100O101O0O10000O100O101N1O100O1O1000010O011M2O0O001N2N3N0010O2M3N6J5L2M2O1O1O001O1N2Ne[bf1
20130104104234Ch_1,Wc^T17go14N1O1O01O1O001O001O01O010O00101N3]PNGYo1b0O1N10O0O2K5M3O2M2O1O010O01N101O101N1O100O0011N2O0O10O01O100O10O101N10O01O01O0010O01O100O100O1N3Nd[[g2
20130104104234Ch_2,hdbP15go16E;A`0G:I7J4M2M4MiN]RN5_m1DmRNa0hl1\OaSNc0\l1[OjSNb0Ul1]OPTN?Ql1_OSTN;Rl1CPTN:Sl1CPTN<lm1M2O100O1N1O3KgZmm2
20130104104234Ch_3,^dbZ24io13O1O00100O001N2O0010O010O10O100O010O0010O010O101O0O10001O01O001O001O001O0O10O10O01000000000O010N2N2N2N2O1O100O100O1001N201N3M2N001O0O2O00100O001O0000001O0O2O1O1O001O00001Nn[o_1
20130104104234Ch_4,ieTZ28bo18L>C4M1O100000O010O100O101N2N2O2M2002N0O00O1O1O010OO2O1M3E<L3L4M3NQOURNMjm1BhRN>\n1101N211OO00O100020M5J5L3E\PN2ko10O2M2OO2LiW_b1
20130104104234Ch_5,RgZo25io13O1O1O010O1O100O2N0O2001O00O101M3N8F5G6N11O100O3N2O3L:H2N4L00O1O010O4M1N01O1N10O2gPNCln1i0OO1O2N2N101N101N1N200O2O102M3N1000O1O3L2O9G10O3N0O1O0O2O2M4L2N2N011M3MZVik0
20130104104234Ch_6,PR[[16go18J5J6oPN@Yn1U1M3J5L5^O\NbRN<Kh0bm1DcRN;\m1DfRN<Ym1BkRN`0Qm1@RSN>ml1AUSN>ml1AVSN:nl1CSSN;Qm1APSN>Rm1AnRN=Sm1CYSN0il10`SNDbl1<b11OO5K2M2M4JZnnb2
20130104104234Ch_7,hVeR39fo12N1ON2N2O01O1I7J6L5N1N1001M2M3O1O2O01N2M3OO0N111O001O1N3N3K4M5LckXk0
20130104104234Ch_8,PW]m13lo13N1N10000O2O00001O0000000000000000000O101N1O10001N101N2N3N1001YOlPN?\o10O0000O010000O100O1O001O1O1O1O0010O110O2N10O000001O1O00000O1O00100O02OO010O1O1O0010O010O100O1O1O1O0O2O1O002OO01O0000O1001O0O101O00001N10001N10100OZOTQN8\o1O0O00100O10O100O2N100O10O010O001O6J2N100O10O10O2NefZj1
20130104104234Ch_9,Y[]l26ho14M2N3M4L2O0000N3M2N2O100O10O010N100000000010O010O10O010O10O01O2N1O2N1O00O2N1000001N2O1N2O001O01O0100O0100O001O2O0O101O01O0000O100O0001O1N2O0O2N2N2Nneln0
20130104104234Ch_10,[]ej2:do15K4M4K5L6K4M10N0100O2N1N2O1DgNmQN`0K8Wn1OnQNNRn10SRNNmm11XRNJkm1AhQN;b02lm1KWRN3jm1JXRN7im1C\RN<en11O001N2O0O01O0O200O02O0O2N2O4MN4L3L3L5JSadR1
20130104104234Ch_11,f`ij13mo10O1O100O10O010O01O010N2O1CJnPN8Qo1KkPN7To1;00O110O0O100N2K6M2O2O1N1O2N101O0001O001M4N2M3N1O0010O01O00O101N100O11O1O2M3M101N10000O0100O1O10O1000000000O01O101N101N10001O000000000O10000001N10001N100O01O0O1O20O010O10000O010O10O1000O11O001N1O2N100O20O0001N1O1O2O0O010O10000O100000000O1000O010O1O10O101N2NY`Tl1
20130104104234Ch_12,]ai_14ko12N2M2M3O1N2N2O1O1O10000O1000000000O10O101N102M3L2N3N100101N2OO010N102N5L2M9HO000N3M2L5I6N3N1N200O101O10O01O00001O0001O01O001O010O01N100O10O100O2O0001O001O0010O001O00001N10000O101O1O1O1O001O001O000O101O1O1O0O2O00000O2N2N101N\^TY2
20130104104234Ch_13,YcYY18fo12O2O0O20O02N2O1N1O001O010O0100O1O001O0001O001O001O00O010O1000O01OO1O1J6O1O101N100002N1O2N001O0O2N3N2O2M101O0O010O01N3M2N1N3L4L3N00O200101O02O1N3L2M4K3N3N0001O0010O2O1O1N2O1N2N2N[^Ra2
20130104104234Ch_14,memW25io13J5POKURN5lm1ITRN8nm1FQRN;Pn1EnQN<Sn1CkQN?Un1BiQN?Xn1AfQNa0Zn1_OcQNc0_n1\O^QNf0dn1ZOXQNh0hn181N100O10001N2O1O1N1O2N10O01O001O002N100O2O00001O1O1O1O001O001N3KeZVe1
20130110085614Th_1,jX`T22>0on12oPN2nn1OPQN7jn1JUQN8jn1IUQN7kn1ITQN9kn1HTQN8ln1JPQN9on1<01O001O000O2O001O001N101O001O001O000O10O10O101O00100O1N2OEcQNTO[n1k0iQNSOVn1l0mQNSORn1m0QRNQOnm1P1?101O0O101O0010O10O01O1O1N2O001OO2O0010000000O1L4N2N2AmPN0To1NPQNOQo10RQNMnn13UQNImn16>1N1101N1O1O1N2N3OQh[f1
20130110085614Th_2,`abT24jo12nNKXRN6fm1NVRN3im11`QNL85Un1?aQNIYm1ChRNN4l1Sm1aNiRNb1Tm1f0L5L4M4L6gSNhL`k1]3WTNjLek1P1WTNVOON3DL^1hk1FcTNQOO2:l0Sk1LmTNQOK2:P1jj1MeVN3Wi1OlVNOQi12RWNMlh14VWNKgh18YWNIdh1EmTNK`2`0bh1CRUNL[2MaM7oj10WUNKZ2FjM>cj11ZUNI[2EmM`0[j1KXUNF79o24ag1KjUNOh26fLC`j16TVN1h2<Rg1BXVN1h2<Pg1AYVN3i2;nf1_O[VN6h2;mf1]O]VN7g2<jg1EUXN<kg1CVXN=jg1CUXN=lg1BTXN?kg1BTXN?lg1@TXN`0mg1_OTXNa0mg1]OTXNc0fk1N20OO11OO1000O0100O2O0O10O01O1N2O1O1O00100O10000000000000O10O100O001O00O01O2JW\]f1
20130110085614Th_3,_cRR3437Zo19O2M4L4L4L8I2M2O1M2C`NURNe1jm1^NQRNd1Pn17O002^RNQNol1P1iRNG7ZOol1`0fRNG8>3ZOol1?jRNF5a02[Onl1=mRNE5b01\Oll1<oRNE5d0O\Okl1;SSND24C:>Cil17iSNJUO;7Ejl14lSNKWO:3Fjl15mSNHZO<NHjl13_TN6fNFkl14aTN6aNEol16bTN5]NDRm16dTN7UNEWm14fTN9[k1GgTN8Wk1IjTN6Vk1JkTN6Tk1KlTN4Tk1LnTN3Qk1NoTN2Pk1NQUN2oj1NQUN2nj1OVUNMij13YUNLfj15[UNJej15[UNKej15\UNKcj15^UNKaj15`UNK_j15bUNK]j14eUNL[j13fUNMYj12jUNMUj13lUNMSj13nUNMQj13PVNMoi13RVNMni12SVNMni13RVNMmi13TVNMli13SVNMmi13TVNMli13TVNMki14UVNKli14TVNMki13VVNMii14WVNKii15WVNLii13XVNLhi15XVNJii15Q31O1N2O1O1000O100000O101N2O0O1O10O1O001O10O0100000000000102N0O00001OO0100O1O100O01000O0100000000000O00100O010O0100O010O0010O00005K\[ee0
20130110085614Th_4,ccj`23mo12N1O1N3N1O1O1O1O1001O2N1O1O1O000001OO0100000001N2O1O4L1O1N2O100O01O10O000O203L2OO1O01O03N3M00N10O001O1N2O2N2O0O001O010O01O00211NO0000000O1100O102M2N4M00O1011OO1N3M1001N1O2N2O01O1O1N3M4K3N1N101O000000001O10O0000O010O100O1O001O0000O1000O100O100O2OfW]W1
20130110085614Th_5,QhlV17ho13N0113L1N0100O01O00010O0001O01O010O010O0010N100N11001O0010O0001O0001O01O0000000010O10O01O1O010O0000000O1000000000O10O10000000O0100000000O1001O0000000000000000000000010O000000010O00010O0010O001O1O1O1NXWib2
20130110085614Th_6,[jlm01mo14L3WNL`RN?NI`m1J^RNc0LHcm1G^RN^1`m1dNZRNc1dm1?M2O1M2O1M4J\NnRNE03ol1O^SNIH8fl1NgSN_OMb0[l1NkSN\ONf0Vl1LiTN3Xk1KjTN5Vk1JkTN7Uk1FnTN:Rk1DRUN:nj1CUUN;kj1EWUN:ij1EXUN:hj1FZUN:ej1E]UN9cj1G^UN9bj1F_UN:`j1FbUN9]j1HdUN7Zj1JgUN7bMD_l14RVN>mi1ATVN?ni1]OTVNb0gl1O0O110N10000000000000000O0100O100O1O1O010O00100O0100O1O010O001O1O1O1AbPN:do1OO02N10O01O000001O000O10000000O001N2O010O01O10O01000O100000000001O0O010O100O0000000O2OO011O001O01N1O2O1N2O10000000O100O100O1O100O10000O100O001O001O1O010O101N1O2N^Teh2
20130110085614Th_7,^Pkb11no12N0O2O1O0010O1O010O0100O001O0010O01O10O1000000000O2O0O1O1N3N1O1O010O1O00001N01O1O10000O1N2O10O1O000O20O01N2O0EDTQN=in1ISQN7nn1=1OnMVOQUNh0Pk1YOPUNd0Sk1\OnTNa0Tk1@kTN>Xk1CeTN<^k1DmRNI\1b0hk10TTNOnk17jSNJWl17gSNH\l17aSNL`l14\SNNel12WSN3hl1NTSN5ml1KoRN6Um1W19^O=J5M9G4L4M2N3K7AhRmW2
20130110085614Th_8,RRYW13lo12N101O001O00001O001O0000010O0001O00100O010O0010O010O010O1O010O000010O01O100O10O10O010O001O00100O010O010O0001O00001N10001O01O000001O000010O0^PNH]o19_PNIao1<O10O001O0O2N101N1000000000000000010O010O2N0010O0001O0001O0001O0000O100000000000000000000001O00000010O0001O00000000000000000010O000001Ojln_2
20130110085614Th_9,aZS`17ho12M2N2O000001N1N3N1010O010O01O010O010O01O0001O010O1O010O010O01O00010O0100O010000O2O00000000O100O1000000010O001O01O01O010O01000O10000O1000O1000000O010O010O010O002O0O010O1O010O1ObeZZ2
20130110085614Th_10,b\]d21no14L2O1O1O1N3N1O1N3N1O1O2N1O2N2O2M2N;D3N1N2OhNhQNh0Wn1WOmQNg0Rn1ZOoQNf0om1ZORRNf0lm1\OURNd0im1]OXRNb0gm1^O[RNb0dm1]O^RNb0bm1\OaRNd0]m1]OdRNb0]m1\OfRNb0Zm1]OiRNb0Wm1]OkRNa0\n1O0O1O2O1N2N2N5K2N2NoahX1
20130110085614Th_11,Sd_m17go13N101BHQQN:mn1IoPN:Po1<O001O00000001O002N1O1O001O001O00001O001O010O00001O001O0O00100O100O100O010000O100O100O010O0100O0100O010O1N1N3N2O100O10000O1000000O01O00010O0100000O1000O010OO110O01O101O0O3N00000O010O100O2O0O011N100O100000NWQNmNhn1R14O10O01000000O10001O0000000O101O0000001O00O101O000000000000O10O100000O010000O100O10O010000O100O1O1N2N3M2O100010O1O2N3M2L2O2O0O100000000XOVQN:kn1@\QN>To1O001O00O2O0O2O001O0O101N001O0O2N2M3O10000001N2O1O010O00001O00000000000000000000001O001O001O001O001O001O001O00000001O000O2O000O2O000O10O10O100O1O1N2N2O10000000O3O1N1000O1000O02kPNUORo1o0N1N100O1O100O10O1O10O010O001O000010OO101N1O1NQO\QNJ1e0dn1_OfQN>Yn1BjQN<Vn1@PRN>Pn1@SRN>jn1N2Nl[n_1
20130110085614Th_12,Vdci22lo13N1O0O1000001O0_OLVQN6gn11RQN3jn1c0J6M3M30O1O2N4M2M3N001N010O02O001O10O1O1N2N3N2M2N2O0O2N2O4K3M3M3N0O2N10Z\^S1
20130206063154Uh_1,Q\Ve11no19H2N1O1O2M3N100O110YQNCim1=jQN@K6\n1V100000O1O1O100O100O100\O^QNJan1GoQN9Pn1DSRN<mm1AVRN?en10100O1001hPN@mn1a0oPNBPo1h00O6J2N011N011N101N1001001O0O1O1O2N1O1O1O1O0O2N2Nn`UW2
20130206063154Uh_2,_ajP11no12O1O001O001O2N6J3N5J1O0010N2O0O2O000001OO10O010001O010O0100O2O1N1102M3N000O01O0001O1O10O1002M100O000001O00001O1O8H0O201M1001O004K2O0O10000O101O1O000O4M1N2N001O1O010O0001O010O011O1N100O10000jPNGen18YQNJgn17UQNKln15QQNLQo15kPNMVo1=101N2O1O1N5K4L5JT[[h2
20130206063154Uh_3,Wbb_19ao18K4L5jPNXOon1P1K:G3MQOfQN:Yn1AoQN?nm1@VRN`0gm1_O]RN4]OLUn1OaRN1^OOom10iRNJ[O5lm10WSNOhl11ZSNNfl11]SNNbl12^SNNbl11`SNO_l11`SN0`l1OaSN2_l1LaSN6Tn1100O1001O0000000O10O010O0001O000000O10O10O1000O010O01O010O000010O01O0000001O000O0100000001O0O1001O00000O1O01O2N3N]]a[2
20130206063154Uh_4,da`n11no14M2N2N2N2N2N2N2N1O10O01O0001O0000000010O010O10O010O00000010O0001O000001O0000001O001O10O10O10O011N1O1O1O001O1O00100O010O10O1000001O6I1000000WQNYOXn1g0eQN\OZn1e0dQN\O]n1e0_QN^Obn1o02N10O011`QNQOkm1Q1oQN\Oim1`1M3MoMXRNS24iMTm12lRN_25aM\l10`SNo2]l1PMeSNQ3Yl1oLhSNQ3Xl1mLjSNS3cl1O6I3M2dMmRNg1Um1UNoRNJLf1Wm1]NYSNa1dm1O2N1O5bNdQNn0in1N3POUQNf0To1N2O0O101O1000N2O1N2N3nPN[Ocn1X1J4L1O9G11N5K2O000O103M4K100lN`QNe0`n1XOeQNg0kn1O109F1O000O10000OiQNGgl1:lRN4LBXl1:hSN:[O@02ll14fSN[1Zl1eNcSN_1\l1bN_SNd1_l1\N^SNj1_l1VN^SNo1_l1RN]SNS2bl1nMYSNV2gl1a00100O01SN\SN<el1@`SNlN1T1`l1MQTNSO\O?dl1:VTNQOE7Xl1a0TUN\Olj1b0XUN[Ojj1c0Z2O2N1N3M2O2O1N2NoVWg1
20130206063154Uh_5,gelV14ho17K3O2O0O100000O100O1O100O10O010O01O001O1O0010O010O0100O010O10O100O010O1O010O01O010O0000000000O1000000010O00100O010O1O1O10O01O10O01000O10001O000001O1N3LQYYd2
20130206063154Uh_6,Qfhg22oo12M2O0O001O100O10O10O010O010O001O010O00100O0010O10O010O010N2O1M4K5N3M2O2N1O100O2O1O06J7H4M000O1000001O0002N002N0O2O010O2N2OO010001O1O1N02N0000100O3M2M2O01OO10O010O1000O000O2N104G]PNKUUeR1
20130206063154Uh_7,jhjn01co15_PN3]o1a0G1001O01O01O5L11NO100O1O01O3M2N1N3OO1O1N2N2N2O2M2N001O000O2O0O2O001O10O010O100O100O010000O100O10O10O0100O100O100O101OO0100O01O01O001N101M2O2N101O1O1N2O1O001O001N10WOQQNb0on1[OUQNc0ln1ZOVQNg0Ro1O0001O000O2O@lPN4To1JPQN4Po1KRQN5nn1JSQN5mn1JUQN6Zo12O1N1OO100O1O100O100O01000O2O2M101N2NgTki2
20130206063154Uh_8,o]]b24ko11N3N1O100O100O1O1N2N2N200O100O01O1O1O0O2N2N1010O010O010O000010O0001O000O2O001N1O0JCkPN=Vo15101O001O000O00L4K60O100O2OO0M3N3N2O1N3K401N2[OmNXRNY1am1N]RNkNOHdm1X1eRNlNcm1R1cRNiN]m1V1g0O1O1O100O01OO10100O1I60100O2O1O001O001N101N1O1O2O0000001O100O2O1N2DcPN2RfRW1
20130206063154Uh_9,`^mT15jo12N2N1O1N2O00O101N1O1010O010O010O1000000O0100O1000O01000000000000000O20O000000O10000O100O10000O1000000001N101N10000O10O10O010O0010O010O01O00001O002L\b\f2
20130206063154Uh_10,Qagl22lo13N1O1O001O1O1N1HGiPN<Uo1801O010O2O1O0O010O01O0001N0101O0010O01O010O0101N1O1O000100O1O1O1O002N1O1N2O1O1O100O001N01000O100O100O0100O1O002N10000O2O00O1O1O2O0O2N2N3M2N2N1Ol^Tn0
20130206063154Uh_11,Tc]k13lo12N1O2O0O2O1O1O00100O2OO01000O010O0100O1O0000O2O000O2O01O01O00O2O0O1000000001O1O1O001N1000O100N110O100O10O10000O1O2O0O100O10000O100O010O010O0010O01O001O1Oo\fo1
20130208063134Lh_1,``lc13lo12O00001O000O101O0000001O000O100O100O1O1O1O101O01O000000010O01O100O10O01O01O01O001O00100O1O10O1O001N101N101N100010O010O101N4M3L10001O000O100000O010001N0101O1N1O2O0O2O0O100O10001000000O01O01N100O2O000O10000O100O10000O01000O010O0010O010000O010O00010O02N6J1O1O1O001O001O1O2O1O1N2O001O01O1O000ZOoPN<Qo1ASQN>ln1AXQN>Wo1N10O00000000O100O1O10O0100001N3N2M100O1O101O001O2N3M2N1O1O01O3M1O1O000100O03M4K2OO01000O10001N100O100O100O010O0000010O0100O001O1M2N4M101N2O00100O01000O010O0100O0010O01O0001O010O00000010O000100O00100O001O010O001O00001O01O010O100O0100O1O1OdY]k1
20130208063134Lh_2,eclX22no11N101O000O1000000000001O00000O10O01O100O100O001O1O001O1O0O101O0O1mNF`RN;`m1IZRN9fm1P11N3N1N3M3J7L6F:_OT^Yd1
20130208063134Lh_3,`blg23mo11^PNOSo12kPN0Uo1OjPN3Uo1NjPN3Uo1MkPN3Uo1NiPN3Wo1MiPN4Vo1NfPN4[o18001O001O00010O000001O001O1O0010O01O000O2O0O101O01O1O001O1O00100O010O2O001O00O101O1nPND^n1<^QNK_n1n0]QNjNVn1b1O0O0000O010O10O10QOnQNOWn1HoQN7Qn1ESRN:mm1DVRN;im1C[RN=K\OVm13RSNb0D_OYm1MTSNf0@_O\m1HWSNj0YOA]n1R1O10O101O5K1O1O10_QNlNTn1d1L1O00O10O01001O000100O0100O00000O1QRNYNdm1h1XRN[Nhm1P2N10O2N3M2O0O2N\TNVNTi1h1iVN]NZi1^1dVNfN\i1Y1bVNiNQNInj1\1PWNnNnMISk1X1mVNAVi1:iVNKUi14hVNOXi11dVN2]i1MbVN4`i1LRVNgNjN_1Vk1JlUNb0Yj1\ObUNf0`j1]OYUNf0hj1[OPUNj0Qk1YOhTNl0CgM_k1`1fTNR1[k1j11O2kK\TNh3Pl1O1]NUTNnNlk1n0XTNROgk1k0\TNTOfk1h0^TNXOck18mTNFWk11oTNNYk1GkTN7Yk1DjTN<_k1YOcTNf0_k1VOdTNj0]k1QOfTNo0Vm11O1N2O1O10hN\QNQ1kn100O1POYQNe0Uo1L1O0100O100O02N10O00001O1O2M22M3M1O1O1O0O00100O101N100O2N100O1NTRol0
20130208063134Lh_4,dhRo02mo12N1000001N10010O0001O0001O0010O0001O010O00100O1000O0100O010O10O0100O1O0100O10O010O1O2O1O1N2O3M3M2N1N2O2M2O00103N2SQNkNjn1V15J1N1N5J<BcUml2
20130208063134Lh_5,SiR^36go17K3M4M2O1N2O2O2N6K00O1N4L101O1O1O11N7J2M1N3M2N1N24L2N10OoNVQNk0So1M4K1O1O001O00001O2M20O000000O10O10O10O01O001O010O000000001O00000O2O0O2N2O1NgSe=
20130208063134Lh_6,Uifi13mo11O0000001O000010O00010O01O0100O010O0100O010O2N100O100O10O010O01O10O010O01O101N2N3M2O2M3M1O10OO2O1O2N1N2O0000000000\OVQN2kn1G]QN6en1G]QN9dn1E^QN:To10001N10001O0000001O000001O00000000000000000000O11O00000000001O0O2O0O101O0000001O00000000000010O2O1N10O100O0000O1O1O10O010O1O00100000O10001N1000001O00000O101O0O10001N2N`UUm1
20130208063134Lh_7,dZeP32lo15L2N2N100O1O001O00O10O100O1000000O010O0010O10100O001O000000O2N10010O0100O1O1O001O010O01O1O1O2N100O2O0O1O1O1OGmPNFSo19:00000O10O01O100000001O001N2O001O1N2O1O2N101NFQQNEon19VQNDin1;[QNCen1<?1O0010O010O010N100O1O10000010O010O01000O010000O001O100O10O0100O0010O01O00010OO2M3O0100O100O10000O10001O010O010O1000000O10O2O1N1O1O0001O00001O0O101N2MZh^e0
20130208063134Lh_8,U^gd12mo12O000O100000000O10000O10000000O0100O100O100O2O0O1O10O010000O101O0001O00000000000000000000000000000000000O101O0000000000000O2O0000000000000000000000O100O100O10000O100O10O10O10000O1000O0100O10O01O100O100O0100000O01O001N1O2O1O100O1000O01000O10O010000O010O10O010O01O0O101O00001O000010O00O2N1K400001O01N1O20O0000XMWOZVNj0fi1YOVVNi0ki1XOSVNg0ni1[OPVNe0Qj1[OnUNe0Sj1\OkUNc0Wj1^OgUNa0[j1@cUN>aj1B]UN<fj1FWUN9lj1IoTN7Sk1LRTNORO7ol1K`SNT1cl1mNYSNR1kl1POmRNS1Vm1h04M3M3M4L4L5K4L4L3BcQNVO`n1d0gQNWO^n19QRNCUn10Sgjo1
20130208063134Lh_9,P^aT37ho12N101N1O100O10O1O010O01N2N1O2L4J6C=N20L3O10O1N2LK:N101N101N2L3O2L3O1O1O02N1N4M2N2M3N2O1O1O0O1O1ON20N2O2O0101O0O2N1O00MN6O1O1K6M3L4N2O1N2O2N1O1O2N1O2MXeff0
20130208063134Lh_10,`aUl07go16J3EClPNc0So16N2O1O1O2N1N2O0OO2O00O100O0O1O2M3N0N31O11O0O2JIhQNSOVn1l0nQNROPn1n0SRNQOmm1m0URNSOjm1m0XRNROgm1n0ZRNROdm1m0`RNQO`m1n0bRNRO]m1n0fRNoNZm1Q1j001FUQN^Okn1a0YQN\Ogn1c0;O1O2N101O1N1O2O0O1000001O1O1O1O1O1O0O2O1Ok`no2
20130208063134Lh_11,]coW24fo19L2O0O100O10000000000001O00001O00001O1O001O1O001O00O1000000000000000O10000001O0O10000O100O2O000000010O01O010O001O01O001O0010O0100000O01000O0100O01O01OO2O001O0000001O000000000001O000O100O2O0O10000O10O010O1O011N1000000000000O2O0O1O100O1O10O010O10O10O10O0100O01O010O100000001N1000000O10000001O000000000000000O01000001O001O0001O01O010O001O1O^\\]1
20130213063454Uh_1,o]X^12mo12O2N1O2O2M1O2N6J3L2O1N101O00100O100000000O011O1N3N6I101N0101N1O1O1O1O001O001N10010O1O1N2O2N1O00100O1O1O001O00101N100O100N101N2N2O1N3N1O1N2O1Ne`W]2
20130213063454Uh_2,VYg`13ko15K3N3M1O1O1O1N0O1L5O2N1N2O2N10010ND\QN_Odn1`0>O11O01K4O2O0O1010O0O101O01O01O010O01O10O01O1N2O010O010O1O100O1O1O2N^hl[2
20130213063454Uh_3,fZ]T23ko13N100O100O1000000O100O10O0100O10O01O1O010O10O0001O010O0100O010O0100O10O0100O10O0100O001N1O1N20001O010O00001O001N1L5N2N1O2O01O1O010O001O1O1O1O1O100O001O001O2N1O1O1O1O2O0O101N1N3N1O2O0O101N2N2Nmf`e1
20130310063154Uh_1,kWVQ2:eo13N3`PNAXo1f0L3O1TQNXO^n1h0aQNZO^n1h0_QNZOan1h0ZQNZOfn1Q1O001O1O0000O1M3N2N2N2BUQNEmn19WQNCkn1<=O100O100O100O2O0O100O101O1O001O000000001N1O2MThmk1
20130310063154Uh_2,n_RV11lo14M2O1O1O0O101O00000000O2O0O10001O010O01O1O00100O10O10000O0100000O10O010N10100O10O10O1000O100000O10000O100O100O2O0001O2N1N101N10010O10O1000O010000O10000O010O10O02N100O1iPNEhn1<VQNEkn1:SQNHnn17QQNIPo18lPNJTo1a01O0O2O001O1O1O001O001N101O001O01O0YSNEji1<SVNFmi1;PVNGoi1;nUNFTj1<hUNDZj1=bUNE_j1=XTN[O28hk1?oSN]O76jk1\1UTNfNlk1Y1_SNXN50Dc0gl1V1[SN\N6i0JUOXl1P2lSNUOj0hNWj1T2kTNWOa0SOcj1W3iTN\MXk1e31O1N2O2cKjTNl14@dk1;fTN\O_k1:jTN_O^k16kTNRORl11hRN6Z1ESl11Z2Ma^ga2
20130310063154Uh_3,Zcdf03ko14M2M3M2O3bPN@34hn1o0M1N3N3L8H6K20O01O010O001O2N2M\OTRNWOkm1g0ZRNWOem1h0^RNVObm1h0`RNXOam1e0bRNZO^m1d0dRN[O^m1c0cRN]O]m1a0eRN^O\m13PRND41b07[m12TSNMml12TSNNll11USNNkl13USNMkl12VSNNjl12VSNNkl10WSNOil11WSNOjl10VSN0jl1OWSN1il1NXSN1jl1LXSN3[n100O1O2Nb[_V3
20130310063154Uh_4,ifdm254N_o1;O1O2M101H@lPNc0So15010O5L1N11O4K2mPNYOkn1o0O1011N01N101M5M5MOO0005L0N2O5J3N1O1N1SOQQNg0Uo1106KM4K2O0O2O0O2O001O2M200O1O1N10O0100O100O1O010O02OO010O001O0000010O00010O001O0010O0001O01O000010O01O011N1001O01N9H3M00O1N5KXUWl0
20130310063154Uh_5,cP_Z15jo11O2N1N101O1O00101N1O1O2N10001N10O1O001O000001O01O001O0O100O01N2O001O0_OCaQN=_n1b0O1L5M200001OO0N3J25M1BhQNQO\n1P17210O2L3O2O0O0O20O1ZOfQNGZn18PRN^OQn1c0e00001N2O00100O010O0100O100N2N1N30O1O2O0KgPNB[o1;7N101N10000O2N1O2NQSi_2
20130310063154Uh_6,fS[S13lo1100O2O0O10000O10O1000000O10O100O010O1000O1000O10000O100O100O100O1O1O1O1O1O1O2N101O10O3N1N001O0001N10O010O1N2N3M3N2N2N2Ndljh2
20130310063154Uh_7,n\i\13mo11N10001N101O2YPNL^o1;0O1O001N10O1N2001O1O010O000O2N2O1N200O0N3N110O01N3M2O010O010O010O100O10O10O10O1O100O1O1O1O00100O10O010O100O001O0010O0001O001O1O1O0100O1N1O2N0002K4O1M3000000000O1O1O1N2O00101O1O001O00100O1O1OYef\2
20130310063154Uh_8,o[Un02no11O001O1O001O001O1N10001O000O100O100O2]OD^QN>an1C[QNa0en1@YQNb0en1@YQNa0gn1@XQN`0in1ASQNa0mn1:0O0000000010O00HSQN]Omn1a0WQN]Ojn1a0XQN]Oin1c0YQN[Ohn1c0;0000O10000O100O1M2O2OO1010O10O1000O10000O010O100001O000O100O100O0010O01O10O101M2N2N110O01N2O10000001E]PN7ho1N1N101O1Nldlk2
20130310063154Uh_9,j[mc12no10O2O001O1O0O100000000O10001N101O1N3N2N1O001O01O000001O00100O1O001O2O0O1O1O2N1O2N3N1N001OSOUQNg0in1WO[QNi0cn1WO]QNi0cn1VO_QNj0an1TO`QNl0jn10101N2O0000O100001N101O0O02O4K02N1O1O100O010O01O_OlPN7To1FPQN8Po1GSQN8ln1HUQN7ln1GWQN7jn1GXQN9Wo10100O1001N10O001O010O1O010O010O000001O01O0000000000000001O0O1000000O10001N100O100O100O1001O001O0001O00000000O10000O1000O100O101N1O1O1N2N2O10001O000001N101OO10O01O101N1O1O10O1O1O1O010O1O100O100O1000O0E_OYQN`0gn1CVQN>in1ESQN;nn1:1K5O101O001O0N10N2MN3O2M5O2M4L4M3MQd`o1
20130310063154Uh_10,e]_i03ho16M3_OKTQN6kn1NPQN4Po1>0O101N102M3O0O1001O1O1N100000O1O1O1O1M6E;J\bjT3
20130315063154Uh_1,[[lm13lo12N1O1O1O1O1O1N2M4L3O3M2N2N101O1O1O1N2O001N101O1O1O1O1O1O00010O000001O0000001N100O1000000O02O001N101O001O1O010O0001O0000010O0000000000002N3N1N010O1O001O0010O01O01O010O0010O010001N10001N100O010O100O1O2O8G2N2O1O0YRNXNWm1f1eRNbNXm1]1eRNROPm1m0nRNUORm1l0jRNVOWm1h1101N1O2N1N3N1O2N2O0O2N5K3L3L4M3M3O0O20O0100O010O10O02O0O100O10O0cQNfNUn1[1dQNlN[n1]1O101O0O10O02N1O1O2N1O2N1O1O01O1O8G4M3L7J2N2N2N1O1O1O1O1N2O1O1O1O1O1O100O100000O010000O10O100RRNZOal1e0XSN]OmN2jm1`0WSNGil1:USNHkl17USNIkl17USNIkl18TSNIkl17TSNJll17SSNJkl19QSNJnl18nRNLol1>hRNGSm1;iRNITm1;gRNHXm1a1O0O11O01O01O1O001N2N1J7M2O2N2N2O2M4M2M200O11O3M1O1N10001N2PRNSNjm1R20O02O0O2O3M7H<E2N00XMUSN[2n0`Mej12bTN]2f0cMij1LeTNa2M_M47mk1X2fSNkM80Ul1a2gSNaM[l1Q32N2N1O1O1O1O1O0O2O0O2O1O1O1N101RNQSNj0nl1TOVSNj0kl1UOVSNj0jl1UOYSNh0hl1XOjSN6Vl1JlSN3Ul1MmSNOUl12kSNJXl16jSNFXl1EeRN<V1JXl1GfRN<Qo1ARQN=Yo1M4M2O101N2O1Ni^[`1
20130315063154Uh_2,S_hl24io14M3N2O1N2O1O1O1N2O0000000001O00010O0010O010O0010O01O010O0001O0010O01O001O1O001O01O001O001O001O01000O100O2N10O01O2N2N1O1O1O2O0O10000O101O1WQNoN`n1Y100O01O1O1O1N101O001O010O010000O101N3N1N10000001gN^QNQ1jn1O0101N01N100O100O10000O10001O0O110010O4K2OO2N1O1O10O1O00001O2VQNnN91gm1Y1URNlNjm1e11O0O1O1O1N2O1O1cNhQNP1Yn1mNlQNQ1Tn1mNPRNP1Qn1oNQRNQ1nm1mNURN0AP1Po1O3L3M3M1O2N3M2M4M2O0HZPN5io11N1N2kPNH_n1>XQNEgn1>TQNDmn1h00O3N2M5K2N101N100O11O01O101N1O1N1O100O100O100NaZog0
20130315063154Uh_3,i`Vb14jo13N1O1000001O00000010O01O01O0001O0010O01O011O001O00001N10000O0100O011N1000O010O1000O100O2O000O100000000O10O10O00010O1N2N3LW^mY2
20130315063154Uh_4,e`fk25ko13N1O1O10O00001O0O10O10O010O01O0010O010O010O10O010000000000001O0001O01O0000001O00001O010O0000010O010O100O2N100O01O0010O10001O3M2N2hPN[Onn1P1NO0O3K6I8Ed\io0
20130315063154Uh_5,ofZe12mo14M2N2O0O2O1O1O2M2O1O2O2N3N01O0O1N1O10O010O2O2M3M10O1O10000O011O1O1O000O2N2N2O0000O2N2O0O010O0000000001OO02O001O5K1O000000O100O100O1O1O1O1O1O1O1O100O100002N1O1O0O2O001O1O10O01O0O2N2M4LlTkT2
20130315063154Uh_6,Xgfk12mo12O0000001O00000001O001O0010O001O1O010O001O1O0010O01O1O00101N2N7I2O0O00O1N3N1O100O2M201N10010O10O01O00010O010O00010O001O002N1O1OTXWP2
20130315063154Uh_7,ejdk13lo12O1O2N001O1O010O1O100O100O100O10O10O0100O1O1O010O100O1000000O010000O0100000O0100O0010O00010O01O000001O010O00001O001O0O101O0O2O010O001O0O101O00O100N1O2N1O2O0001O000O2O001N1HFjPN<Ro1;N2N2XO[OSRNf0lm1f0001O1O1O1O002N1O2M2O001O1O1O000J7M20101O0F;L3M4N1N2O1000000010O0100O100O100O1O1O1O010O2NZWik1
20130315063154Uh_8,P]oT35jo13L5M1N3M3oPN]Oan1f0WQNBen1n0O0O2O1N101\OiN\RNZ1ll1gNlRN;6R1il1\OUSNi0fl1ZOVSNj0gl1l0VSNcMhl1\2\SNbMdl1c0XSNl07^Ncl1?^SNP1Tm1^NcRN7?Z1mm1N3N2M`0jNRQN<\o1L7I^bXi0
20130328063154Uh_1,Qf`e09eo14L3M3M3M3M3M3M3M3M2N3M2O1N2N1O_OgQN^OXn1<i0L3000000100OL4N3O00001O02N100O1O2O0O1ON3O001O001O000100O1001O000N2O1O01O1O2N1O2O100O100O1O010O1N100O2O001N110O001O1N01K5O101O0O1O0N3O1O1000000O2N1010O0O11O001O0010O010O001O1O010O10000O1000000O2O001O0O101O0O1000O0O2N100N2M20N4M21000O101O001O1O0O100O1N2O001OO1O2O0001O01O0O10001O0010O010O001O00101N11N3L3M201N10000O10000001OO1000000O0010O010O010000000O100O2O0000000000010O00001O010O2OO10O01O00010O01O2OO01O010O000001O100O001O1O00100O1O001O010O010O1000O100O0010O0100O100O100O010000O10O0101N2O3L2OO10O010O0100O00100O10O01O100O101N3M010O10O000010O0100O100001O001N;F3M0O1000O010O1O1O100O1O1O100O1O1O100O1O1O1O1O100O1O1O1O010O0010O01O10O01O1O1O1O1O1O1O0O2O001O00000000000010O000010O0001O000001O001O010O010O0010O01O01O001O010O001O002O1N2N10000O11O0O2O0O2N102M3Mf[ia2
20130328063154Uh_2,UYWe15e05Vn1NaQN;[n1M]QN7im1ZOhRN]1Um1nN`RNT1_m1PO\RNS1cm1f0O1O0010O00000O2O001O0hN]RN3dm1JeRNO[m10iRNMXm11XSN_Oil1`0ZSN^Ofl1a0]SN\Odl1c0^1L3M3M4M2O2N2MbgjX2
20130521063134Lh_1,men\22mo12O0O100O1N2N1010O1000O0100001N101O000O10000O100O1O10O0101N100O10O01O1O1O01O010O100O100O100O002I6N2O1O2N1OiZe_1
20130521063134Lh_2,ijhg21no12N2O1N101N2O1O1O2M6K0O10OO2OO1N2O2O010O20O0100O2O00000O100O10O10000001O0000O2O2M2N100O1O10O010001N4M1O01O6I4L3M2N2LXTaT1
20130521063134Lh_3,gj`k21no12N2N100O1bPNKQo16mPNLQo15oPNKQo17kPNKUo1a0N1010O011O1O1O1N2O001O0O2O1O00jPNBin1>VQNCjn1=SQNFmn1;oPNGQo1e00OXRNWOZl1i0dSN[O[l1c0TSNYOD7Wm1`0RSN]OD5Zm1>oRNAE1\m1?nRNBB1bm1=iRN5Xm10aRN0bm14VRNNom1n03N1N2O1N2O1O0N3L3N2O1N2O1N2N2O1N2O1O100O100TORQNe0Wo1N0O2O0O2O010O001O1O1O2M2O1O1O001O00O1GIiPN6Xo1LdPN6\o171O0O101O0O2O1N5L^Sin0
20130521063134Lh_4,eYa]22mo13N0O2O1O000010O000000O10000000O010000O0100O010O010O0100O010O0010O01O1O0O2O11O0O2N100O0100000O10000000000001O000O2O0000001O000000000O1000O100O1000O0100O10000O10000O100O1000000O2N100O100O2Nlf`\1
20130521063134Lh_5,YZSm27ho13M2N2N1O1N2N3N1N3J6L4M3N10_ObQN@]n1?gQN^OYn1b0c0O001N1M4L3O1O2N2O1O2O0O1O10O010O00100ffdP1
20130521063134Lh_6,dYef16ho13K5N2O001O000100O1O001O000000O2O00001N10O10000O10000O10000O1O010O001O010O010O100O1O2N1Nff`V2
20130521063134Lh_7,l^iV13lo13M4M2N1N2O002N7J0000000000O101O0000001N2O1N10O010O01O001O00001O001O1O010O01O100O001O100O1O00010O0O100O100O1O1O1O2O0O1O1O1O2O000001XOQQN>Zo1N1O1O010O00000000O10O100001O001O2N1O100O1O1O1O000O2O010O1O0010O000001OO10O010O1O1O1O1O0100O1O1O1O1O101N1N200O010O100O100O0100000O2O001O001O001N101O1N101N101N10001N1O101N10P`d_2
20130526063134Lh_1,Xch_13lo13N2L7H8K20N2O0O2O0O11O1001N1O1O3L3M3N1N100O3O00N2O0O10O0010O010O2O4K00000000001O001O002N2N01O0O101O000O1000001O0000010O0001O00010O0O1000000000000001O001O000000000O100000O01O010O1O001O0010O01000O010O010000O10O10O1000000O01000001O001O00000000O1000000000000O100O2Oe[oW2
20130526063134Lh_2,Rd`f02lo13M3O1O1O1O001O0000001O00101N1O1O1O001O001N101M4N3M00000000000001O00001O01O001O01O00010O01O101N2N2N1O10O000O100O1O1O100O101O00001O10O01O00001O1O8H2N1O001O00001O0000010O01O1O010O001O00001O00000O100000010O0100O010O0000000000000000000000000000O2O0O2N2O1O1RQN[O^n1h0^QNZObn1R100O100O1000O1000000000000000O10O100000O010000000O10000000000O1000O1O1O1O1N2O1HVQNYOkn1e0YQNXOhn1h070100O100O0M4N2O1O100O1000000O1001O00001O0000O100000000000000O1O100O100O101O00001O0001O010O1O00010O00000001O00000001O00010O001O001N3N1N3N0O2O000O2O0O2O00010O010000000001N10000O1O010O1O001O00001N1000000001O0000010O001O001N2O0000O100O10000O2N1O101N100O100O10000O101N10000O1000O01O1O001O0O2O1O2NQ[ge2
20130526063134Lh_3,jidW13lo12N100O1000001N10001O001N2O1O001O1O001O1O010O0100O103M1N001O001O010O00001O01O01O00010O00000000000000000000000000000O10O1000000O0100000000O010000000000O10001O001O1O2N2N1O010O01O100O010O0100O2O4L1O10O000O010O1O001]OhPN;Yo1CmPN8To1HoPN3bTca2
20130526063134Lh_4,^kT]13lo12O1O2M101O1O001O010O002O1N1O01O0000000000001O001O1O001O001O01O000001O0000000000000O1000O1000O10000O0100O01000O100O10O01000O0100O0100O010O0010O010O010O0010O010O010O010O010O00010O0010O01O01O01O0010O01O010O01O01O00O20O01O00000000000001O00O1010O00000O1000001O00001O1O2MPV_Z2
20130526063134Lh_5,cjdQ2275Vo1a0J4O0nQN[ONJek1n0UTN]O2Khk1i0kSNF8EQl1j1iSN[NWl1k2N10N2N3N?@0O0jMiRNc1Xm1WNnRNi1Qm1SNUSNj1cm1VNoQNX1en1I4nNZQN6bo1KZRQm1
20130526063134Lh_6,bPUR15io12O1N2N3N1N2M3N11O000010O000O2O001O0010O000000OO2K5O1000O10O101O01O0O1J7L3000010O01O001O0N2O1O1O1O0000O11O1000001O01O001O1O1N2N10100O10000000000O100O10O10O2O0O2O0O10O101N10001N2O1N101N100O10O010O0100O01000O10O10O2O004L2N0O2O0000000O100O10O0100O1O00100O1O100O1OQRee2
20130526063134Lh_7,eWei16ho12N2O1O0IHfPN9Zo160010O001O1O1O1O1O1O1O2O0O1OBoPNNRo10RQNGL2Qo17[QNFen1:a0N101O010O010O010O100O1O2N\iPT2
20130526063134Lh_8,VWmX23lo12O001O010O001O1O1O001O001O01O0001O010O010O010O100O2O0O2N100O100O01O2N1O2N100O102O00OIZPN4jo1O0O1O1NkgRd1
20130526063134Lh_9,QYog22jo15J5M3N1O2M1@FYQN>en1?L4O10O000N102H8O1N3GnPN]OYo1?6N101N3N2Mjh^V1
20130526063134Lh_10,fWQS1:do12O1O2O0O3cPNC7O4Oim1i0mQN_OMJ04Sn1e1M9H6\RNgMTm1\2hRNhMUm1c2O1N1O2O0O3QSNRMhl1T3N2OcN\SNXN0o0dl1g0hSNVOWl1i0mSNVORl1h0QTNWOok1g0UTNWOkk1h0]TNQObk1o0aTNPO^k1o0eTNoN[k1Q1gTNnNXk1Q1jTNnNWk1Q1jTNoNVk1@_SN^1\1ROXk1l0iTNSOWk1l0kTNTOUk1k0lTNUOSk17eSNDX16Sk13mSN@R1>oj10STN_OP1`0mj10lUNOTj10mUN0Rj1NQVN1Qj1JSVN6ni1FTVN:jl100000O1000001N101N2O1N1O0101O0O2O0O010O1O001O1O001O010O0O2O000000010O001O010O001O00000000O100000O101O01O0000001O0010O01O00000O0100000O10001O00001O00001O0O10000O100O100O2N101N2O0O2N10ZOQQN;on1CUQN;ln1BWQN>Uo101O001O1O0O2O0000000O10000O1000O100O100O1O10O0100O100000O100O010O1O0010O01O0001O00010O01O010O01O010O010O01O01O01N1O0011N1O2O01O0O100001O010O010O010001N1000O1000O1000000000000O2N1Nbej^2
20130526063134Lh_11,^Zm\34jo15L2N101N1O1O1O1N2FAQQNa0nn18010O001N2N101O1O1O0O2O0L5N100O100001O010O0010OKCgPN>Xo1KkPNHWo179O1001O010000O2N2NPgT`0
20130526063134Lh_12,YYio13lo12O0O1001O01O0001O0001O000000000000000000000000000000001O001O1O001O1O001O001O01O001O001O1O1O010O001O01O010O1O1O01O000000010O1O001O001O00010O0000000O1000O1000000O010O1000O1000O0101N101N\f\j1
20130526063134Lh_13,i^QP3781Po11nPN0So11iPN1Wo1;10000O2O0000000O11N102fPN[OUo1h0000O1O1O1O100O1000001O0O101O000O100O1000000O1O001N1O200O0100O0010O01O0O2H7N3O01001O0001O5K4L2N1O001N101O0O2N1O100O[a\k0
20130526063134Lh_14,h_gh21no12N2O1O0010O01O001O1gPNIgn18VQNKin17TQNKkn16SQNKmn17oPNKQo1b01O001O001O1O00100O00100O2O3L2OO100O010O0001N10000O100O1O2N2M2N3O1Nc_VT1
20130530133654Bh_1,PZTb17fo14N2O1000O1O1O010O010O010O0O1000O10000000001O00001N100O0100O1O100O1000O1000010O01O000000O100000000000000010O00O2O000001O0000O100O11O10O01O001O000010O010O01000O10O0100O0001O0001O00001O001O001OO2O00001N101O000O1000001O0001O00001O0010O01O0001O010O000000000001O00000000O10000O10001O1O001O001O1O2LZeeT2
20130530133654Bh_2,n]X`15jo13L3N2N2N2N2M4fPN[ORo1n0CSO^QNR1`n19M3N5J4K5L2N3N0001N2H9L3O1N101O0O2N101N2O10O010O0010O010O010O2O0O1O100O1O1O10O01O1O10O01O001O001N100O20O011O3N1O1N2N10O01O12N001N1O1O000O1O100O2O1000OO1O1O001N2O2M3N2M3N1O001O0000O100001O002O0O2O1O0O100O1N101N1000000001O0O101M2D=0O00000O101O0000001O00001O0O0100O1000000O2O0O10O01O002O0010O010O10O2O1iPNZOPo1m0N1O1O100O1000000O011cQNPOgm1o0WRNTOim1l0TRNVOmm1k0oQNWORn1[11O001O00O2O0O2O2N0O2O1M3O1N110O1O00001O001O0000O2O1O1N2O1O00100O001O010O001O01O000010O01O0001O0O1J5O200O01000O100O0100O1000O2N2N1N3N2O1N20O010O0010O1N2O001O001O00001N101O1O010O0100O2O0O1O1O_OXQNKgn13]QNJdn15^QNIcn17_QNDdn1;a0JcPNH_o157O2N]_[n1
20130530133654Bh_3,lcRW22mo13M2N3N2M2O1O1O1O1N2O1M4G:I5N3M1001N100O1000000000000O10O10O1N2O2N100O2N1N2O100O2O0O2O0O2O1O1O2N0010O01O010O100O20O01O0010O3M20N1O1N2O1N3L4L`[_d1
20130530133654Bh_4,SdTQ33lo13M2O10O01O000001O000000O10000000001O001O1O100O01O001O010O0100O2N2OO01O010O01O100O010O1O100O11O0O101N1O0O100002M5JZ[Wk0
20130530133654Bh_5,Ted`25jo13M2N2O0O2M1O2N1001O100O0100N2G9O1000000O100O100O2N1O2O0O2N2O@]QNDcn19aQNE`n19bQNG]n19cQNG^n17dQNH\n18eQNG\n18fQNFZn1:f000O2O001O0O2O000O2O001O010O1O001O1O001O1O1N\[a[1
20130530133654Bh_6,ZdVR185MXo1b0K5M3O2M00O1N4M1O1N5L5J20O01O01O010O00001O1O0000O2O1OO100N101M4cPNASo1h0O1O010000O2OO01O01O001O0000000O010O100O10O1IoPN^ORo16c0M3MXZSj2
20130530133654Bh_7,VfPP3:eo12O2N2N2N1O10O00000KdPNE\o1:60O0O3M201O1O100N2O1N1O0100O1JiPN@[o1<6N201N1O3LPZmm0
20130530133654Bh_8,[jlY16io15L2N2N1O001O2M3N>C2M1`QNnNPn1T1iQNQOWn1\100001O1eNjQNk0Wn1QOmQNm0cn1100N2O2M2O1O10O00000O1N2N3M3N3N3L3N0O2OO010O2O001O010001000O1N2O0O2N2XQNROZn1P1aQNVO]n1X1N1O00lNdQNd0\n1ZOhQNe0Wn1ZOmQNc0Sn1[OQRNd0nm1ZOWRNe0gm1YO]RNf0bm1YOaRNf0]n110O100O1001O2NO1O1N1N101O00O100O1N2O1O1O100O11O001O1O1O2N2N001O0001N101O2N1O1O10O0O2N101N101O001O0010O001O010O100O01O0O1M4M200O2O01O010O1O1O1O1O10O00000O2N101N10010O01O1O010O1O001O000001O00001O1O00100O0100O101N1O100O2O1N2N2O1N2N1O1O1O1O001O0001O001O01O00100O0100O010O010O01O1O1O1O0O2O0O2O0100O1O1O1N2]Oc0M3N4KeQ]X2
20130530133654Bh_9,coRi25jo14M2O0O100O00001OO10O01O00010O10O010N2N2N1O2M200O10000O1O11O1O100O0010O00001O010O1O1O0O1O100001O1O1O101N2O1N1O2N100O1O010O01O1O10O101O0O10000000O1000000O0100O10O010O010O10O10O0100O010O01O100O1O1O100O1O1O1O10001O000O100O1O10O1O1O001O100O001O001O0N3N100O2N1O101N2O0O2O1N_R_n0
20130530133654Bh_10,TYoh2<co13M2O1N2O0O1N2N2O1O1O1N2O2M2H8O2dKgNoYNY1Qf1iNmYNY1Pf1jNnYNZ1me1iNPZN\1ke1nNlYNT1Qf1QOjYNQ1Sf1SOiYNo0Qf1YOiYNk0Wf1XO`YNm0af1VO[YNk0ff1ZOSYNf0of1]OkXN9cg1^NSVNm09iNZ1l1Pi1L_UN\Ni0j1Pj1HRUNdNh0e1[j13`UNNej11WUNHTk19gTNG\k1W27^LUTN\2NdMPl1MWTNX20gMkk1OYTNS22lM`l1i1iSNTN\l1e1]1B4L6TOcQNIen1L[jVT1
20130530133654Bh_11,aVW\14mo11N1O100O10O10O01O001OO2O010O2N101N101N10000000000O2O001O1O3M01N101O0O10000001N100O11O005K1N3M2N3LPhd`2
20130530133654Bh_12,`WiY34lo12N1O1O1N2O0O10000O01O10O010000O10000001O0010O01O001O1N102N1N2O2N1O10O2O1O1O1000OO101O0O2O0B`PN9go1M2MkgTc0
20130530133654Bh_13,mWiR18eo17L4lPN4mm1R1N2O1O1O1O000107IOQOlQN5nm1HXRN5gm1K[RN3fm1K\RN5cm1L]RN3dm1L^RN3am1N`RN1`m10bRNM^m17aRNF_m1;bRND_m1;aRNDcm18]RNHdm1MkQNJb09mn100O10O10O0100O01000O1001N1000O101O1O0O10N2O001O0010O01O010O1O10O010O010O1O100O2N2O0O000001N11O002O1N0001M2O2O1N10100O10O10O1000O010O010O100O01M2N3O0O2O1NUdjf2
20130530133654Bh_14,i\Qh13jo18K3M4M5I7J5hQNQOTm1U2jNhMTTN[2^k1UN]TNl1hj1hMXUN=Mm1jj1jMVUN8On1mj1nMoTN61j1Uk1RNgTN44f1Zk1XN]TN66X1ik1CQTNIhl1\1<J6K5J6K5L5fNZRN0kbbV2
20130530133654Bh_15,j_gP14ko16J2O2N2O1N2N000O1000001O00BgPN6Xo1HlPN7Uo1FmPN:]o10O1000000O10O1O001O10O01000O1000O10000O1O010O00010O1O2N0O2O0000001O1OT_Pl2
20130530133654Bh_16,\bkY11mo14M2N2O0O2O0O2N3M2M4M1N3M3N101O1O1O010O1O2N3M2N2N01O1O2M3O0N101O0O1O100O100O2O001O0000000001O000000O10O100N2N2N2O1O1010N10000O100O3N2N2N001OO10O00O2M2M3O2H710O001N1N3N2O0HaNoQNa1nm1:O100001O2WNmQNa1[n1M1O2O0O2N1O1N200O01000O1N2N2O1N2O1O1O1O010O0O100010O00000O1000010O00101O0O10O0N2M3O200O2O001N1000O10O01O1O100000O2O0O100O100O10000O100O100O001N2N2O101N3N1O001O0O2O0O101O1OU_nZ2
20130530133654Bh_17,ZeSi14mo1O010O0000O101N101N101N2O01O010O01O0100O0010O01O0000O101N100O100O2O0O1O101N1001O011N2N001O0000010O1O010O000001O0000001O01O01O01O001O0010O0001O00010O01O0010O0101N5K2N000000N2M3I7N2N200O10000000O100O100000000000O10O10000000O1O2N[Zho1
20130603063154Uh_1,^^TP13lo13L3N1O2O1M201N101O1000001O1N3N2M2O0O2O2M2N3N1N1O1O2M2O2N1OlN`QNi0^n1VOfQNi0Yn1VOhQNk0Xn1SOjQNl0Vn1TOjQNl0Wn1ROjQNo0Vn1nNmQNQ1an100010O0001N1N2L5L3N3M3N2O2M2O1N101N2O1N2Nf`Wl2
20130603063154Uh_2,QehZ12jo16M3M3M3M2N2O0100O101001O2M108G0000O1O001N2N2N2M3M3M3N1O2O1M3M`ZWc2
20130603063154Uh_3,oej^23lo13N001N2O001O010O00100O1O100O1O100O0100O010O001O001O000000000000000O10000000001O01O000001O0001O0001O00001O001O001O1O2LcY]]1
20130603063154Uh_4,XYY^2:bo17M;E6I4M2M4M6J3M3O4MO=Db0^O0O3L1O1O2N1N2O0O2O1N2O010O00010O001N1100N10O1O001O1O001O001O00000O1000001O0O10O0100001O00000000O101NXdf]1
20130603063154Uh_5,[^WP22lo13O2M2O1O2M3N2M5K7J2N5J3N1O2N1O2N2M3N1O1O1OfNhQNn0Vn1POQRNl0nm1SOVRNk0jm1TO]RNg0am1XOcRNg0YOTOom15kRNi0]OSO[m13[SNh0YOWO\m10\SNi0VOXO_m1M]SNk0SOYOcn1i0YQNYOhn1o0001O00010O11WQNlNfn1U12O3L2O0O2O0O100O10002M2OO10O001O00000000O10O100O1O1O1N2JfPNE[o197O1O1O1O1O100O1O1O2Nh_jj1
20130606133454Bh_1,dbZg03=6jn1b001OO1001M4M2L4M5IoNcQNe0Xn1\OlQNd0Pn1]OSRNb0lm1^OVRNa0hm1_OZRNb0dm1^O^RNc0^m1]OdRNf0Wm1YOmRNf0Qm1XOSSNg0ll1WOXSNi0gl1UO]SNi0dl1TOcSNg0mm1N2K6J5L5Kg[oV3
20130606133454Bh_2,nd``26go14N2O00000O010000O100000O11O001O001O010O0010O0010O0100O1O01O00O100001O0000010O010O010O010O01000O0100O010O01O0001O01O010O010O01000001O1N101N011O00001O1O4L1010N2N5J2N1O001O001O1O1O2NaYiY1
20130606133454Bh_3,[[ae02lo14H8L4J5D=L4F5M4102N001O0O0JbQNkN`n1j0_QN[Oin1c09O2O11N1O3M2M4J6O00_OcQN_O]n1?iQN[OYn1e0b0N100O100O1000O0101O1O1O001N100O1000O100O000O1100O10001O0O1000O2O0O1O1JCgPN>Xo161M2O1N101O000001O01O000000000O101O01N1O1O1O2H7000N3N3N1O100O100O101O00001O0010O001O1O00O2O2M:F^g\S3
20130606133454Bh_4,U\YZ18go12N2N1001O0O10000O1000001O00O100O1O100O100O100O2O00000000000001O0000000001O02N2N2M101O0000000000000000000O0100O10O01N1N2O1010O000O2O0O2O0O1000O1O2N1O110O0001O1O001O100O010O10O010O000O1O1O1O1O1M2O2O01N2O1O1O01O1OM3O2O2O000O1000000O2MSf\^2
20130606133454Bh_5,Y_WU12lo13H7O1O2O01000001N100O100O10O1000O010O0010O002N2N1O1O100O1O01O010O001O00010O000000010O01O001O01O0001O002N1O1O0101N1O101N100O101N1O0O2N100O10O100O10O100001O00000O10OO200O0101O002M2O001NTOJPRN6om1N_QNO13`n10\QNO31bn12VQN07Mdn1>\QNBen1<\QNDen1;[QNEen1;[QNEfn1:ZQNFfn1:ZQNFgn19YQNGgn19YQNGhn19VQNGkn19UQNFmn1;oPNGQo1c01001O001O1O000O2OO010O1000O2O0O1O001N10101O0010O0101O01O1O1O002N1N10OO2K4N200O110O001O1O1N2N1O2M2O1O010O01O1N200O1O2O0O2NJfPNHYo17kPNGUo18mPNGRo1:nPNFRo18;0O101O0100O1O1O010O10001N1000001O001O1Ng`d^2
20130606133454Bh_6,g`go25jo14K5XOHVQNf0?UOem1W1WRNmNgm1U1VRNmNim1T1VRNlNjm1T1URNmNjm1U1TRNlNlm1V1PRNlNPn1d0PRNMnm1OYRNOgm1O\RN1am10aRN0Zm14gRNLVm15lRNKRm16oRNJol17RSNHml19TSNF\l1[OZSNR1:A\l1@WSNP1=_O]l1CRSNe01ZO`0<^l1d0VSNoN;<`l1a0[SNRO5;al1`0^SNUO1:bl1>_SNZOO5cl1?aSN\O0Oal1b0bSN_OOKbl1b0aSNCgm1O\RN1jn1O1O2N1OU_Tn0
20130609133454Bh_1,S^PZ16io13M2O2O1O000001N101O001N10O02OO010O101N3M2bPNFSo1e0N2OO01O0100O2O3L2N2N1O0010O01O00101N101O00000O100O10O0100000O01O0010O0100O0100O101N10O100O100O1O100O010000O100O010O0100O010O100O010O1O010O1O1Ob_S`2
20130609133454Bh_2,[_hm24jo13J5O2O1O1O001O10O0001O0O100O1N1010000001O1O1N3N001O00001N101O1O001O0O2O1O1N3Ld`go0
20130609133454Bh_3,j`Ze25io13O1O0010O10O100000O10000000O101O1O00010O100N101N1O10O01O01O010O010O100O10O1000000O100O1O00001O000O100O1O1000BhPN4Xo1JlPN5So1KnPN4So1JnPN7Ro1HoPN8\o1010O10O010O01O100O2O3M4L000O01O010O02N3N1O000000O010O001O0O101O001N101O1O001O100O100O2N100O1O101N001O1O001O001O010O000010OO2O1Oe\mR1
20130609133454Bh_4,RdPX31no13M1C0jPN0Vo12fPN0Zo1;00000010O010O010O100O0100O100O00100O001O1N110O1O10O010O01O00010O10O01O01O01O01O002N100O1O1O1O1O1O001O1O1005K1OO10O01O01O0O1O3N2M3N2N3N1NoZ[c0
20130609133454Bh_5,cfVd05ko13M4L3N7H5L1002N05LN5K1O0O2O0O100O11O0100001N100O2N1O101001N02N>B8NOL1N01N1OhQNgNbn1`0ZQNChn1<TQNGnn1e01N1N2O2M6K3L5KaUgX3
20130609133454Bh_6,cjlR13ko16J5fQNDhl1?RSNIil19USNJhl18SSNMll14SSNMkl16RSNLjl18TSNIil1=dRNPO7e0Sm1h1O2N1N110O0100O00N3O10O1O101O1O1O2L4kMdRN\1fm1`NaRNn0FTOlm1JcRNn0on1]O6J_UQk2
20130609133454Bh_7,SjZ^15ko13N1N100O10001N2O1O4L0001O0O2O0O11O100O101O0000O2O001N10O102M2NO1O100O2O0O2N3M2M4LTTQ_2
20130609133454Bh_8,ZP]b06io13N1N2O1O100O2N1N2O1N2N100O1O100O100O101N1O2O00100O1001N5L1N001O00O100000O2O00O10O01N1O100100O100O200O2N2O0O1O100O1O010N9H3LUodY3
20130609133454Bh_9,i^SZ13lo12N1O100O1N2M3N2O2N1O2O1N111N1O1O1O0000O100O100O2O001O001O00001O000000O100O1O010O1O10O0000100O011O0000001O1O001N2O001O00000O010000O100O2N100O2M20000001O001O0O100O1O1O1O100O10O010O001^OHZQN9dn1NVQN3jn1b01N2N2N1O2O0O02O0N3G9G9M2N2D<O^OWRNoNhm1m0_RNPO`m1o0eRNoNZm1P1jRNlNWm1R1l0O100YOfQNIZn16jQNGVn18nQNERn1:QRNDom1<j0O10000O100000O10000000O10O1000000O1000O101O0001O01O0001O00001O0010O000010O01O01O000O2N100O01O1O2N1O10O00001O0O2N3L3010000O1000010O00000001N10001N101O1O001O00000001O0000O10O0100O100000O0100O101N1000000O10000O0100O1O1O00001O00010O0100O100000O0100O010O0010O010O000010O01O010O1O001O1O00100O01000000O1000O010O001O001N101O1O100O1000O101O0O10001O2N2N2OO010O0O10O001O001O1O0010O010O010O00100O010O01OO2M2010O100O2O0O0100O010O100O1O10O010O100O1O010O001O10O010O1O1O1O2O0O2O000000O100O100O100O10O01O01O010O100O1O010N2O010O000O11O1N2N101O000000O100O1O1O0101O001O01O01O010O010O01N2N1O2O1O1H[OPQN00f0on18OO2N1O1N2N2O101OO01O11O001O010O10CoPNJSo13?LiiPk1
20130609133454Bh_10,U\S^22mo12O1N101O1O000000000000000O100O2O0O010O001O1O1O1O001O1O001N2N200O100O2O001O001O000000000000O2O000O10000O1000000O101O0O100O100O10O1000O10O0100O010O1O10O01N2M3N2O2N2Nadf\1
20130609133454Bh_11,f^mi02no11O1O1O2N1O1O1O1O0001O000000000O0100000001O00001O000O101O0000O10O010O0O2O10000000010O01O1O100O001O1N101O0O0100N101O1O100O010000O1O10O010O0000010O01O01O0010O001O1O1O100O0O2OO0001010O001O1O1O1O11OSbno2
20130609133454Bh_12,j^Sa23lo11O1O2N1O1O100O10O10O0100O10O02O000000O1000000000000000O1000O1000000O10O10O100000O1000O10000000000O02O000000001O0000O1000O10000O100O2N2NbabZ1
20130609133454Bh_13,Q`cW22<0So12kPN0To11jPN1Uo10iPN1Wo11ePN1[o1:00010O001O001O1O2N001O0010O00000O1000000000000O2O000O10001O00000001O001O1O001O001O001O001O000000000000001O0001O00000O2O001O1O1O000000O1000010O001O001O0O2O000O100O100O10001N1O3M^_`b1
20130627063134Lh_1,^dRR23lo12O0O2N100O101O000000O100000000000000001O002N0O101O00O10O10O1O1O100O010O0100O100O1O100O10000O010O0001O001N2N101O010O0010O0100O001O10O0101N100O1OX\[i1
20130627063134Lh_2,QefR12mo12O001O00000O1000001O000O10O0100N2O1O100000000010O010000O100O0100O001O010O001O00001O0001O001O1O10O00001O001O10O01O01O00100O100O100001O01O1O000000001O001O0O01000000O0100000001N20O100O002O01O0O0O0100O010O001N10001O0O101O0O101N10001O00001O0000001O0000000010O000001O000000001O001O001NSY_d2
20130627063134Lh_3,fenV32no11N10001O0O101O0010O01O000010O01O001O01O001O01O01O01O010O1O010O100O10O010O0100O00100O0010O01O10O0100O1000001OO3N1O00000001N100O1O1O1N2O1M4N1O2O001:F1O0O1O1O001O10O0000001N100O1000O104K2N2M4LSXQc0
20130627063134Lh_4,UWio22no11O1O11N10O101O1N2OO10O100O1O1O10O01O10O11N101O1O0000O0010O0010O00000O10000000000001O00001O001O1O1O2N3M1O1N010OO2N100N2O2M3N2O1M4M4L]hPl0
20130627063134Lh_5,WZoW25do19Ke0\O4M4L7IkNfQNk0Un1SOSRNi0jm1WOYRNi0em1VO^RNj0`m1UOhRNe0Wm1YOmRNg0Wn1O1O1O001O1O1O1O1N2O1N100O1O0010O01O0001O01O01O001O0O100O101N100O2N1O1O100O10000O1000O10000000O10000O01000O100O01000000O10O1000O010O0100O00010O0010O1O100O100O100O010O0010O00001O00001N101O1O010O10O1O1O1N2O1O10O010O010O000O1O100010O011N1J6N3M5Ejef_1
20130627063134Lh_6,j[SV11no12O001O00000000000000000O1000O0100O10O0100O100O010O1O1O00100O001O00000010O00010O01O001O01O01O00001O000O100000O1O1O001O01O1O1N2M3J51O1O2N2N4IVf^e2
20130627063134Lh_7,aeYf13lo12O1N101O1O1O100O100O1O01O010O001O1O010O0000001O0001OO010O10000000000000000000000000000000001O00001O00001O00000O2O0O010O01O10001N1001O00001O1O1NWZTU2
20130627063134Lh_8,kemP24ko12N101N2O1N10001O001O001O1O100O2N2O0O2O2O0O1O0O1000O10O100O010O00001O000000000001O00001O1O010O001O010O001O00001O00000001O001O0O10001N10000O2O0000000000O6L1DgPNMZo10jPNNVo12jPNNWo10kPNNWo11iPNOXo1OiPN1Xo1NhPN1eXji1
20130702070714Th_1,Xb\k04ko13M2O1O1N1000O10O1000O1001O00000000O100O1001O001O1O001O0O2O1O0000001O0O2O1O001O001O1O1O00001OO100O101N100000000000000O1O1O1O100O100O2O0O100O01001O2N2N010O0010O010O100O0100O4L3M[]Qo2
20130702070714Th_2,jelb13lo13N1O1O010O0O100O1O2O01O010O0001O001O001N100000O100O010O110O02N001N100O1O100O1000O10O101N101O0100O1O1IfPNE[o198O0O10000O2O000000000010O000O101O00O10001O00000010O00001O0001O000000001O01O000O1000001O000000O10000O10000000O10000000000O10000000O1000000O10000000000000000000001O000000O1000000001O0000001O01O0010O0001O00010O0000000000010O001O1O1O10O00000O100O1N110O1000O100000O1001O000000010O010O0001O0000O010O0010001O001O100000O1O001O1O100O0010O0010O00100O1O1OeYQo1
20130702070714Th_3,gf^R22no11N2O0010O0001O01O0000O1000001O00001O0O101O0000O1000000O100000000000001O01O010O010O100O100O010O010000O0100O1O1O1O1O1O001O0000O101N3N1N3MkXWi1
20130702070714Th_4,fidf23mo11N101O001O1O001000O001O00010O0100O010O1O010O100O010O10O00100O0010O001O001O001O100O1O2N10O1O001N100O2O00010O0O100000000001O0000000O10001N101O0000O1O001OKFdPN<Yo16O1000M3O2N2M4L[VoS1
20130702070714Th_5,gUkd21mo16VPNJao1;O3M3M1O1O0F@UQNa0jn1BRQN?on190O1M3N3HkPNAVo1>7OO1O101O01O0001O0@AWQN2O?in1?1O10O01O100O110O2O1EoPNCRo1:RQNEnn18UQNGln16WQNIin16YQNIhn16`001O1O100O1000001O1N2N_kjW1
20130702070714Th_6,_W[U33lo12N2N1O000000000O1O1O1O1O100O10000001O00O1O01O10000O1O01O1O100001O1O0010N1001O001N10000000O000N300100O1O1O1O001O2N^jPg0
20130702070714Th_7,ZYWf06Zo1b0K5M3L4J6M3WOgNeRN]1Xm1eNdRN`1Ym1cN_RNe1^m1c0K4L6J3N3L3N2M2OmMZSNTO1]1cl1^O`SNoN3=Hc0el1YO\SN9d0BDj0[l1YOaSN9S1=[k1ZOcSN7V1CfNd0^l1BiSN5]1;ej1@QTN1]1>bj1_OUTN0[1`0_j1@XTNN[1a0\j1@[TNN[1a0Zj1@\TNM\1c0Xj1^ObVNc0]i1]OdVNc0\i1[OeVNe0\l10O1O2lPNYOkn1o00O0UOTQNb0ln1\OYQNa0gn1^O\QN`0en1^O]QNa0Ro1O1O00100O2O000000O100O1O1O2N2N1O2OAiPN4Vo1JnPN5Ro1HRQN8mn1FUQN:Zo1O0000O10O010O00104K2OO0100O100O`clT3
20130702070714Th_8,_ZeS32lo11O011O00O01O1O2O0O1O1O1N3M2O10O100O100O0001N2O0O2N1O10O001O2O1O_OD`QN<bn1E\QN:fn1GXQN9jn1GTQN9nn1FQQN9Ro1HjPN8Zo142O2N1O2O0O1O1N2O1NkgXi0
20130702070714Th_9,VZog13lo13M100000000O10001O0001O0010O0000001O01O00O100O010O1000001N100O100O01O001O1O00100O010000O010O1O01O1O010O001O0000O2N11O00O1N2001N10O1O2OO0M4O2O1M3NPg\S2
20130702070714Th_10,b]SV3280Zo1>M1N2M2K6O0F[OYQNd0hn181O2O10O1O1N1N4N[OZQN3fn1IcQN3]n1KhQNHD3cn14TRNImm16P1Loc`h0
20130702070714Th_11,e^oP23lo14M2ALmPN7on1MmPN7Po1?N2SQNTOan1Y1eQNiNgm1Z1TRNiNim1i1M3N2N3\RNhM[m1b2M^NfRN`0Xm1^OlRNb0Sm1]OmRNe0Qm1lNkRNL6]1il1eNUSNL2`1il1bNWSNL130l0fl1VO[SNG063l0al1VOkSNLHNCf0hl1@lSNL:`0hk1CoSNL<a0ck1CQTNK?a0_k1CSTNKa0a0Zk1EUTNId0b0Uk1DYTNGe0e0Pk1DoUN<oi1DRVN>ki1BWVN?gi1@^VN=ai1_OjSNKh2f0\i1]OjVNd0Xl1100O10O013M3M4L1O10O01O000O1O100O1O100O1O1O1O001O001O1Oo]Tk1
20130702070714Th_12,haml22mo11O1O1O1O001N01001N101O1O1O100O1O010O1O001^OLVQN5jn1a00OmNSOUSNm0il1VOVSNi0jl1YOTSNf0ml1\ORSNb0ol1@oRN?Rm1DlRN;Um1GgRN9[m1MYRN1Pn1k05L6K4M4M5J4L4L3AfPN2go1L3N2O0Og_VP1
20130702070714Th_13,ncgT21io17M2O2N3L3M3N3M2N1O2KTORQNn0mn14O1O1O2M2O1N0O1OG721N3L3J7N2N2N2M3M3N200O1O2MV]Ri1
20130811121434Ch_1,o[Td11mo12O3M1O1O100O1O010O0\OO[QN1dn13WQNOin1d01O002N1O2N1O1O100O2O1O1O1O2N2N4K2N3LockY2
20130811121434Ch_2,edVT23mo11O0100O001OO101N100O101O0000001O0O10000000001O01O010O10O1000O010O0010O001O001O001O10O10000000000001O0000O1000000O1000O101O1N01O10O010O0100000O1000O001O1O001O00000001N1010O100O10O01O000000000000001O0O101O0O2O0O1001O01O1OnYkd1
20130811121434Ch_3,hhP_22lo14N101N4M1N20O001O0O1O2N0010O0O2O00100O2O001O100O0O10O1N2O1N2O001O1O0010O01000O1000O100O010O01O000001O000O101O1NWV]]1
20130811121434Ch_4,_lnV36io14M3M4K3N1M3N2O2N1O10O1O100O2O002O00O0000001N011O000O1000O100O100O100O2O105K00O0000O100O2O10O0000000000O1O001O0O1001O010O2N2N2N1O1O100O1001O0000O10O01O000OChPN4Xo1JlPN4To1LnPN2So1LPQN2Qo1NoPN1Ro1NoPN1Ro1OnPN0To1OlPNOVo11>N]Qac0
20130811121434Ch_5,TTWj14lo1:F2N2OO2O001N2N100O001O000010O0010O01O01O0000010O000001O01O0010O00010O001O0010O000001O001O010O1O010O0010O0000001O001O010O1O0010O010O010O1O010O00000000O1000000O101O000000000001O001O001O1O1O000000000000001O0001O001O1O001O1O001O010O0010O001O0010O01O10O010O100O10O01O1O1O1O1O3N1NUjRm1
20130811121434Ch_6,WZgb29a05Sn15bQN3Wn1P1G7J7H8M2N[OgRNfNYm1S1WSNbNkl1e0Vhd\1
20130811121434Ch_7,gb[_13lo12N101N2O1O0O101N100O2N10100O001O00001O00001O01O01O0001O001O0010O0001O000O100000000O1000001O0001O0O1000001O000O10001O000O1000M3N200O010O100000000001O00O10O100O100O2M2M3O2N100001O2N3M2N1O001OO2O001O0O101OO1000O100000000O0100O1000000010O0001O01O00001O000O101OO0100000001O00001O00O100O01000000O10O10O10O0100O0010O01O10O0100O100O1O2N100010O1000000O1O0J7M200O10O2O0O0100O100O2O0O10O100_O^ObQNd0\n1B^QN?cn1EVQN>jn1;2O1O100O10000O100O0O2J5N110O02N1O1N2O1O1O00001N0011O100O101N2O100O001O01O000O10O001O00100O10000O1000O01O00O2L3O2O010N2N2N101N2N10001O001N1N3O10000001O001O00O010O1N2L4O1N2O1H[NSRNf1hm1<N2001O7mMnQN:3Q1Tn1hNRRNW1\n1O001O00000O2O0O100O10000O100O100O0100O1O1O00000O101O01O1O0010O010O00001O0O2O0O1O2O01O0010O0O2N1N3G801O1O1O1O1O1O1000001O0001N1O1O1O2N2N1O2N010OO3O0O3N2N1N200N01FVRN]Nkm1a1:01O010O0100O0O2L4O1O0000N10O2M2M4O100000010O01O1O001O3M2N2N1O2O0O2O000O0100001N100O101N1O1O2M2O1O2N1O100O100O0100O010O100O2O0O00O1N2O100001N1N1100N2N10O2N2O100]OoNXRNQ1hm1SOTRNm0mm1XOlQNj0Tn1?2O1N3N1O001AjQNSOUn1k0`002N3YOoPNO32Po1L]QNMSbdc1
20130811121434Ch_8,_^Wn0<W1Jkl1a0]RN>Tm1]1J5J6J4M3N1O^MaSNd1^l1UNmSNi0F^O]l1D_TN<[OMhm1N^RN0bm1MaRN2am1IdRN6en1N2M2O2Ma^dP3
20130811121434Ch_9,^aYR17eo14N20O000001O001O101O001O000O11O00000O1N110O0100O000100O100000O010N1O2N2N20O1000000000001N1O1O010O0100O1O1N101O0010O1000O1001O0O2M2O2O0O100O2O0O10000O10O010O001000O010O0000002N100O1O10O010O1O101N10000001O2M2Mh_Tg2
20130825141154Bh_1,U]Va126O\o1>M20O000O2N2O100O10O100N2K5O1O1O1N1K6O000100O10001O001O001N101N1O2O0O10000O101N2L5K4LbcQ\2
20130825141154Bh_2,Zang22ko16M2N2N3N1N2O0O1000000000001O0001000O2N2N00O010O001O01O01000O2O1O102M3N1UQNUO\n1\1M0O05K2N2M2O1O0O201N4M1N1001001M10O0100O10000FmPNBUo16a0JQ\ST1
20130825141154Bh_3,Pi`i04eo19K4I7N3M1O2O0O1O01N2O1O2O0O100010O0O2O1N2M4M3N14VOVQN6[o1O10O0000001O4L0O1000O1O10O01000O2O1O1O0O1000O0100O010O01N1M4M3N101N1O2M4M2MUV_R3
20130825141154Bh_4,Uklo14lo11O001O001O001O0O1010O0001O0100000O10O1000000000O2O1O01O010O01O001O10O00001O00O10O10O0101N2O0O100O100O010O010O01O00010O0000000000000O10010OO10000000O1000000010O010O01O2O1N2OO1N2GdS_j1
20130825141154Bh_5,gWei22mo12O0O100O100O1O00100O0100O010000000O0100O001O1O100O1O1O1O001N2M201O01OBA\QN`0bn1D[QN;bn1MYQN3fn1d0M30O100O2O0O2NVOmNjRNR1Wm1ROeRNm0\m1VOaRNi0am1]OWRNc0km1@PRN`0Sn1d02N2N3L3N2N2N2N2O1M2M4N2O1N2N2L4L5M2N4KPkjQ1
20130825141154Bh_6,c\em22lo13O0O100O1O1O100O001O0O100O2N1O1O10000O1N2M3POC[RN?em1EURN>jm1HmQN;Sn1g00O11N21N2O100QOjQN4Vn1LVRNGlm17n0O1O2N101000O10O010O100000O11N100001O00000001O001N1O101O001O0010O001O0100O011N100000000O1001O0O100O10000000000001O00000O1010O00MYPNOeo1O_PN3eo12O1N1O010O010O010O00100O10O0000000O2N1O101Nhfdj0
20130825141154Bh_7,U_ak02do12`PN2[o1<K5N2N2N2O2O0O1OO1N101OO0M4N2M3EPOdQNS1[n19O1O2XO`NoRN`1Qm1eNiRN>JL`m1KaRN66KYm1k0jRNSOUm1n0mRNPOSm1P1oRNmNSm1R1oRNjNUm1T1P1K3M5K5K3M5K6IgbTR3
20130825141154Bh_8,gcgU11no12N1O2N2N1O2N2N1O2O1O0O2O0N3M3M2M4M3N1O2O1N01O1O1O010O00100L4N2O100O1O1O2N0010O010O0O101O0010O010O0O2O00O101O0O2N2O0O2N20O00000001O0010OO1O1O1O11O1O1N3O1N3M2O0O2O00000O100O0O2O00001O0001O001O0000001O001N1L5N2O010O01OO1001O010OO2L301OO2O1O1N3M101O1O1O1O2N1N2O2O0O2O1N2O1O1N101N101O0O2O2Ll^Xa2
20131027185354Bh_1,faZY22mo12O000000000O100O1O101O0001O00O01000000001O0000O010O10000001O00010O00010O0010O010O01O001O001O10O01O01000O01O010O00010O010O0010O000O2O001O010O00100O010002M2OO010O01O010O01O00001O001O010O01N1000000O100000001N100000O01000O1000O2O000010O000010O000010O001O01O01O00001O001O00010O01O00010O0001O001O002N100O01O001N100O101OO110O001O01O1O0010O002[PNH_o1>N1O1O1O1O00101N2N2N000000I7M4L3N201N205J2OO2OOj\cZ1
20131027185354Bh_2,Tdfg23lo14M3N1N2N1O2O4KAhPN:_o1OO011O1PQNB[n1b0\QNBen1l0001N10001N1O2N2L4L4M3O2M10100O10O101N10O0101aPNEVo1b01O0010O0010O100O1N2O1N1010O001N100O2O001001O1N0100mPNCan1?\QNCdn1>XQNCin1i02M3O1N2O1N1O2O1N1010O0O2O1O2N2O000O1PQNWOhn1j0TQN@en1n00O1O0O2N2N2N1O2O0O10100O1O10O01001N10O100O2N1O1O100O100000100O100JgPNEVo18nPNGRo18QQNDQo1:<O1O001O1O2NjXYP1
20131027185354Bh_3,TeVY33lo12O0O2N2O1N2N2N1O10000000O10O101O002N3gPN[ORo1l0NO2N010O1O100O010O2N2N2O0O2O1N2000000N1O2N2M3N2N2OlYmc0
20131027185354Bh_4,be\e04lo12N1O2O0O2N101N001O1O000O100O10O0100O1000000001OO100O1O100O1N3L3000O10001O000O101O001O001O01O000001O000O100O010O0100O2O001N110O01DiPNNWo1LPQN2So1IoPN7^o1O000O1O100O02ZPNL^o14bPNO[o13aPN0]o1<N2N1O1O01001O1O4K6K0N1000000O10O10OO3N101N2O2M2N101N11O001O0O2O0O1O10N1O2O001O001O1O1N200O10000000000001O00AfPN8[o1EiPN:^o101O00000001O01O1O10O01O000000000O101O001O0001O000O1001N1O1O2O1N10aYWP3
20131027185354Bh_5,fP[W26io11jPNK`n17^QNKan15^QNMan14]QNLdn14TQNKK2Ro15oPN2Ro1>O@nPN3So1KQQN3nn1NRQN2ln1OVQNOjn13TQNNkn13UQNLkn17QQNKnn1d0000O101O1O1N101O0O2O0O10000000001O001O10O010O1O10^OhPN;Wo1CmPN;\o101O0O100O1O1O1O1O1O1O100O01000O100O100O1001O0000001O0001O0O2NPoRd1
20131027185354Bh_6,[QS^34lo11O1O2O0O101N3L010O01O010O01O001O010O001O100O1O2M2O1O1N2O1N2N2N1O2O0000N2J6ElPNIWo15;M3NeoX?
20131027185354Bh_7,TUQP35P10fm12URN2im11SRN0mm13PRNMQn14mQNLSn16jQNKVn18fQNIZn1:aQNG`n1l00O00010O1O000000O1O1L31M3I9N1G:M4KSlZn0
20131027185354Bh_8,XUS\32no1100O1O1O1O001O0000001O010O001O01O01O0O10001O01O001O001O000000O100O1O10O010O10O010O1N101O100O1N20O1000001O00100O010O001O001O0O2O001O1O0O2Ngj`?
20131027185354Bh_9,c[ol22lo12O1O1O1O1N2O000000O10O1M3L3010O1O101N1O2N1000O1O001N2K4O2O0H9M2K501N1001K4L4C1BWQN<ln1HnPN:So172O001O0N3O1M3L30002M3MShdo0
20131027185354Bh_10,QaQh268LWo1e0I4L3L4I;_OeNnQN_1gm1eNTRNf1km19N100O1O001N1O0D<N3O2N1O2O10O100O001O1O0O2O1O1O100O2N2N2O1N101O010O001O000O2O000O2O00O10000001O000000O100O1O010O010N2OO1O11N1O2N3M2O2N2N2N1O1O1N2O1O001O01O00CWMeSNh2[l1]M_SNd2al1=O1NZNaSN0[l13iSNJ[k1bNUUNd1CHXk1hNRUN_1GHYk1jNmTN^1OCUk1ROhTN[19_N]Oe0dk1H\TNU1o0QOfj1c1\UN[Ngj1b1\UN[Ngj1b1ZUN]Nkj1^1WUNXNlNHQl1m1TUNYNWk1d1kTNZNWk1c1lTNYNXk1c1e1I7M3M3N1O2M2N3L3N2N3M2F;M3N3Leb\P1
20131027185354Bh_11,VbWd12mo13O1bPN4dn14RQNOmn1b00001O0O2O1M4L4L3M^OdQN_O0F[n1f0RRNZOTn1f0b0000100O1J6O1O10000O1000000O00100000000000O1O1000O2N2O2LV_PY2
20131027185354Bh_12,`bif29fo110001O011M4aPNFRo1e0M2MZOQQNa0nn1^OVQN`0jn1@VQN?jn1AXQN>in1_OXQNb0So10000001O011N4K\OPQN;on1CUQN;jn1DXQN<hn1DYQN;gn1DZQN;Vo100O1000O1000000000000000O10000000O100O100000000010N3N1N101N1O2N2N2Oi\^U1
20131027185354Bh_13,\cgk26io13M3M3M1N3M4L4L8E6N2N101003lN\QNf0en1SOaQNl0ln1N1N0O2O0O010O10O10@iPN7Wo1GmPN7To1EPQN:[o101N101O1O1N1O2NP\PR1
20131027223034Lh_1,QdbX34ko13N1O2O0O2O001N2O01O001OO100000000O100001O01O010O00O100O001O0000001O0001O001O001O1O2M2O2N2O0O100O10O01O010O100O1N101N10000001O010O0100O100O00_ORQN1ln1N]QNKdn13_QNKan11eQNL]n11k0NnZcb0
20131027223034Lh_2,fd`i22mo13M1O2O002ZPNNZo1?M2N2O0O001O0010O0O2O0IkPNBWo1;9O1N110O10000000O100O010O10O0100O001O1000000O01O010O01O0010O01O010O10O0101O1O00O1O100O0100O1000O100O0100O2O1O1O1O1jPN^Okn1l001OO0100O0001O0000001O00001O1O1O1O100O101O000O100O1N3N2L3O1N2O101N2N101N1O100O1O1O2NkXQo0
20131027223034Lh_3,heVf02no11O1O00001O000O101O001O1O1O1O00001O001N2O2N4K5L2N2M:G2L2K6O01O000O1^ObQNA_n1=fQN_O\n1`0fQN\O\n1c0a000O100O101O0O10001O0000000000000000000O100O1O1J6N200O10000O100O100O2N1MaZUU3
20131027223034Lh_4,]fXl03mo12N7]PNGQo1g0M2M2O000000000O10O010O01O0O2N2O000101N1O1L4N2O0N3N2O100O101O2N100O1O100O001O00010O01O001O00010O0O2O0000001N1001O1N2O0O2N2KdYeo2
20131027223034Lh_5,[gdW21no13N001O001N2O010O1O000010O0001O00001O00001O0000000001O010O001O00000O100001O010O001O10O010O001O100O001O010O01000O1O00100N3NSX_d1
20131027223034Lh_6,bP_V22mo12O0O2O001O000O10001O0001O01O0001O01O0000000010O001O00001O0001O00000000001O0^PNH\o19aPNK\o14gPNLXo14hPNNVo11lPN0Ro10nPN1Qo1OPQN2nn1NRQN3mn1MSQN3mn1MRQN5mn1LRQN4nn1LQQN5dn1D`QN9H6fn1D_QNi0an1XO^QNh0bn1ZOZQNh0fn191O001O0O2O001O1N2O1O1O1N2O2N1O1O1O100O1N2O1O001N10001O0000000O10000O10O10O10001N10000O2O00000000000000O100O100O10O10000O100O2O0O2N2NSona1
20131027223034Lh_7,YQ]_32lo13N2O1N2O1N101N100O100O100O1O010O10O0100O1O1O1O100O100O1001N101O5]OgPN4\n`>
20131027223034Lh_8,]Yo`1;do12N100O2O0O10000O01000000O010O10O01O010O0000O20O000010O000000O1000O0J7M30000001O00000O100N101O2O1O1O1O1O1O1O1O100O0010O0010O101N3M1MShjZ2
20131027223034Lh_9,f\k]16go15K4K5L3O1O0000O2O0000000M3N2ODEUQN;ln1;100O10001O01O01FnPNESo19:O2N2N3N2NfdT`2
20131027223034Lh_10,Wa]i23lo13L3H8N1N3L4M2N3\OVOmQNn0lm1g0DYNZRNj1cm1<M3O1N110O1O2O1N2M100N2M201N2O0O2O0010O1000001O1O1N2O1O1O001O001O000O101O000O10O100000001O0O1000000000000O01O0001O0001N1001N1O2N2N110O001OO1K40XN`MSVNa2li1`MSVN^1`N[O]k1YOQVNY1hN[OWk1]OUUNL1[1HXOSk1BkTN57o02hNYk15]TN75k0[l1oN^SN76j0]l1oN\SN95h0`l1QOWSN:7d0dl10YSNNkl14PSN^O2]OPm1n1XSNnMkl1o1d0O1O2N2N2N2O2M3N4K3N1N2O2L3N2N2M3M3M3N2M3M3N2M3M3M4K`bln0
20131027223034Lh_11,d_kk02mo13N0O2O001O1O2N2N2bPNCTo1g0N3M5K010O0100O2O1N2O0O2N5K2N1O1N2O1O1O1O010O1O001O0010O0001O0010O01O001O001O001O0O]_lP3
20131027223034Lh_12,jbae13ko13N2N2M3M4L4L8hPNUOmn1T1J3N2M2N2N2O1O1N2O1O2N1OBlQNQOTn1?_RN_Oam1>eRN_OZm1`0jRN]OWm1`0V1N2N2M3M3N2O2N1OW^\X2
20131027223034Lh_13,cbog22mo12N3M3\PNI[o1?O2N2N2O0O02O0O1O2O0O10001O0O2O0O1O010O001O01O000000O10O100000O10O0100O100O01001O000010O0001O00000000010O0000001O001O100O0100O01O0010O001O002O2M1O1O1O1N2O1M4J6M2M4M2N2N1O2O00010O02N1nNZQNh0gn1TO^QNj0nn1N2O1N4L2N1O001O001O00000O1000O0100O10000O10000O10000O1O1O1O100O4LS\lo0
20131110185354Bh_1,kaTT24=MPo15nPNNPo13nPNOPo13nPN0Po12lPN0To1?OO2O0O1O1O1O100O2O0O10O10O01O010O2O0O1O1N2O10H7O20O010O01O1O001O010O0100N200O2O000O101N101N101N1O2N1O001O01O1O2N1O1O2N100O00100O010O100O0100O1O0100O0010N1O100100O010OO2N110O100O11O0O1O1O2O0O100O10000O010O100O10O100O1O101N10000O2O001O2N1O1O1N2O1O1N2O1N101O000O01O1F:N2O1O100O010O1O1O100O100000000O100000000000000001O0001O001O1O1O010O001O0001O010O001O00010O0001O0O10001O001O001O001O001O1O00100O0100000001O001N100O1O01O01O01N110O01O10001O000O101O000010O10O000001N2000`PNEXo1c0O001O1O100O000001OO11O0000001O0001N2O1O1O00O2O0O1O100O101OO0100O010O01O00100O01001O00001N11OO01O0HlPNCVo1:900O100010O001O10000O2O0O10O001O000O2O10O010O01O010O0100O010000O10O1000O100O100O010O010O001O01O000O101O0000000O10O100O100O100000010O0001O00O10000O2O0000O100O2O00000000000001O000O2O1N2NP\QT1
20131110185354Bh_2,XibV32ko15M2N1O100O10O010O01BFVQN8kn1JSQN6nn1JQQN6on1LPQN3Qo1NnPN2Ro1NmPN2To1OkPN0Wo11ePN0\o1910gNBPSN=Qm1GjRN:Um1JhRN7Wm1KTRNF6?gm19WRNGim1:URNGkm1;RRNFnm1<nQNFRn1S1100O2O0O1I7M2N3N101O0O100OHmNfQNS1Yn1QOcQNo0_n1800[OfNfRNY1Zm1iNdRNV1]m1mNaRNQ1`m1RO^RNm0cm1VOYRNj0gm1YOWRNe0km1^OPRNb0Qn1e02O0OZOYNWSNe1jl1]NTSNb1ml1`NQSN`1ol1aNoRN`1Rm1aNkRN`1Um1aNjRN`1Um1bNiRN]1Wm1gNeRNY1[m1d04M4M2N3L4M2N3L4L4I6M4L4M3M3M2O2M3N2N2N2CfPNO]o1M_Zoc0
20131110185354Bh_3,Xl\g26go1<E5K6K5J7J4L4MlNgQNb0Wn1]OnQNa0Rn1[OWRN`0lm1ZO[RNc0dn1N0O1OO100O1006J1O1O100O001O0000000O10O10O01O10O10O010O010O011OO011N101N2N2NbQ_U1
20131110185354Bh_4,[Qmi293LWo1i0G7I5K4L5K8I1N10]NYRNI9<\m1K`SNG\l1=d1O01HFjPN;Uo1800ON2D;1J500012L4FgPaT1
20131110185354Bh_5,eWoc14lo11N2M2N3N2N3N1O0010O2O4K2N1O001O000001O01O010O01O1O00100O00010O000001O000001O001O1O001O00100O02O1N2O000O1O2N1N4Lbg^X2
20131110185354Bh_6,bXUc07]o1?L5K4M2O1O2O1O0>B3L3M2N100O10O1O0000O100O2O1N100O010O001O0010O001O1O0O2O000000000O01001O000000O1000000O010O01O000000000O1O1O1O1M3M3O001N1M3O1M3N1O1000O3N4E:E[hjW3
20131110185354Bh_7,e[aj03ko14L2O2N101N100O010O0100000000O1O1O1N101O010O01O1O1O100O010O0100O001O01O01O00000001N1O1O1O1O20O0O2N2O101N100000010O02N6I2O000000O011N101O0O2O1O0O2O01O01O00001O001O001O0000O100@KSQN7ln1LPQN6on1>0O0O2N1O2OO0O1000O1010O10O1O1J6O2N2N3M]fbn2
20131110185354Bh_8,Yc[V14fo1;I4M2N1O2O001N101O010O01WOPQN`0Zo1N010O0010O01O001O001O0000O10000O10O100O10O10O010O10O011O0O2O0O2M3M2O100OO1O1O10000N3N1O11O001N1OMgPNBXo1>410001OO1000000O10O1O1O1I6IYOVQNh0jn17N2K5O101OO2O0O2K4O1N2O001L3001L4N20IVQNXOkn1f07000PO_OcRNa0_m1GVRN:km1MkQN6Vn1h02N2M3N2N2O102M101O0O001OO1FlNgQNV1Rn1`0N1O2XOZNTSNi1jl1\NoRNg1\l1TNiSNa2Vl1aMhSN`2Vl1bMhSN`2ak1cM\TN2O]2bk1[N[TNV10QN\k1T1`TNk08oMUk1[3eTNaL83mj1`3PUNYL47jj1b2oTNoMc0_O[j1a2dUN`M2OXj1a2jUN]M01Tj1b2PWN^Mnh1c2TWN\Mih1d0mUN`0[1lNdh1f0VVN;W1nNbh1g0ZVN8U1QOah1g0\VN6T1RO_h1h0_VN4S1TO^h1g0bVN3Q1UO\h1i0eVNOQ1WOZh1h0iVNObk1EUSNJ[1`0`k1DYSNJW12cN5gl1EZSN:8HV11eN6bl15gSN@U14cN6al15hUNJYj14iUNKXj13kUNKWj12lUNLUj13nUNISj16m2O2MTel_2
20131110185354Bh_9,W_mk15do17O100000O2O001O001O0O10O10O0100O1O10O01O1O10O10000O10O010O0100O10O0100O0100O010O100O10O01O1O1N2O1N1O2M200O10O2O0O1O1M4N2O1O100O010O10O010O01O10O01O01O010O0010O0010O000000001N101O0000000000001O01O00010O0000000010O0000010O0O1001O01O0100O0100O010000O100O010O100O1000000O100000O0100000O0100O2O00O01000O10O1000000O10O100O100O001O0000O100000001O1O3KjcXi1
20131110185354Bh_10,m`gm23mo11N2O0O1000O010O10O1000000O100O1O010O0010O01O1O100O0O2N1O0O2L400O2N1O2O0O2O0O1O1N2H80N2O10001O101N1O2M2N2N101N101O000001^O]OeQNd0Zn1C_QN?an1?1N2N201N101N100O010O1N2O2L3N200O10000001N101O001N2O0O2O0O100O1O100O10O10O10O10000O101M2O1O100O0010O0O1IVOXQNk0hn17O02O1N2O1M2N3N1O2O0O100O1N2N200N101O1O1O10O0100O10O10000001O00000O0100O1O1000001O000O100000000010O000001O00001O001O1O1O001O0000010O002N1O001O0O10O1001O00N2O1N3N1N2O1N2N101N2O1N2N101N1O10ZbTe0
20131110185354Bh_11,QaWU23lo12N2N2M2L4M3O100O0100000000O10001O0O101N100O2O00O0100000O100000O100O100O100O100O101N2O1NZ_ng1
20131217192134Ch_1,haZm02mo15K2N2N2O1N10000O10O010O0100O100O10O10O10O010000O010O000100O10001N101O0O2OO1000O2O001O001O1O001O10O010O001O001O1O100O1O100OO1O001O1O1O1O1O2N2N\^Un2
20131217192134Ch_2,WbXe24lo12N1N3N0_OKVQN7in1KTQN5nn1LnPN6So1;1N2O2N1N2O1N2O1N101O000O10000000000001O010O001O1O0010O01O00001O010O1O001O100O010O0001O0O10001N10001O000001O001O1O1O001O1O100O0010O10O10O01O0O2O010O2OOO2O0O0010O101O2N2N0010O001N2O1O1O1N101N2O001O1O010O010O2N2O0O1000O10000O100O1O1O1O1O1O2N1O1N2N101N1010O000000001O001O000O2O0O2O1O2N100001O1N1000O11O1O0010O100N2O2M3M2O1OnN[QNi0on100^OnPN3So1HTQN4eZQP1
20131217192134Ch_3,fbX^12lo14N1N2O2N1O1N3N1N3N1N2O1N10000001O1N2N3N0O2O00000001O001O1O001O0O101O001O002O1N2O0O01OO10O01O1000O102M3M3N1N101O0010O01O10O010O00100O10O0010O00010O001O010O1O1O2O1O1O1O1O1O001N100O1O101N2O101N1N100O10O010O0O1O2M3M3N1O2N2O1N1O2L3N200O11N102M3O1N2O0O2O00O2N3N1@gPN5do1N2M3N10O011N1N2O2M3M3bPNESo1g0L3O0O101001N6I4M1N101OO010O010O01O001O00001O10O01001O00001O000O10O010O00001O0010O01O0O10001O010O0100O011N2O1N101O01O0O2O0O1000000000000O010O0O2O010O010O0100O10O10000O100O10O010N100O2O03N1O0O10000O10O10O001O010O0000000001O01O0001O00010O00010O010O010O010O01O001N2O2M_XcP2
20131217192134Ch_4,lc\X23ko16K4L2O100O10O100O001N10001O001O01O01O0000001O010O10O010O01O01O00000010O01O001O001O1O1O010O10O1O001O0O101O1N2O1Nc[Qd1
20131217192134Ch_5,ZeZa26io12N2O1O001N101N2O1O000O100O01O1O2N101N101O001O0000000001O01O000001O00000000O10010O01O0000001O01O000001O00101N1O1O0O1000010O0100O010O100O10000O100O2O1O0000000000O10000O100000O11O00000O100O100000001dPNCSo1=iPNFWo1a02O0O1N3N2N1N2N2N2MVYiW1
20131217192134Ch_6,mij_24ko13N2L6L3N1O10O1O1O3M10N2O2N1O2O1O3M1N8IO000O102N100N2O0O1N101O00101N3N1O2O010O01O3M001O4L2M10O10000N2O1N2O1N2O1N2O001O1O00001N10O0100O1O10O010000O10O010O1O100O1N2O0O2O1O0101N2O1N100O2O00O10O10O010O0100O010O1O010O010O010O010O0010O0010O000000000001O000O100O100O1000000O10O01O100O1O1O1O10LePNCZo1<6O1O1O3L4KYRiV1
20131217192134Ch_7,`j`S28ho12O10O2O0001N1aRNMoj13lTN4SNI`l15YUNb0gj1_OUUNc0mj1\OPUNf0Qk1ZOkTNh0Wk1XOeTNj0^k1UO`TNk0ck1TOZTNl0jk1TORTNk0Rl1XOmRNI9T1ll1DiRNa0Zm1P12O1N3N2O2L5[NWRNB0S1Wo1VOZSij1
20131217192134Ch_8,fUU]12mo12O1O001O00010O001OO100000O010000O0100O010O001O10O01O1O1N1O1M3O10O100O1O0101O00O0O1N20TOHRRN9om1NhQN2[n1MdQN1`n10RQNJ56ln1b03M5ZOjPN:bo1Kkkb_2
20131217192134Ch_9,YVih14mo1111[PNLXo14dPNO\o1<0O0O3N1O01O01O\QNFbm1:[RNGem1<VRNElm1<QRNEPn1=kQNEUn1=gQNEZn1o02N2O1N2M3N2M3N3N2M5L<DTh\U2
20131217192134Ch_10,_^UR31mo14L2O1N101N1O2O0000001N101O2N1O2M3M2N3N1O1NM3011O001N2N2K3O102N1C>O2\NcN_SN2a0]1dk1ESTN=lk1JkSN8Tl1j100OkNTTNYNkk1`1lTNhMTOOPl1X2_1O0O2ZOiRN`NZm1k0iRNTOjm1l0d0N3O02O0O2OCWQNEgn1;]QNCan1=dQN@Zn1`0b01O1L300OO11001O1N3M3M2O2M2O1001O01O010O0100O100O1O010O0001O1N2O1O100O1NhgPh0
20131230192154Bh_1,V\fl12mo14L5K4M2M2O1N3N0O1000O00100O10O01000O01O100O11O0O3N001N1000N2N2N3N1O101N110O02O0O0100O2N001N10O010N2O10001O001O1O1O1OGePNOYo1OkPN0To10mPN0Ro1OPQN1on1OSQN0mn1OUQN0kn1OWQN0hn10ZQNOfn11ZQNOdn11^QNNbn12_QNN^n12dQNN\n12fQNK[n14i00000001O0]PNNXo14cPN0\o1;O1O001O1O@gPN:Xo1DlPN;So1DnPN<\o10O001O10O00001N1O100O110O02N2N1O2N3N0O1O100O001O01O0O1O2L3N3N1O2O0O00100O1O100O100O100000000000000000001O0001O000O1000000001O0001O0000000O2O000000000001O001O000O101M]ceh1
20131230192154Bh_2,UeP\24lo11O1N101O1O00100O10O1000O01000O10O01O01O01O00100O00100O001O100O0100O2O0O2O00O100O10001O0001O000O2O01O00000O10O01O10O1O010O01O00O2O00001O010O01O010O0O101O00O2O0O101O000010O001O01O01O0001O1O002N[Ym]1
20131230192154Bh_3,TkhQ17ho11O1O100O100O1O100O001ON3N10O2M201000O100O010O100O10000O1000000O1000001O00001O0010O01O010O01O010O0010O01O001O010O0010O1O100O0100O010O100O2N2N2_PNC[o1c0N2N001O1O000000010O00100100_OkPN4Uo1IoPN7on1IRQN8mn1FUQN:Yo110O10O001O10O0100O00001O01O100OO10O010O1001O001O001O001N101011OO000N010N2O0O0100O1N3M4M2O1N3O1N1O1O1N3M`R[e2
20131230192154Bh_4,[RkU16ho15J4M2O100O1O2M2N2N1O2O00E;O100000O1O10000010O1O1O1O1O2N1O100O0100O00010O01O01O010O1O1000000000O2O001O0O100000O10O01O2N10O0100O10O1O100O010O10O010O10000O1000O1000000O2O0O10001O0O2O001O1O001O000OnnPd2
20131230192154Bh_5,]Tmb1=^o18K6K3M3N2MXOYQN:en1DaQN:]n1EjQN7Tn1IRRN3km1OXRNOem12^RNN_m12cRNN\m12fRNMYm12iRNNVm12lRNMSm13nRNMRm11RSNNll12WSNMhl12ZSNLfl14[SNKel14c110O100O100O10000000000001O00000000001O00000001O01O00000000010O010O00100O1O10000001N100O100O010O10O2O1O1O01O1O0O1O2M[kRX2
20131230192154Bh_6,kVSV27fo15L2N1EDRQN=\n1AiQN;F2cn1H^QNh0dn19101OO00O1I8H7N110M201N11IBnPN>So162O1N2N3N1L4N2O001O2N1O100O2N_kdg1
20131230192154Bh_7,jVae13mo10O2O00000000000O1000O1000O1000O0100O1O0O2N1O20OO1N3O0100O1O1O1O100O2O0O10000001O000000O1000O10001O001N10001O0O1000L`PNH`o1660O0100O10O10O10O10000O10O0100O001000O10O10O1000000O01000O1000O010O10O010O010O010O0100O010O000010O01O010O01O1O00100O0100O010O1O010O010O01O10O0100O10O010O00010O01O01O01N2O10O0100O10O0100O10O0RkhP2
20131230192154Bh_8,aXmm29eo13N2N3L3M3L4N1O10GoPNBPo1>9O1M3O2OO2H7L6L3M3O2M2N1N2OL3N21110O101N1O1O2N1N2N2O010O0101M2O1O0000M4H9M3N2M2N3M3NYihn0
20131230192154Bh_9,V\if02Qm10RUN0PN3:0al10RUN8[NHdl11nTN<YNFgl13jTN9^NJdl1NiTN<_NIil1LhSND4`1Sl1nNeSNG3]1Yl1mNaSNJFJ1N1d1fl1mN]SNl1al1l0]SNiLYl1b3LhMjSNj0Tl1TOQTNk0mk1fNnSN_O7j1kk1dNRTN_O60Dc1Ul1kNSTN@5NIe1Pl1jNVTN^Oa0h1Zk1gNVUNY1kj1eNVUN[1Pk1]NSUNa1Pk1\NQUN6`NQ1Vn1lNTRNm0mm1PO[RNj0_n1O10N11O01O1O6J00O2O0O101N10O100O2N1O2O0O2N2N1O1O1O10O01O1O002N1O1O2N4L1O1O00001O0010O001O10O0101N5L1O0000101O0000O1O1O2N3M32XNjQN]1Un1_NoQNa16cN_m1V2J0O1NaN^RNc0am1[OeRNb0Zm1\OmRN`0Rm1_OQSNa0ml1_OVSN?il1@[SN>dl1TOfRN3h0h0al1SOPSNNa0n0^l1SOTSNKa0R1[l1QOVTNo0lm1B101N1JdPNEZ^fR3
20131230192154Bh_10,V`af14ko15L1O1O001O000O100O000O00100O100O20O01O1N2N2N10JkPNBUo1=80O010O0O01L30IIgPN9Wo18O100O2O0O0001N1000O110000O2N2O100O001O1O1O001O0010O010OO2N1O110O01O01O0000000000O1N2L4N2N2L30100LXOPQNi0on150O01O1N2O1OJXQNVOhn1h09N2N3N1N2N101OO1001M4L6J^cnR2
20140118180214Mh_1,\XPX29fo13OO000000O2O001O010N3N4L1N2O0O2N10000000O2O0O100O1O100O100000000O10000O1M3N110O100O10001O0O101O001O001O001O001O001NbgYd1
20140118180214Mh_2,]ahm24ko12M2O100O10000O010N2M3O1O100001O0001O01O010O000010O00000001N1000001O00O2O0001O0O10000000O1000000010O00100O001O100O001N2O1N2Nb^Yn0
20140118180214Mh_3,Sg`a2:cn10VRN1gm13VRNNim16hQNEL8Zn1T1O1O2O0oQN`N0NUm1c1iRNbNN2Um1]1iRNWOTm1k12M6K1N2O1N2iM^RNm1lm1N100YNQRN[1om1cN\RN3JF5?em1F_RN177\m1D]SN<Tn1O2O0O100O100O1O00100O001O1O10O02N1NRWm[1
20140118180214Mh_4,XT_n22lo13A3dPN2Yo1<O00000O2N1M3N3]OWOlQNk0Tn1a0O0eMbNTVN_1ki1dNQVN]1Pj1eNlUN]1Uj1cNeUN_1_j1bN^UN]1ej1cNeTNGVO51b1Xl1bNWTNW2kk1iMmSN\2Ul1gM`SNH0W2ll1d010OL6K5L5M2N3M2M3fN`RNLhm12T1N2N3N1O1O2N1O2N2N2N5Kfofn0
20140118180214Mh_5,VPUT12no11O100O1_PNNSo13kPNMUo16fPNMZo1<010O1O1O1O1O1O100O02^PNF[o1`0O010O100O1O001O001O10O010O1O4M5J5K2N2N1Oen\i2
20140118180214Mh_6,_Xg_11go19N2N2N1O2gPNDln1>PQNDon1f01O1O1O101N101O0O101N1O2O0O0010O000O2O0O1O2D;N2O2M2O1O20O1O101N2O2M3M2O1N3N2M4M2N1N101O001O01O00000001O00001N1O1N2O1N3O2MThP\2
20140118180214Mh_7,lW[i05jo15K5L4L5L2N2N2N`0PQNgNXn1a100O101003M1N2O0O8G2N3L4M2M8I>@ZfRU3
20140118180214Mh_8,b\WS34jo13M2O2N1N2O1O2N1O0010O10000O100O10000O100000O10O0100O1O0O2O0010O0O1O100000O101O00001O000O1M3O02N11N101N2O1O1O100O1O1O00MRQNUOnn1j0401O0N3N2O100O001OO2M2O2O100O1OO0000GYO[QNg0fn182O0010O01O010O010O1IUQNXOln1c0;N2M3N2O2N2N3LUf`f0
20140118180214Mh_9,k__S31no13N1O1O1O2N1N2O001O0O2O0N2O1O0O2O1O0O2G]OQQNg0nn1501O001N2N100010O10001O0O2O0O2O1N2N2O0O2N2N101N2N1O2N1O2N1O1O1O1O1O1O1N1O2N10O2L301000001O0000000O100O002OO01O0O2L4L4N1N2L40O101O1N2O1O1O2M2O1O2M3N2H[PN2lo1Lea^f0
20140309170314Mh_1,[o`W34ko12N2N100O10000O1000001N100O101N1N200O010O1N1O20O10001O1O1O1O1O010O001O1OiPNFin19VQNIjn17TQNJln16RQNLon15mPNMSo1`01O0O2O1O1N2O1N101O001O0000000001O0000000001O0O100O100001O000000010O000000010O001O1O001N100N3J5O1O1O100O10O1000000000000000000O2O00001O00001O0000001O001N010O10O10O100O2N1N3M200O11O0000000000000001OO100N2O1iP_?
20140309170314Mh_2,aQQ`18ho11O01O0000001O01O0000O1000O100000000000000000000O10000001O00O10O10O10O0100O1O01O00010O1000000000001O01O01O000010O01O010O01O010O000001O01O0001O00100O1N2OYnT[2
20140309170314Mh_3,PR_h07ho1c0^O4L5K4L2O0O20O4M005LfVNTO]c1m0^\NTOdc1n0XWNkN`49Yd1P1kVNQOh40_d1]1\[NcNld1X1R[NhNRe1V1kZNkNYe1R1eZNoN]e1P1aZNQObe1l0^ZNTOde1l0YZNTOke1k0RZNVOPf1Q1fYNPO\f1P1`YNROcf1n0XYNSOkf1m0QYNUOPg1k0dXN@_g1?XXNHkg1kN^UNX1e1jNPOX1Zj1IaVNSOPOU1dj1GYVNVOnNU1lj1FSVNWOmNT1Rk1ImUNTOkNS1^k1IeUNa0bj1@[UNM[k12dTNKck13gSNjN6Q1Xl1:XSNlN:j0bl1d0ZSN\Oll1i13M2N1N3N2N2N2N2E\RNWNfm1f1=ZNVRNR1an1J4M2QOVQNd0Vo1L3JYiPT3
20140309170314Mh_4,WSQX23lo13N1O1O2O1N3N1N2N100O1O100O2N01000O02O4L1N2OO100000O101N101N10O010O101N2O001O1N101N101O100OO10010O0010O10O100O01O0101O0000O0001O1O000001O1WSN@oi1a0mUNCRj1=lUNETj1;jUNGWj19fUNHZj1:dUNF^j19`UNHaj19\UNGgj18WUNGlj1:QUNFRk19lTNGVk19hTNGZk19dTNG^k19`TNFck19]TNFfk19WTNHlk17RTNIPl18lSNIWl16gSNI\l17aSNJal17[SNKfl16VSNJll18PSNIRm17^RNAH:lm16XRN7im1LRRN5Pn1l01N3M3M3N2N2N3N1N2M4L7J4J5H7M4LmhPa1
20140309170314Mh_5,iYgW23lo12N1O100N100010O010000O100O10O100000000O10O100O100O010O1000001O0000001N01000000O2O001O001O0O2N101N2MbfRe1
20140309170314Mh_6,\]YR36io11O2M2N2N2K5M3O100O11O00001O1O001O01O00000O100O1O001O001O1O100O100O100O1O1O100O1O100O100O10O0100O01O10O010O01O01O001O000O1O2N100000000001O01O001O00TOeQN4Zn1KkQN1Vn1LoQN2Qn1MRRN1nm1OTRN0km1OWRN0jm1OXRNOhm11YRNNgm13ZRNKfm15Q1101N100O001O10O01000O10000000000O011O0O1O2N200Nbenf0
20140309170314Mh_7,Y[Qi15io12O1N3N1O1O2O0O2N100O100000O100O100O100N20O0100O100000O100000000O10000001O000001O001O001O1O2O0O1O00000000O2O0O2O0O10000O1000000010O0000O010000O10000O1000O10000000O101N101N10001N100O2N100O1O1O001000O2O1O1O2N2N2M101O010N10000O1000O100O10O0100000000000O10001N1000000O1000O10000000O10O0100O1O00100O01000O010O10O10O1000O10O010O01O1O1000O10001N1O2M_eVl1
20140309170314Mh_8,]]aa12ko14N2N1O100O1O1O1O1O100O10000000O100O100000O100O0010OO2O0O1O1O2O0O10001O010O00010O00001O00000O2N101O01000O10000O0100O10000000000O1000000O10O2O000000O2N2M4L3M3M2O2N1O2KncVY2
20140322200714Mh_1,hbT`23jo14N2N2000001O1N2O<C6K0O100O2O6JN101O010O01O1O1O00QO`QN>`n1@fQN<Zn1DhQN;Xn1CjQN<Vn1ClQN=Sn1CnQN<Rn1CPRN=om1BRRN>om1@SRN>jn1M4L3MP\a]1
20140322200714Mh_2,WdXW15jo11O10O01O01O000001O00001O0001O01O0010O10O0100O0100O100000O1000000O1O100O100000000000O2O010O001000O0100O2O1O1O0100O00O10OO1000000001O1O1O1N2O1O0O20O010O1O1O0O1000O010O1000000000O10000O10O10O110O0001O01O00001O010O0010O01O001O0010O00100O100O10O1000O010O0100O0100O10000001O001O2N10O0O2N1O101N1O2NiZa_2
20140322200714Mh_3,RfjU33lo12O1O1O1O10000O10O010O0100O1O10O0100O100O1O0010O01O00010O01O010O1O1O010O02O0O10O10001N100O1O010O01O100O001O0100000000O2O00O101O0O1000000001O000001O100O1O10O010002N010fPN_OQo1g02L4L4M4M3JfWad0
20140322200714Mh_4,ojfU12mo12N2O001O001O0`PNLTo16fPNOYo1>N2N1O100O001O001N100O10FVQN]Ojn1b0<N1O2L4L5JTUah2
20140322200714Mh_5,`PWW22mo12N001O0O3N1O1O2N1O100O1N3O0O3N4K4M1O1O000000N2M3N2O1O00100O1O100O10O2O001O00000O100O0101N2N2N101N100O010O0010O0100O010O01O0010O010O00010O0010O01O010O100O01000O10000O01000000O100O100O2O0O2O1O000000N2N1O2N10000010O01O100O2O0O100000O010000000O101O001O000O101O0O100O11O2N001O00001O1OfPo_1
20140322200714Mh_6,_oZV11no13N2N6J4L3M3N1N5L6lPNTOfn1X1L5L01N1N2L4N2M2O2M4M2M3O2M2O102K^ong2
20140322200714Mh_7,dRSn13lo1101O000000000O100O100O1O1O1O010O10O0010O010O01O0010O01000O100UWNHna18P^NLna14Q^NMoa13P^NNPb12n]NOSb11j]N2Vb1Nh]N3Zb1Ld]N5]b1Kb]N6]b1Kc]N4^b1La]N4`b1M^]N4bb1L]]N4eb1LZ]N3gb1NV]N3lb1LR]N5Pc1Km\N6Uc1If\N;\c1F`\N;ac1F^\N9dc1G[\N8gc1HX\N7ic1JU\N6mc1JR\N5Pd1Kn[N5Ud1Jh[N8Yd1Hb[N;`d1D^[N=dd1CY[N=jd1CT[N=nd1CP[N=Re1CmZN;Ve1EhZN;Ze1EeZN9^e1G`ZN8ce1H\ZN7fe1IYZN6he1KWZN4ke1LSZN4ne1LRZN4oe1LoYN4Rf1LmYN5Tf1KiYN7Wf1I]YNHUL`0_j1IWYNe0if1[OVYNe0lf1ZOSYNf0nf1[OoXNf0Sg1YOPXNc1Qh1^NlWNc1Uh1]NjWNb1Yh1]NeWNd1\h1]NbWNc1`h1\N^WNd1dh1\NZWNf1gh1YNWWNb0fM7Tk1WOTWN>XN1ej1@PWN?eNJ[j1GiVNd0XOZOPj13fVNb0^OVOoi18cVNa0mj1_OQUN`0Sk1@hTNa0[k1_O`TNd0ck1\OZTNd0hk1\OVTNe0lk1[OnSNh0Ul1XOhSNi0Zl1WOaSNk0bl1VOZSNj0il1WOSSN?\O[Ocm18nRN<_m1F\RN:gm1IQRN9Qn1i04L3L4M4K5H8J\llj1
20140322200714Mh_8,QVab05ho14M3M4I7L4K4M1VN]OdSNHDl0hl1_1:K5L4N1O2gNYRN8km1A^RN7im1ZOfRN:Vj^\3
20140322200714Mh_9,]XgP34jo13O1O1O001O1O001O001O00001O00010O000O10O100O01000000O10000O100O010O1O1O1O1N2O010O100O1N2N1O20O2O3L3N2N2N001O000000001N100O10O100000O10O100O1O10O01O010O00100O00100O1O101N01L3O2O0001O0O100O10O100000000001N1O1O2O0000O2O0O2N1010O001O1O1N2N2O0O01N10010000O1O1O1O1O01O100010O010O00O10O2N1010O100O2O1O001O1O1O001O001O000000O100001O00000000000O1O1O1O100O1O10O010000O1000O010O1O10O10O2O01N10000O10000000O1001O0000O100O100O1010O0000001O0O100O1000000O100000000000000010O00000000000O100000O1O1O100O0100O1O001O10O101N101O0LajX?
20140322200714Mh_10,WZce27ho13M2O1O001O0O101N10001N10000010O001O1O10O01O0001O0000000O0100O10000O0100O1O1O1N201N11O010O001O01O00010O0001O1O001O000O10O10O01O001N100O2L3O101O010ON2O1O100O01OO2O1N2N3N200O2N3N3KcfhT1
20140322200714Mh_11,hZen14lo11N2O001N10001O001O010O1O1O0100O001O001O00001O00O100O101O00000O2O000010O000O100O100010O010O10O01O01O000001O001O2N2N1O0001O010O101N2O1N1O1O1O100O02O1N10D_PN8fo1O000O2N1OWdVl1
20140322200714Mh_12,g\W]14ko13gPNN`n13]QN1bn1O\QN3cn1OZQN2gn1OUQN3kn1a01O001O001O1O1O2N001O001O000O1000010O000O2O000O2O00001O001O01O0001O01O00000001O01O000O0100001O0000000O101N101N2O1N1000O100O1000001O001O0010O00001O0001N1L5M3Kkb^]2
20140403081714Th_1,XaXe22mo1;F1O2O1N10000001O3M1O1OO100O101N2O100O5KO1O3N1N1001O0001N0100O0101O1O0001O10O10O1O1O100O2PQN]O_n1h0WQN\Oin1n00O11TQNSOcn1U12N1O100N2O4K5K2N101N2O2N2M2O01O00001OO011O0O2O1O1N10O100O0100000O2O1O1O10N1O001O001O1O1O100O100O010000O0100O1000000O0101N2O1O1O0001O10O01000N2O3L4L3N16J0002M3000N0O1N9H3KlXWR1
20140403081714Th_2,Vbhf12mo13N1O1N101N2O1O1000O2O00O01O00001O00001O01O00010O0010O0001O01O00001O010O01O010O010O0010O01O0001O0000001O0000001O01O0000010O001O2N001O10O0000001O00000000000N3O0O1000010O01O00001O001O0000000010O02O1N2O1`PNCYo1d0N2O1O1O1N3N2M4M2M2N2O^O^QNFin1O]QNNfn1N\QN1fn1K]QN3en1K\QN5Wo1100000O0100O0100O1O10O0100O010O01000O010O01O001O001O001O0O10001O000000000100O2N2N001O00001O0000000000O10O10O100O1O010O010O010O010O01O00010O000010O0001O001O1O1Oa[ml1
20140403081714Th_3,Wd^R34lo11O1O1O100O101N2O1M2O1M3M4N2O0O1O1O1O1O2N101N2001O0O01O101M2O0O2O1N2O1O1O0O02N4M1N2N1O1O1O1O100O100O10O1001OO1001O00O101O2N3M4L10000bQNkNnm1d10O010O02O4PRNVNam1V21O2OO10L3M2M3K6L4N2M3N1N7hNYQNj0Qo1EQQN@Po1>;O0O2O5J4M_Xeg0
20140403081714Th_4,\f\i03ko12O100O001N10000010O10O1000000O10O101O00YQNO_m11]RN6`m1J^RN;_m1E^RNa0`m1^O_RNe0_m1\O^RNh0`m1XO_RNk0`m1UO^RNQ1]m1POaRNS1^m1lN`RN7M8bm1B\RN696Zm18jRNGVm16nRNIRm15TSNFml17XSNFil17[SNHel13aSNKdl1LaSN3Wn1N3MgWST3
20140403081714Th_5,YnhV12mo13M2O1O1]PNI[o19aPNJ_o1<O10001N200O1O0102N1N1001oPNA\n1`0_QNF`n1;ZQNMfn1d02M2N2F;L4M4JeP_g2
20140403081714Th_6,eoVj13ko14N1N3M8G2M2N2001O00101N1000001O010O2N2N0O2O0O0O2N1001O0010N2O1N2O2MgPcS2
20140403081714Th_7,\SgZ25fo17L3lMGSSNMCOm0`0Yl1d0bSN_O\l1Q1iRN`N2d0Rm1R2O2OO004YOoRNVNTm1e1SSNUNol1?RSNNmm1MU1N2N2O2N100O0100O001N02N1N3NRo`c1
20140403081714Th_8,nXoW25io19H11O0O2O0000O1000O0O2O01ZOK`QN5_n1O]QN2bn10[QN2fn10TQN2nn1>2N2O1O001O0000001O00O001N3M202O01O01N100N2L4M01H7001OO201@a0M2M4K]ijd1
20140403081714Th_9,T[cS33lo110001N100000000O10000000000O100O1O1N1O2N200001O0O2N100O1O010O0100O001O1O1001N101N101O0001O00001N010O100O01000O10O0100O001O01000O100IFfPN<Yo16N2O2N1O2N101N1O000001O0000010O01N2O1N2N2O00O001O01O001L4O1O1O1O00100O1O2N10O01000O01N1O2N2K51O001O001O00O01O010O2N1N3M3N2O1M3I8K3O2N10O100OO3N2N3O1N5]OfPN7eo1JYhZc0
20140403081714Th_10,gZ_j23lo12N00100O00010O001O001O001O001O01O010O101OO101N1O0O1N3M2O2M2O3N1O1001OO100N2N1O2N1O100O11O0O2O1N2N3L4L3N3M110O02O0O1O1O1O00O0N3N3N10100O101N2NPgPQ1
20140403081714Th_11,^_cd25\o10lPN2Ro1?N3OO101O2O1N010OO10O1N2O1O100O101O0001O0O2O0O10000O10O01O1N2EASQNa0cn1c0N110000O2N101N1000001O0O2O0O2O001O000O1000O1000O1O2N1N200O0100O1GVOZQNm0cn19O2O0000O0010N001N2L4M4O02O0O2N1O1O001N00K51O3M2O1O0010O000O1ON_OmN[RNS1]m1hN\RN:3P1\m1^O_RNd0_m1P1N2HdMiRN^2Vm17O00000100N2O0O2K4O0O101O3hM`RNm1lm1TN^RNT1fm1hN^RN7@b0Uo1J6G9GgcbS1
20140403081714Th_12,c]Qh08co1500O0100O100000001O001O000O10000001O00000O10001O01O01N100N2F:M300011N2O2]OiPN7bo1N001O0001N10O10001O000001O0O01O1O00100O010O010O01O000O101N1000000000000O101O0100O100O1O001O001O01O01O010O01O1N1L5N20000001O000O100O1O0010O01N11O00100O1000O010O01O010O001O0O2N2O011N11O100O001O00O2O010O001O0000000O101O0O1000000O2O00010O02M3N1O001O0O2O1O001N100O100O10O1000000O100001N100O2O000O1000O0100O010O0010O00010O0100O010O0010O01O010O0100O1O001N2I6L5O01O100O2O1O001O1O1O001OO10000001O1O10OO2O0O1O010O01O0O2N1O2O01O010O01000O101O0O2O0O2OO01O01O010O01O000O101N1O2NQePg2
20140410195814Mh_1,QcZk14ko1100O10000000000O100000000O101O0O2O1O10O010O1O001O1O1O010O01O100O1O2N2N2O0O001O000O10O1N200O110O01O1O001OO100O1M4L6Ki\oP2
20140410195814Mh_2,YQYb13mo11O1O100O1000000O0100000001O000000000001N10001O0O100N2O1N3N3fPN@on1k0N0O10001O1001N4M0ZOkPN=ao1L1N11O2N1O1O10O2O1N100O01O2N1O010O101O0O101O00001N0010O10O01O1O1O1N200000O1O1N2O1N2N2N1O100O]ORQN5on1GUQN9Yo1000O02L2N4KdjhW2
20140410195814Mh_3,ZV]g05go15M2O1O001O00000O1001O1O010O01O001N1O2J6M3L301O1N2I7WOnNaRNT1Xl1jNZTN8XOP1\l1nNVTNj1ik1ZNQTNh1ok1\NmSNc1Tl1aNgSN`1Zl1cN`SN_1Rl1PNmSNP3Ql1UMkSNm2Tl1?10O1NWOPTNfMlk1X2]TNfMbk1W2fTNdMZk1Z2kTNdMTk1Y2UUNbMkj1Z2[UNcMej1[2bUN_M_j1a2`1WNoRNb0Rm1\ORSNc0ol1XOVSNf0kl1VOYSNj0gl1POhSNh0Wl1TOnSN3iN:[o1N2N2N2M2NaknT3
20140410195814Mh_4,\Z]g02mo13M101N1000000O100N3N10000000O100O010O100O10O10001O0000000O10O10O10O10O10O10O0100000iLLbVN4^i10^VNOci13[VNMfi14WVNMki12TVNNmi12RVNNPj10PVNOSj11kUNOWj10hUN0Zj1OeUN1^j1LbUN4aj1I_UN7cj1H[UN9ej1GbSN7j02ek1HSSNg0R1Akk1o0oSNSOQl1T1dSNPO[l1U1^SNmNbl1W1XSNkNhl1W20O0O2O0jM]SNP1dl1mNaSNQ1^l1nNfSNo0[l1oNjSNn0Ul1ROSTNg0mk1WOZTNd0ek1\O_TN`0bk1@bTN:_k1FdTN2bk1MaTNMbk13aTNI`k17U2O1O010O010O01O100O011O0000O2O000010O000O100000000O10O10O1000O010000O010001N100O2N1O2MViPQ3
20140410195814Mh_5,YXec13lo13N1O001O1O10O00XOJfQN6Yn1NeQN2[n1OcQN1]n10cQNO^n12_QNObn11]QNOdn12PQNK16on1c01O100O100O100]OlPN8Vo1DnPN;So1APQN?Yo100O001O1O010O0100O10O1000O01O000001O0O10O100O100O0100000O10O10O10000O010000000001O0O1000O10000000000001O0000O10O10O010O01000O010O01000O100000000O1000000O10000O0100000O010O100O1O1N3N1NjgnT2
20140410195814Mh_6,g\aX36ho14N1O1O0O101O0010OhPNEkn1=QQNGmn1;oPNKnn1d0O11O010N0O2M2O0O2O0O2O1N2O3EePNKko1Mgbfe0
20140420195854Bh_1,YbhS34ko12N101O100O101O1O00000000000000O0100O1O100O1001O1O01O0000000001N20O0O2O00000001O000O1100O1O1O1N4M2M2O1N2O1O2O1N3M110O1N100O1=C02O2MO002O2LgTNBRg1=WXN@UM7cj1:TXNESM3ij1<oWNESM2nj1;jWN9Wh1IUUNUOT2U1hh1hNRUNU11oNe1T1bi17ZVNJii15TVNKRj13jUNM[j13bUNKcj19VUNFoj19mTNGWk17hTNH\k17bTNGbk18\TNDjk1=QTNERl1PO]SNR1;1el1OVSN3ml1NkRNC2DVm1b1nRN\NTm1`1nRN_NTm1]1PSNaNSm1[1QSNaNUm1Y1R1E7H;G:F`XSf0
20140420195854Bh_2,[cbd26io14M2N002N1O2O0O1O1000001O1N4M1O01O1000O01O2N4L1O1O1O0O10001O0O100001O00001O3M4L3M1lPNAdn1P1N2N00O2jN\QNl0nn1L4K6I9HaZWX1
20140420195854Bh_3,henR22no1001N10000O10O010O0100O00100O100O010O1000001N10O10O01O101N1001O010O00100O01O010O0100O100O01000O10000O10O1O010O010O1000O2O0000000001O001O001O000O1010O001O0002MYYQh1
20140420195854Bh_4,meRW13ko14L3N2O0O2O2N1O2N1O1O1O10O2O2M2O0O1O2N1O2O0O1000O2O2M1O01O00001O0O10000O1000010O001O01O0010O10O0100O10O10O01O100O010O01O001O00001O010O0100O1O100O010000O1000000O100O10O010O001O1O1O01O2N2N2McXob2
20140420195854Bh_5,\jXf06io12N2CJlPN9So1:O1N3M2O2O1O2M3N2N2N7[QNaN[n1b100O10O1000000O010000O101O0O2OO001L2O1000J7O1L5M2O1O1N3O000OG6cNeRN=\m1YOXSN8nl1FVSN5^n1LXVcV3
20140420195854Bh_6,YkVV35jo12O0O2O1O001N2O0O2N2N2N102N1N3NZOkPNd0Yo11M01N10010O02O113L0O1N3N;E03L4K3N1O3M8H5L1N1O2O0O010O10001N1000000O1O2LRS_f0
20140420195854Bh_7,_oRf15io13OO01N1L4O2N101O1O00O1O2N1O1O10O1001O00001OO100000O001O2O0001O001O010O001O000010O001O010O0000010O0100O010O10O001O00001O00010O0100O010O100O100000O1000000000000O100O100O2O000O1001O00000O2O000000001O001O0000M3N200O100O11O0001O002M]RgR2
20140420195854Bh_8,SUiT14jo13M2ZN2XSN0el17USNKil19TSNGll1<QSNDol1a0lRN_OTm1Q1\RNnNdm10[RNc0M]Ohm1NaRNQ1\m1POjRNm0Um1SOQSNg0ol1YOUSNd0jl1\OYSNH_O7Wm12PTNJQl15QTNIPl16n1O100O2N2Oamhi2
20140420195854Bh_9,eVQg12on18ZQN5dn1c0O2O00M3O1O0]Oe0N100000001O000010O01O01O010O010O01O10O010O010O010O1O010O010O1O100O1O0001O010O00001O001O001O1O00100O0010O010O00100O00100O00100O010O010O0100O010O100O2O1N2OhkbS2
20140420195854Bh_10,nUoR23lo12M2O101N10O01000O00100O1000O100O0O2N2O100O1O1O00010O010000O1O010O000010O01O00000O0101O00O0100O2L2O10O3N3M3N4K4K[k^i1
20140420195854Bh_11,jWUk13lo12O1O00000O100000000000000O010000000O10O10O100N1O2O1O010000000000O10001O1O0O2O0000000O100000O1000000000000O100O100O010O1O010O001O010O010O010O000O1001O0O101O010O00010O010O001N3MViXo1
20140420195854Bh_12,VZa]33lo13L5L4K9`QNAol1l0cRNYOYm1k0_RN[O_m1i0[RN\Ocm1b1M2O3ZMbMdWNc2Yh1_MdWNn0gM<gj1gN`WN`0^N`0Tj1QO[WN=hN=Pj1UOWWN=nN9ni1ZOQWN=WO3ki1^OnVN?\OMii1DiVN?EEdi1LfVN>JBci11`VN<`k1E^TN;ck1G[TN7gk1JWTN6jk1KTTN4nk1NoSN1Sl11iSN0Xl14bSNM`l15[SNLgl16WRN\Oj0?Qm1=fRND]m1`0[RNBjm1V19G5J7J5K9SOlPN?^o1J7I_gn?
20140420195854Bh_13,g\ej0;Wo1?N110O01O00O100N1O2O00E;O1001N1101O2O0O0100N101M2N1NN4N10M4ZOf0L4001O1O2N2N1O2N2N3M4L3M3M1O2N0O2OO000N31O101N1O2N1O0O2N10000000O10000O10O0100O1O2N1O101O0O2O1O000O1N20O1O1O010O2O001O1O101N1N2N2N2O1N200O1O100O10O0DOkPN1So15gPNLYo1:gPN_OZo1`030O2F9M2M12001O1I61D\QN]Odn1a0>O1O10000O1000O01O1O100O010O010000000O1O2N1O2N1O3K4M3NnhRl2
20140420195854Bh_14,l\Wo27:Nnn1h0J3M100O01O001O0O01K6O0O2000O0N3N1O1O00nMSOTUNm0jj1XORUNj0oj1WOoTNh0Tk1WOjTNj0Wk1VOhTNi0Zk1WOdTNj0\k1VOcTNl0]k1TOaTNm0_k1TO_TNo0^k1SO`TNP1ni1mNhTNJn09;R1mi1LlTNUOU1R1mi1=QVNEoi1<oUNFQj19nUNHSj18lUNGVj1:hUND\j1<bUNBcj1>YUN@mj1iNZTN]1e0Hak1POnSNn024nl1EiRN`0Zm1S10O2POgRNVOYm1g0oRNSORm1@fRNR1;\OZm1b0hRN\OZm1a0iRN\OYm1c0kRNXOWm1g0R101N6K1N001N1O2L6K7J]dll0
20140420195854Bh_15,PYU]22no11O0O2O00000000001O00000O100000000000000O2O00O0100O100O1000000000O1000000O10001O01O0O10O10000O1O010O100O010O10000000O10000O101O001O0O2O10O010O001O1O10O01O00000000000O10O10000O1000000001O00O10000001O01O0100O001O1O1O1N2NPgn[1
20140420195854Bh_16,[[_T33lo12N100O1O10O01O001O00000001O0000001O01O01000000O20O001O1O0O0100O10000000O2O01O00000O1000O100O100O1O100O10000001O0O001O010O010O0010N002N102O0O3L2N3M200O02O001O001N101O000O100000000O1O1O1N2M3N2N2N3MieZe0
20140420195854Bh_17,WZWW21mo16L8H1O10N10100O20O:F1O0O2O10O102N0O0O100O2N1O2^OdPN=ao1N010O01O01O00001O1O2N1O001O01O00000001O00001O00010O01001O0O11O4LO2O1N010N2MTdjd1
20140420195854Bh_18,f`Qh1=co110O00010O010O0100O00001O01N11O010O2N00000O2O00001O0O3N3K4L2O2N10000001O001O001N2O1O1O3M2N1N2O1N4L3M2N2O0O2O000001O0O101O00000010O001O00000O10000000000000001O000000000O2Oc^bR2
20140514195854Bh_1,UbhY25jn1MSRN6jm10QRN1om12mQNNTn14iQNMWn18bQNI`n18[QNKen1h01O100O0O2O1O0O3N1O2M2N2O5J3M2M4M2NW^ed1
20140514195854Bh_2,Tbbb21no13N0O2O1O001O1N2O1N2O1O2O0O2N100O0100N101O0001OO1000O1001O010O011O00000O00100O010O0101N2N1O2O0O100O1000000100O1O00000O02O0O1O2N100O0001N1K5N3O0O3O1N2O1OO10O101N1O1O1O3L^\SX1
20140514195854Bh_3,YbVR24ko13N3N1O1O01O00000O010001N2O1N5L4L1OO2O0O2O1N2N2N2O0O2O10N3N100O2O0O1000000O1O1O2N21N1OkPN_Oin1a0SQNBon1g01N2O101O0000002N22O0N00O01N12N101N3M1O0001O1oPN@`n1?YQNHgn1h01O1O1M4L3L4L4K5K5LUYkh1
20140514195854Bh_4,ajjP27ho13M5K2O1N2N10000O010O100000000000O2O01N101O001O0O1000O001N2O2N2O1N2N2O2M200O001O1O2N2MZU]l1
20140514195854Bh_5,WklU21\o13oPN4ln14kPN1So1a0M1100O10OO10O11N5K5L1N1O010O010O01000O101O2L5I\T]h1
20140514195854Bh_6,`T_U23lo1101O1N101O1N10000O1000O010O01O10O000000000000000001O00O1O10O1000000O100O100000O1O10O1O1O001000000000O2O0O2N2M4LSmnf1
20140514195854Bh_7,iVQX33io14N2O1O10O01O1O1N2O1O1N3M200O100010O01O0O2O0O1O1O0010001N102N4K3N1O0O10OO0N21O200O0101N1ElNhQNX1Un1;O0O10O2M2N2N2N2N2O001O00000N2K40011O0G:M4L3K6M4JQk`c0
20140514195854Bh_8,hXSV11oo12STN0fg11XXN1gg1OXXN2hg1OVXN2jg10SXN0og15iWNLYh15dWNL\h16aWNJah17[WNJfh17XWNJih16UWNJmh17oVNJSi17cVN0_i11]VN0ei12VVNOmi11oUN0Wj1NdUN3`j1MYUN6kj1KnTN7Vk1LaTN6bk1JZTN8hk1GWTN8lk1FTTN9ok1FQTN8Sl1GmSN7Ul1IiSN6[l1IdSN5_l1L]SN5dl1MYSN2jl1MTSN4nl1LnRN5Um1LdRN8]m1T13HQRNZNRn1b19M2N4L4F:I8H9GQeVg2
20140514195854Bh_9,c\iT34ko12jPNL\n16cQNMZn14eQNNXn14gQNNUn15kQNKRn18mQNJRn17lQNJSn17lQNKSn17iQNKWn17dQNM[n1l001O10O10O02N1O2O1N02O0O001O00O100N2M3N2N2N2O2N1O100O2N1O1O100O1O1O1O001N2O1O1O1O2L3N5I_chg0
20140514195854Bh_10,\_]V2<bo14M2O1N10O00O1nN_O`RNg0`m1\OQRN2Ic0Wn1\OmQNP1Sn1SOiQNo0Wn1<O2N1O1N02M3N3M3HfQNhN\n1V19F8O2OO2K41O1N2N2N2O2N1O2N2N3N2M1010N100O1O10O2N1O2O0O2O00000000001O0O3LYbne1
20140514195854Bh_11,Sd]m28`o19N1O001O0O1000O10O20OO2O1N101O000100O2O2N2M101N1O1N3N1N2O2Mb\dP1
20140516234034Lh_1,[`Tn27go15L4L4L3N101O1O101OO01O2O15I1O00000000002N101O1N1O1O0N2O1N2N2N3L\^io0
20140516234034Lh_2,nb^]17ho1=D2N1O0001O000O2O000O1010O0100000010O00000001O1O001O01O0O1000O0100O10000000O10001RQN]O[n1f0aQN]O^n1d0_QN\Ocn1d0[QN]Ofn1d0VQN^Oln1j01O1O001O0000O10O2O2M101O0O101O001O0O2O001O002OO010O001O1O00100O2N1O2O0O10O001O0O101N2O001O010O1O1O1N1010O002bPN_OYo1j0I3N1N2N1O_OWQNNhn10\QNNcn11_QN1_n1LeQN8Un1FnQN<Pn1ASRNa0lm1[OXRNg0an101N100O001O00000O1O2O0O1O2O0O010O010O1000001O00O10O01N2O1N2N1N3N101OZOTQN7]o1N2MWYUY2
20140516234034Lh_3,^dhW27ho14M6J4L4M10O4M1N1O1O1O10O2N1O00O1000O1001O0001O0000O1O100O20O010O100O3M00001O1O103L10O001M2N3L3M4L6IbYQe1
20140516234034Lh_4,RiRn21mo14L3N3L7jLEaTNMi0g0]j1@eTNNi0f0_j1_OeTN0f0d0dj1^OcTN3b0c0kj1\O`TN4=e0Tk1[OYTN6<c0]k1ZOnSN8?d0bk18WTNMik14RTN1mk1T2N0001eLTTN_2mk1ZMYTNf2fk1UM_TNe0;;Rl1@TTNXOTOn0nl1A[TN`0ck1[OaTNf0^k1VOfTNm0Xk1jNPUNY1WNjN[n1^1000O2O2M4M6I2O0O02O1N010O0101N3N3M2O1N3M5K2O1M2O2M3IXPNOlSgn0
20140516234034Lh_5,kfn]36co1=Fk0WO2O1O01N1O2K4K6N201N001O0010O00101O0O3N2N0O10O1O00100N1O2L4N103M3M4M2M4M2M4N1N3N1OUYY?
20140516234034Lh_6,niV_34jo17K4M3N6I7J1O2O3L3N130L1O2N0O0<D3M4L2M5K6J1O010O0001O0001000O01O000O2N1N3MRS]>
20140516234034Lh_7,RRkP26jo12N1N3N1O010O00000O1000000001O00001O10O0100O0100O010O010O0010O01O00000000001N1YSNDji1=TVNDli1=QVNDoi1=oUNDRj1=hUNFZj1:`UNJbj16\UNKej16XUNKjj14TUNLnj16nTNKTk15hTNMZk13]TN_ObN`0Tm11UTN5ok1KmSN5\l1FSSNECe0`m1DiRNi0\m1WO_RNh0fm1\ORRNb0Tn16`0L4J6K7BolXk1
20140516234034Lh_8,cXij23ko1200O1O1O001O010O001O00O110O01O001O010O001000O010O010O1O10O010O0100O0010O010O01O010O01O100O001O00O10000001O0000000000O100000000O101O0O2O2LPijP1
20140516234034Lh_9,nYig23ko12O1N10000O1O2N101N100O10000O2N1O1O1N2K4001O1O001M2J7N2O0101O001O1O11O0O;E`gjU1
20140516234034Lh_10,X]cl11no12M3N100O1O0O2N2N1O2O1O000O2O00001N100000000000O100O1O1000000001O00001O010O00001O00O2O00001OaMA^UN?aj1HYUN7ij1JVUN5kj1LSUN4nj1NnTN2Tk10iTN0Xk12dTNN^k15\TNLfk16TTNMmk16PSNXOO2Km0Ym1b11N3M2O2M3M3K6K5K5gNbRNHdm14V1N3M3MZfnn1
20140516234034Lh_11,haeS17ho12N1N1O10O1O20O001N101O1O1O0010OO01O010O01O1O1O1O1L4O02M2O2N2O010O100O2O0O2OO01O01O01O010O00O2O0O1O1N1101O1O1O1O10O01O00000000000000000000000O010O2O00O10000010O001O10O010O01O010O1N3Mk`bf2
20140516234034Lh_12,`bU_15io14M1N2]NJ[SN7cl1NXSN3gl12^RNIGL2;hm13ZRNe0hm1g03N2L6J7J5K5J5K7J4L3J6M3N2N3M`^\_2
20140519195834Ch_1,Xe\V32lo12O0O2N2O1O10000001O010O10000000O10O1000O010O002N2N3M100000010O2WQN_Onm1b0oQN_OQn1b0mQN@Sn1`0kQNAVn1?hQNA[n1?aQNCbn1<YQNGin1g01O2N1O1O1O2O0O1O2N1O1O1O1N2O1N3M3M3M2N_Yme0
20140519195834Ch_2,[eld22mo12M2N2O1O001O10001N11O01O010O100O2O0O2O00000O01000000000001O1O1O00000O1O001O2N2HYZaX1
20140519195834Ch_3,eiVa02mo13M2O1O001O10O01O010O001O010O001O10O10001O0000O010000O11O0O100000O1000O10O010O10000O1O1O10O0100O010O100O010O10O100O01O1O1NWUmZ3
20140519195834Ch_4,VPS?2lo14M101N101O1O1N2O1N2O1O2O0O1010O0000O101O2M1007I2M2O1O0O0101O1O2N1O1O1N3O2M04K2N2O2M2000O0000001N20O001O1O1N1O5K2NimX]3
20140519195834Ch_5,aRYR33mo12M2O000O100IJbPN8]o16O100O1000001O0000000000O10000O100001O0000O1O1O001O100O01000001O0101N10STNIQh17iWN0fMGTi1:lUNIh2>eM@^O6Xj1d0`XNJfMKki1<[XN1aMEVj1<TXNi0Rh1XOkWNg0Xh1YOfWNg0]h1XO`WNi0ch1VOYWNm0ih1RORWNQ1Pi1oNmVNR1Ui1oNgVNR1[i1QO`VNo0ci1PO[VNP1hi1POTVNQ1ni1QOmUNP1Vj1RORUNa1Pk1e13N2M4L3M4M4K4ChSNmL[l1n2jSNnL\l1l2a0H6J6ZNbRN?fm1^O^RN<gm1_O_RN:gm1XOgRNd0]n1Hc0_Oljhh0
20140519195834Ch_6,mTko13ko13N1O10O100O010O01O001O001O1O1O1O00100000000O1000O100O10000O1000O100O0100O010O010O01O10O0010O01O00100O0010O0000000001O00000000001O0000001O1N3M[ldk1
20140519195834Ch_7,[YUk15jo11O2N1O001OO10O2B0jPN1Uo1=00O2O000000O10O1@YOhQNg0Xn1\OdQNe0\n1^O`QNc0an1<101O1O001O0O1O1O2O0BZQNDen1;_QNBan1<cQNB]n1<gQNBZn1<e0O1N2O100001N1O2N1O1\OHaQN9^n1J^QN7dn1a02M4J5L4M2O2N0M4J4N4NfiRQ2
20140519195834Ch_8,R[ec13mo10010O01O001O00010O001O000010O00ELjPN4Vo1LjPN4Uo1MkPN3Uo1MkPN3To1NlPN2To1NlPN2To1NlPN2So1OmPN1So1OmPN1Ro11lPN0To10lPN0So12kPNNVo14fPNNYo1<1O1O001O001O1O00100N101O00001O010O010O010O0100O100O10000O10001O00O10001O0000001O00000000O1000O010O000O100O1O10O10O1000O1000001N100O1dNNjRN2Xm11cRN0^m13^RNMem13WRNMmm13oQNOSn12hQNO[n1i03M2M3M4K6J7I5K6KSgZU2
20140519195834Ch_9,nYUh01mo13N1O1O1O010O0010O01O001O000O11O0000001O010O01000O010000001O01O01O01O010O000010O01O1O2O1N00100O001O00001O0001O0O2O0O1001O001O0000O1O2N100O10O010O100O1O101N1O2N2N100O10O2N2O0O2OO10OO2N2N2N1O2N1OK5O2O1O1O2O1N3L5KXgVQ3
20140519195834Ch_10,][Qc04co1;K3J5O1O0O1J6O1]Oc0N10G72101L4D>E;K6Ljfh[3
20140519195834Ch_11,^[if06do1<G:^RNYOVk1S1TSNXOl0Gnk1m2N001000O010O001O2N2jNdSNdN_l1Y1fSN`Nal1\1U1bNhQN7LJO3mn1OaQNNbn1NaQNOobPX3
20140519195834Ch_12,^]Sj24lo11N10000O100000O010O100O0100O010O1O001O100O001N1O2N1100O1000O010O100O010O10O01O001O001O10O01O001O1O0O2M2O2N101O100O1O1N1O2M2O2N2O2M2M3NL5L4O1O1O2O0000O1O2L03M3O2N2N2N2O2M2O1N2N1O2N2O1N2N5ISeno0
20140519195834Ch_13,e_mi01no13M2O2N1O2O0O100001N1000O010O010O10O10O10O01O002\PNKYo1>0O1M3N200O3N2N1O001O001O0010O00001O010O00010O00010O010O010O00100O2O1O0O01O001O10O0100O02O0O2O1N201N1000N2O0O2O1O000O1100O01O0O2O4K2M[^ZP3
20140520200054Bh_1,ocXl23lo12O1O1O00001O001N10101N2N00100O01O01O010O011N002OO01O010O0001O0010hPNBln1>RQNGln1:PQNIPo1d0O01O00001O0000010O000001O00001O00100O0010O00010O00001O00100O001O010O1000O101N3N5K4K6K1O1N10O0101O001O5K1O1O0O100O2OoNVRNLim1O]RN0bm1MbRN4]m1IfRN8Xm1FkRN;Um1CmRN=Rm1AQSN>Pm1@TSN=ll1BWSN=hl1B[SN<el1C^SN;cl1C_SN<al1CaSN;al1CaSN<_l1CdSN:Sn1M3N2MbXgl0
20140520200054Bh_2,Ph`c23mo11M3L4N1O2O100O001O0000001O01O001O01O010O0100O10O0100O2O1N2O0000O10001N101N2O0O00100O0100O1O001N100O2OO10O101O000010O0100O101N2MUW]X1
20140520200054Bh_3,chbh01no14L4M2N2O0O200O2O0O10000O0000000000O100O010O10O0100O0100O10O01O001O0010O01O01O001O1O0O2O0O1O2O0O100O1O1O1O2LbVoS3
20140520200054Bh_4,fohQ24jo12N2O1O10O01O001N1YOJdQN8Zn1O[QN8cn1c0O3N2N3OaN`QN5OQ1kn1O1N2QOYQNa0To1O01O001O0101O40L0O1O1O001O1O1O0001O1N3N1O4K3M2O1N2N1O1N4LinTk1
20140520200054Bh_5,PoVe06ho14M2N3N1O2N1O101O6JO100O00100O100O010O2O7I1O0O10000O10000000O0100O010O01O00010O000010O01O002O001O00010O00O100O1O101N100O10O010O10O01O010O010O010O001O10O01O010O01000000000000O1O1O1O1LQoPU3
20140520200054Bh_6,iTo]26ho13N2O001O001O0O10000O10O0100O0010O010O01O01N1O100001O0010O01O10O0100O010O01O01O001O001O0O2O001O0001O001N2N101N10O01001O010O01O010O001O1O001N2O1O2O1MelZ]1
20140520200054Bh_7,[Wo^15go16L3O2N2N2N1O0O10O10OO2O001O0O2OO11N3N2N101N1000O10010O0000O10001O1O1O1O1O0O2Nih`^2
20140520200054Bh_8,gZSS25io13N2N2N100O0100O10O0100O01000O0100O0100O10O010O01O010O01O100O1O10O010O01O1O001O000000O0101N100O1\OCeQN>Un1NcQN4Vn1n0O0O11O1N2O2M2L5K5WOZQN6in1BbQN8Vo1LSgnh1
20140520200054Bh_9,S^an0>ao11ZNOZRNLc06Qm1d0iRN]OUm1k0dRNVOXm1P1dRNQOZm1T1aRNmNZm1o1H7F:01O0M3N11ROgSNVNZl1b1V1O0N20O101O_O[RNkNdm1P1dRNmN\m1R1hRNkNWm1U1nRNgNQm1W1m0N2E[QNWOjn1c0=N2O0O2N2N2O001N200O10O010O0010O10O010O10O010O01O01O01O00010O01O10O010O01000O0100000O100001O00000001O00001O00000000001O000001O00001O010O0100O0010O01O01O01O000010O0000010O001O0010O010O001O000001O00000O100O010O010O0010O01O010O010O01O0O2O000O100O02O1N3N1O3Lfffg2
20140520200054Bh_10,b]oP34ko12M3M3N2M4L3N200010N2O1N5L1N1O1O1O0010O001O000000000O2O0000000O2O0O100O2N1O1O1O10O1000O100O100O1O1O1O10OO2O1O00001O0O10001O0O2O10O0100O001N101N1K6N10001O000001N100O1O01O002O0O1O1O101O00010OO1000O10O000001O1M3O11N2O100O101O1N;@8L3M3M3M`ddg0
20140520200054Bh_11,f`_V22mo12N10000O10O1000O100000O100001O001O0O2O0O1O100O0010O100O100000000000O100000001O000000000000O10O1000000000000O100O010O100O10000000O10O01O00100O010O01O001O1O1O1N1N3O001O01O010O01000O10001O000O100001O0000001O001O1O1O1OO0J7N110O0100O100O1O0010O00100O0O2O010O01O1O001O10O01O0010O1000000O2O000O100000O10000001O1O0O2O001O0O100O1O010O2N2Mj`T_1
20140526195834Ch_1,PfXV17go15J4N2O1N2O1N2N2O1N1O100O2N100O100O01BTQNEon19UQNCmn18`0N2O100O101O00000000000000O100O10OJJbPN8]o14101N3O0O1010O0000O100O010O100O10000010O000000001O000O10001N10100O0100O001O1O1N3N1NaZcd2
20140526195834Ch_2,bgfm25ko12M2O2N100000O010000O11N10000001O1N2O00O0010O02O00000101N2N1N10O101OO2O00O0100O10O20OO3O0O000001O00001O000000O10O010O010O1O001O01O100O2N1O2OO01000O10O100O1O010O01O010O000001O010O01O2N10O000010O0001O0000010O0100O01O00000000000O01000000000001O000O101N101O1O0O01O1O100O100O1000O10O1O10O01O001O001O00001N2O1O1O2M]Vch0
20140526195834Ch_3,lihd14jo13M2N1O2N1O10000000000000000001O01O001O100O110O00000000000000O010O0M4N20O010O0001O000O2O010O0101O0010O3M2N1O1O1O1OlVcW2
20140526195834Ch_4,hndV13lo12O1O1O2N100O001O00010O0010O00010O10O1000O010O01O00010O001O010N101O001O01OO2O0N2M2001O100O2O0000001OO1001O1O100O100O001O00100O001OO100010O01O00001O010O000010O0100O1O001O10O001O01OO11O0001O00001O0010O0O101O000000010O0000IcPNK^o12fPNLZo14gPNKYo14:00O2O00001NaPka2
20140526195834Ch_5,nSmo14fo1:J3N0O10O1O2N1O1O1O10000000000O2O001O100O10O11O00000001O00000001O01O000010O01O010O00100O10O01O101O001O1O1O100O001N5L4K10O10O010010O1O001000O2O1O002TQNUO]n1[1L5LN2O1N2O01O2aQNbNXn1c1O12M=D5I3N1_OSQNLon1LZQN0Ti^j1
20140526195834Ch_6,SX]Z19ao18N1N2N1OO1J6O1O1000001N1O101O00100O01000000O100000001N101O00000O01O001O0010O010O0010O100O0100O1O100O10O10000O10000O10000010O01O1O1O001N2NghVa2
20140526195834Ch_7,QY[T12mo12O00001O001O00000O10000000000O1000000O010000O010O0010O010O10001O001O0001O010O010O10O01O01O01O00001O0001O00O10O1000000000O100000000001N1000000001O0000001O0000000000001O001O1OmfTf2
20140526195834Ch_8,ZZQS32no11N100O10000O2O0000010N1000O010000O100O1000O0100O010000000000000000000O100O100O100000O010O100O101O00010O010O010O0100O0100O010O01O01O01O01N103Kge^h0
20140526195834Ch_9,\[Wf12lo12O1O1O1O0010O010O010O0010O00100O010O10O01000001N100O2O0O1000O01000000O100000O10000000001O002O0O1O001O01O0010O01O0001O00000O10000000O10000000O01000O10O10O100O10O10O10000O1000000000000000000O100000O010000000O10000000001O0000010O0001O100O1000000000O10O01O01O00101Mid`Q2
20140526195834Ch_10,kakX22fo1;L2N2O0O1OO1N1000001O100O1010O010O010O010O10000O10000O100O00O0001L5M2O1000O100O1O1O1O0010O10000OM30O2O1O2M2M4O1O10O1N2N2N3N0M4N10TOBWRN>im1DTRN=mm1EPRN;Qn1HkQN8Vn1JgQN6[n1L`QN5an1c02O1O2N2N1N3N1O1N2O001N10O1O1O1O1O1O1O2O010O0100O010O00010O001O1O1O10O0100O10O100O1O1N20O001O1O1O101N10O010O1O1O1O0101O1O3M2M2O1O001O0O2O0O101N1000O10O1000O010O10O00O1O100001O010O0010O0000000O1O1000000000000O101N1O1L5O0102L4M1O2N001O010O000001O001O0001O00O10000000000O100O10O10000000000000O1M4O0100O100O2O0O1O1O1O001O10O01O00001O010O1O2N1O1O2N^dlW1
20140629195814Mh_1,oQk[15go14N2O0O1000O01O10O200O0010O0O101O00O2N1O100001N1L401O0001O0O2O001O0000O01O10O1O00100O0010O001O10000O2O0001O01N100001O00000O101N1O2O01N100O1O2O00100O001O1MiPY_2
20140629195814Mh_2,Q[iT27co17M3N2oLB\VNa0bi1CgUNH_Ng0hk1GdUNDbNg0hk1IbUNBeNf0:XObj1c0\VN@gNh0OSOH96Gbj1i0WUNXOZ16oNi0J2_j1OeVNWOQOk0G1cj1NdVNWOQOQ2\j1gNbVNYOQOP2_j1gN_VN[OoNn1dj1fN\VN_OlNk1kj1fNWVNk1ki1VNSVNh1Qj1XNlUNh1Vj1YNgUNh1[j1YNaUNf1bj1_NWUN_1mj1jNgTNV1]k15_TNXN3oNak1d2PUNlMZk1P2mTNfM[k1V2jTNdMYk1[2W1N1J501O2N101kNVRN2km1MYRNOim1OZRNMim1N\RN0em1O^RNOcm1O_RN0bm1O_RNObm10`RNNbm10`RNBmm1=k0O1O10000010O01O001O0000000O11O0000000O1O1O2N10001O0000001OO10000N2O2O0000O10000O1aNEZSN;fl1FYSN;gl1EXSN;hl1GVSN9kl1GSSN9ol1HoRN8Rm1IlRN7Um1KhRN5[m1JcRN7]m1J`RN7bm1H[RN:fm1GVRN<km1CSRN>nm1CoQN>Sn1BjQN?Xn1AeQN`0\n1B`QN>cn1;4N3N1O1O1O1O001O00101N3M3L2O2N1O2NbLEYWN;ch1LZWN3eh10ZWN0fh10YWN0gh12XWNNgh13YWNKhh16XWNJhh17VWNIjh18VWNGkh19UWNGjh1:UWNFlh1:TWNFlh1:SWNFmh1;SWNEmh1<RWNDnh1<RWNCoh1>oVNCRi1=mVNCSi1>kVNCVi1=iVNBYi1>eVNC]i1<bVND_i1<_VNEai1;_VNEbi1:]VNGbi1;]VNEci1;\VNEdi1=[VNCci1?]VNAbi1a0]VN_Obi1b0VTNSOl1<ni1b0TTNTOm1:Pj1c0oSNVOo17Tj1l0kUNUOWj1i0iUNVOYj1j0fUNVO[j1i0eUNVO^j1h0bUNXO^j1i0aUNVOaj1i0^UNXObj1j0\UNVOdj1LbSNR1Z1SOTk1IfSNS1T1TOWk1HfSNU1P1UOZk1EhSNW1k0VO]k1AiSN^1c0SORl1n0iSNUOWl1l0fSNVO\l1h0bSNZO`l1e0YSNAkl1=oRNFUm1[1hRNcM[m1Y28M4M3M3N1N3[NURNP1fn1G3M3J6L3N3M2N4LVlb_1
20140629195814Mh_3,lToU34ho15L3M201N1N2OJ7O2O1O1N10100O010O10O1000O10000000O01000O1000001O00100000O1000O010O010O1000O01000O010O10O10O1O10O010O0010O0001O01O010O010O1000O2O00O1O1NRkXe0
20140629195814Mh_4,_Xkc02ho1<F?B7H6J5N3N?B5K20O1TNZRNZ1hm1`NbRNZ1Sn104L2N[QNjN_n1\10cNgQNQ1in1L00O1O1O1O10O101O1O000000001N3N3M2H:BmdjY3
20140707023654Uh_1,bl^g23lo12O1N100CLmPN5So1MjPN4Uo10fPN2Zo19010O10O10000O010O10O001O001OO101O01O002N1O00_KAcYN>^f1D^YN=bf1EWYN`0jf1@TYNa0mf1_OPXN1jM`0Xj1@kWN7gM9_j1@iWN<cM3fj1BdWN`0aMNmj1B`WNe0]MKTk1A]WN_1fh1`NXWNa1ih1`NTWN`1nh1aNoVN_1Si1aNlVN]1Xi1cNeVN[1_i1fN_VNY1di1gNZVNW1ii1jNTVNS1Qj1nNgUNDXNc07EWl15UUN;_k1F_TN:bk1H[TN7hk1KSTN5Pl1LmSN3Vl1NgSN2[l10`SN1cl10YSNOjl1=gRNEZm1:dRNG^m1:\RNJfm1V12M3N4K4G9D:L5I6J5M4I8IZXoS1
20140707023654Uh_2,VhZZ12lo14K4N2O1O001O001O0000000000001O0000001O0000001O0000001O000O100O1O1N2N2M3N2N2N2N3M2N3N1O20O00100O0O2O0O2O000000001SOXQN`0hn1^O\QN`0en1_O]QN>en1@^QN>cn1@`QN>Ro100O10O010O0100O0100O1O1O1O1O100O1N2O1N2O1N2O0000O2@VQNFmn13ZXS`2
20140707023654Uh_3,^hl]26ho14I5O2M101O0010O1O101N1O2O0O2O0O101O00O100O100O010O100O100O2O0O01O1N110O01000000O100O100O010O101O00001O01O00000O10O2O00110001O01OO1O0O0O2O0I8M2N3O0O0100hWY]1
20140707023654Uh_4,YhZn2=bo13N100O010000O100O10fPNGln19SQNImn15TQNKln15RQNMnn13QQNNon13mPN0Ro1`0000O01000000000000010N101O0O1O001O102M2O102OO8hPNYOen1Y1nQNeNnl1_1kRNcNWm1^1bRNfN`m1Z1[RNiNgm1g12O2M6K8G=eN\QN`0To1N1M3J6M3M4M]TUn0
20140707023654Uh_5,gjj_22ko1:G5L4M3N10O1O2O2M10O010O010O01N1010O1O1O01O001N2O001N100O101O000O10O10O010O01O010O01O010O0010O0001O10O01O0010O0000001O00000O101O00000000000000O10O10O10O100O1000000000000001O000O0100O1O2N1O100O2O001O001O001N100000O1N2N2O1N200O100O3N2N4KiSgX1
20140707023654Uh_6,aPc[15jo13M5L4L7I3M2O0O1[QNTOUn1l0gQNYO0Ogm1i0VRN[O1Nim1h0RRN^O3Kjm1[1QRNiNlm1h1N2N1N10O001M3TN_RNV1dm1hN`RNS1dm1kN_RNk0bn1E?Fcnjb2
20140707023654Uh_7,bPY`0=bo12O2N100101006I0O00O1001O1O3M3N0O0000000O100O1O2MQOXQNi0hn1TO\QNj0nn10O010O001000O1O001O1O010O00O100O2O0010O01O0O2O0O1O1O1O10O01O01000000001N102M3N1N2N2N100001O1N2O2N2N10O01O0001O02N1O3N1N001OO100O100O010001O000000000O100O2N1O2N010O001O001O1M3N1O2N1O0100O0001O2O2N1N4I_nhW3
20140707023654Uh_8,eT]_13fo1;J5J5J4N2NH800001M3O2N001O0O1O00O20O02M2G:M3N3L5LVmn^2
20140707023654Uh_9,[Uob29co16L4I7M3M2N2N3M3M2N2NROoQN0om1OURNOjm11ZRNLfm13S101O0001O0010O1O10O0100O1O100O2N101N_knZ1
20140707023654Uh_10,\XmV34jo13M3N3N1O2O2M3L4M2M3L4K3O1N2N3M2N2E:O3N101N100O1N1O2C^ObRN[O]m1e0hRNXOWm1g0oRNTOSm1i0RSNTOol1i0VSNROnl1h0YSNSOjl1f0]1K5L4K5JSiff0
20140707023654Uh_11,cY_S18go12O101O2N3M00001O2O0O00N2O100O1O010O010O01000O0100O001N3N1O2O000O1cQN[O^m1e0`RN]O_m1d0_RN^O`m1b0^RNAbm1?[RNCem1=WRNGjm19PRNLQn15hQN0Yn1j02N2M3M3L4M3M3M3M3N2M3N2N3M9FPePi2
20140707023654Uh_12,bcYk11mo1:G2O1N2O0000000000000001O0O1O1O010O101O000O0100O010O010O010000O10000O0100O100O100O1O1O1O001O001O100O10O001O000O1O10001O001O010O0O01O2N101N2N1TLHQXN9ig1NUXN3hg11WUNAZ2?Zh17VUN@KH\2`0`h1\1\WNdNbh1_1]WNaNah1P1[UNgNS28ah17YUNK8Em19ah16^UNH7Jg18dh15`UNG9Kb18fh14bUNF9O\17ih13dUNF:3T13oh11gUNG86o03Qi1MmUNH5IWO<d15Si1MQVNF:6?7Vi1M^WNLYO7Yi1M_WNNmMHl0>hi1LaWN;cNJki1JfWN<]NImi1LgWN<ZNGoi1MjWN;UNIPj1MlWN:SNHQj1OnWN8oMISj11oWN5mMJSj12RXN4gMKVj12VXN;WMEcj11WXNP1jg1oNWXNo0jg1POYXNm0hg1QO[XNm0gg1QO\XNl0eg1SOaXNg0ag1WOcXNe0_g1YOeXNc0]g1\OeXNc0[g1\OfXNc0Zg1^OgXN`0Zg1_OgXNa0Xg1@hXN?Yg1@iXN4VLJRk13jXNK^LLjj18`4100O2N10O01OO1000O0O2N2O10001O00100O001O01EfPNN\o10hPNMYo12hPNLZo12<Lkcnk1
20140707023654Uh_13,___`22lo14N0O1N2O00000001O0001O00000O100O1O0O2O1O0\OGcQN9\n1N]QN3cn11YQNOhn1c01O100O10000O1O00O102M2N4M2N3M4MCfQNXO7Gbm1o0^RNYOE0km1g0dRN@\m1>jRN^OVm1<Y1N4N1N3N2N3N3K^cV\1
20140707023654Uh_14,Z][o24lo11N2O0O2O001N101O1O2M5L2M101O0O2O01O01O0O3N0O2N1O1N101O0010O100O6K2M3N1O1N2N2M4L5KdbPn0
20140707023654Uh_15,R_Y`13ko13N1O1N2O1O1O10000O010O01O010O10O010000O100O010O0100O2N101N2N1O10O001K5N20O010O10O0100O10O10O100O010O01O001N10O10000001O001N3LTbf[2
20140710020754Uh_1,h^fW15eo18L4L9I3N4K2O00010O1O1N2O1N2NnNaQNd0^n1ZOfQNd0Zn1ZOiQNe0jn1N2O1O1O1O2N2N2N1O1O1O1K5MZ`[f2
20140710020754Uh_2,lejj16ho13N2N2N1N4A_OYQNf0`n1BXQNd0en1=O1O1002[O_QNFbn16bQNI`n12fQNL[n10iQNNYn1JnQN5Po100007H115K3L00O1N2O3^OlPN2bo12L10NXXWS2
20140710020754Uh_3,Zh\d03ko17J2N1O2M2N4L:D5N2M20N2G9N3N100O0100O10O2O001O010O01O0000O001O000GkPNGVo18:N2O2N2NYXUY3
20140710020754Uh_4,_if`24ko13M2N2N1N101O0O101O0O1O010O011O000O001OO101O10O101N11000O100O100N2O2M2H8O1000O101O1O1O1N3N2N2N1O1O001O1O001O01O001O00100O2O1O2M2O0O1000000O100O101N100O2N2M2O2N1O001O0O1000001O0O101N101O0000O1O1O1O100O2N1O1O1O1O1O1O2O0O101N101O0O2O001N1N3F9N3O0O2O1O1O1O2MTWYW1
20140710020754Uh_5,cZkR15ho15mNLTRN7km1KjQN>Un1DgQN`0Wn1CcQNa0]n1a0O101N0O2N1O@hQN[OWn1c0oQNYORn1d0TRNXOmm1f0f0DQQNIPo15=0K6N2O101OO1OWO_OVRN?km1DSRN;jm1KSRN6lm1NiQN:Un1j0N1N3N1103L9G3M1N3M2_OcQN]O_n16[QNKXo12nh`j2
20140710020754Uh_6,UY[U25io16K3M2O2M2O100002O00O10O000O10000O10000000001O001O000O1000O10O01O10O010O100O10O2O000O0100OPRNC^l1=`SNE_l1;_SNGbl1:ZSNHfl19XSNGjl19TSNGml1:QSNFPm1:oRNFSm19kRNIUm17iRNJXm17dRNK]m15_RNObm12YRN0hm17nQNKTn1n02O2M4L3N3L4K5K9G6KReZf1
20140710020754Uh_7,P^kj18do16L4L4K5K5L4M2N2MA[QNGcn19aQNE]n1:hQNEUn1;oQNCom1<URNCjm1;ZRNCem1<_RNB`m1>dRN^O\m1b0P101N1N3N2O1000O20O01O0010O001O0O2N11O0000O0100O0101N101O0010O00010O010O0010O010O10O01000O100O1O0100O0010O001O010O0O2O001O10O10OO2N1O2O01O0O2O001O0O10001O000001O00O1O1M3N2N2O02N3M3J7KceZn1
20140710020754Uh_8,b]ke23ko13M2N1O2M3N1I8O1001N2O1O2N1O2M3N001O01N100O100O10O01OO1H8O02L3O2O1N1O1N2L4O0001O101O1N2O1N2O1L5MlcRW1
20140710020754Uh_9,R_o`22mo12N2N2O1N10000000000000000O100000O10O100O1O1O00100O10000000O10000O01000O100O001OO10010O01O10O01O10O010O00100O0100O0100O100O010O10O1O1KmahZ1
20140710020754Uh_10,hcif24jo13M3[OK\QN7bn1NXQN4gn1c0O10O1O2O0O2N1O2N100O10O10000000001O001O10O00001O000000O01000O100O1O010O1O10O01O1O1O1O100O010O10000O10O1O001N2O1O1O1O100O010O0001N110O1O0010O000001jMROWSN1^17fNg0fl1XOoSNh1Rl1ZNjSNg1Xl1^NaSNb1_l1aN^SN_1cl1cNYSN_1fl1dNUSN^1ll1j0100O100O100O1N200O1O1O100O1000000O100O1O1N101OO0100000001O0O10010O001O1O1N1O2O00000001N10010O010O0100O1O010O01O0O2O0O100010N110O3N2M101N1O001O01O0001O00001O00000000001O1O001O1O2N1N2O1O1O2N3M2N2N1O2N1O1O001N2O1O2N1IWQNVOln1f0`0F4L3M4Mb`hl0
20140710020754Uh_11,n`UV11mo14M2N2N2N1N2M3N2O1N10N3N2N2O1O1O010O00010O0000000001N1O2N1N2O10O2O1O10O01000000000001O000001O000000O10O10000001O00000000000O2O1N7IP`fe2
20140828080414Th_1,j_Tc23ko13N1O2N2O0N3M3M2N3M3L4N2N010O100O2O010O1O1O10POUQNj0Yo1H2N1O01O2M2O1O110mPNWOkn1P1OO2O1N2O5L002N0O1N10O0mPNBZ1Mek1b0mRNE[1Jhk1R1TTNQOlk1o0RTNROnk1P1oSNQORl1Q1iSNROVl1o0hSNROYl1n0dSNTO\l1n0^SNVOcl1l0ZSNTOfl1U1PSNlNPm1U1nRNlNSm1U1iRNnN^m1f14L2N1O0O2mM[RN1Ma1Zn1N1O3M2N100O2O1O0O010O001O1N3M1O2J5M5L5K7J3Mo\aW1
20140828080414Th_2,\`Zc13ko13EOcPN3[o1:0000O10OO3M2N3N101O00001O001O001O001O001O00001O000001O0000kWNXORa1h0j^N^OUa1b0h^NAWa1?i^NBWa1?g^NAYa1g0dYNjNX3?Vc1i0eXNjNN6FNo39hc1n0^XN1h3ROkc1j2R\NWMoc1k2h[N\MXd1g2c[NZM^d1P3W[NQMjd1o2U[NQMmd1m2fZN[L]Mk0Uh1a2^ZNjMde18fWN7d2Cfe1J`XN4j12ge1BhXN<S1eNQN`1Sh1ZOoXNd0h0eNRN`1Wh1TORYNk0fNbN`1j1gf1hNUYNZ1nNRN?l1^g1hNUYN\1kNSN>k1cg1dNWYNd1^NQNd0h1ig1bN\YNl1WNcM7o1]h1`NXYNX4kf1eKXYNX4lf1fK]YNP4ff1mK^YNm3ff1RLkYNOTMR3Si1PMYZNi2he1VM`ZNa2ae1_MaZN_2`e1`MaZN_2be1\MaZNc2`i1O1N3M2N4jMkRNZ1om1N002N1iNaQNk0ln1^Ob0L`YkW2
20140828080414Th_3,Wfbb01mo14L5J5L3M2N3L4M4VQNUOYn1o0dQNROZn1R1bQNQO[n1\1M3L4MYNTRN_1im1`N^RN]1Un1M2O3N20N1OO01O1O1N1010000O1O3M0000O1O1N1010O010O1O2N2N2N2N1O1O2N2N3oQNRNjm1a0VRNm0im1QO[RNm0dm1TO^RNLJ?gm1DaRNJLb0MVO^m1;mRNJKm0Um1VOTSNJIR1Rm1QOiSNo0Ul1POnSNo0Ql1PORTNP1lk1POWTNn0hk1QO\TNm0ck1SO_TNl0_k1UObTNk0]k1UOdTNl0Zk1TOgTNl0Xk1TOiTNl0Vk1TOjTNm0Uk1SOlTNm0Sk1SOnTNm0Qk1ROQUNm0oj1SOSUNl0lj1TOUUNl0jj1TOXUNk0gj1TO[UNk0fj1TOZUNl0fj1SO\UNl0ll10010O0000100O0O2O0O2O0O0101N10100O010O01O01O00001N100O2O0O2O1N2O2N1O1O2N2N1O1OnNdQN`0\n1YOoQNLEa0\n1@ZRN>en100O010O0100O1O101N10O10O01N1001O011N100000O2N100O100O010O1103MO00O100O201O1N2N1O03M100O0124JO1N100000O10O5M0<B2O1N2N2O0O1O10O8I3M5K1O00010O2N2M3N1O1N10000O2OO10OO3N1M3K6M2O2L4M200O01@[QNDen19`QNCbn1;bQN@`n1?b0O1N2N2N2N2MfRgo2
20140828080414Th_4,UhnY34kn1NTRN5hm1NVRN3jm1NSRN4lm1NRRN3nm1NnQN5Qn1LbQNJN?_n1H_QNe0_n1a0N1^ObN^RN_1am1bN]RN_1bm1cN]RN^1bm1dNZRN_1dm1`0M2O2N2M2I8O1O2O1O0010OO10O0001N10000010N101O0O1nMgSN<Zl1BjSN9Yl1GkSN0Zl1OnSN[Oal1e0\1010N1202M2N2N3M2N3L3O2MoXcb0
20140828080414Th_5,hh`g12lo16L5K3N000O10OO23M1O1N1000O2O00O100O2O0O10O100O101O001O0100O010000O00O2002NO0O2N3L4LhUiU2
20140828080414Th_6,kmno12mo11O101N1O1O1O00100O010O00100O01000000O10000O100O100O100O10O10000O1000000000O1000O1000O0100O101N100N101O1O01O0010O01O01O00O1O101O001O0010O010O1O01O010O10O01000O010O0100000000000O1000000O10001N100000O1O1O100O0100000O10001O00010O01O010O011N2N100O01O1O1O010O101OO10O10O100O10000O100O1O010O10O010O010O001O001O001OnPNLYn14dQNN\n12cQNN_n11_QN0bn11\QNOen11ZQNOfn13XQNMin14VQNJmn16QQNJPo16PQNIPo19nPNHin1NWQN:0Gin12SQN;0Enn1j01O1O001O0010O00FoPNFPo16VQNHjn16YQNJfn15[QNKen14]QNLcn11`QNO_n11bQNN_n10bQN1^n1NcQN1^n1McQN3Vo1O00100O20OO010N10gQmc1
20140828080414Th_7,RPWR12lo1;G3cPNCQo1j0M1N00000000O0100001O000O1O100O101N10O010O001O0@[OfQNf0Yn1]OeQNb0\n1@aQN`0^n1D^QN=]n1e0001O1O1O1O100O0100O2M2OKcQNhN^n1V17O2M4YO]QNKdojj2
20140828080414Th_8,XUYm02mo12O1N2O1O001O1O001O10O000000000000000O101O000001O01O001O01O000001O0000000001O00010O0010O00000001O000001O00000000000001O001O0O2O2N2O00N2O001N100O10000O101O0000010O000000000001N100001O00001O0010O002N001O1O1O1O2N010O0000O100O0101O001N100O101O001O10O4L2N001O0O2N100O2N101N10001O1O00100O001O1Olidi2
20140828080414Th_9,R^_a22mo12FOaPN3]o19O1O10O01000O10O10000O101O001O0001O000000O100O1O1O1O1O1N2N2N2O01O01O01O0010O001O1O1O1O2N1OL4O02N1JQO[QNP1dn17O0100O2O1N101N1O1O010O0100O010N2O100O1O100O100000O103L3N001OO010O1N20000O2O0O10N10001O0001O000O1O2N100O1O1001O00101N1ObNjNTTNT1nk1lNRTNS1nk1oNQTNo0Ql1ROnSNm0Sl1SOlSNl0Vl1UOiSNj0Xl1VOgSNi0[l1WOcSNj0^l1WO^SNj0dl1VO[SNj0fl1WOXSNh0jl1YOTSNf0nl1[OhRNK_Ok0jm1\OdRNj0^m1YO]RNh0dm1i03M2O1N2N2N101M2IfQNfN[n1Y17N0L31O2O1000M4N2O1O100O02O0O2O1N2NF]QNYOcn1e0aQNYO^n1g0fQNVOYn1j0=2N1O0L130K6O12M2O10OO2L3HQQN^OPo1a070010O1001O010O0O2O00000O0O1I8M2M4M4N1L4O0001O1L4O02N_OaQNYO31Zn1g0QRNWOmm1j0c01O2OKRQNYOon1d08K6BgPN1bhbQ1
20140828080414Th_10,Y]]R12mo12O1N2O0O1O2O00O010O1000O0100000O100N1M4O1O001O1O2O0O01OG@SQNa0kn1CQQN>Po190O1O0O2O1O010N2N101O0O0J7O100N2O1000O100O1000000O2O001O100O000001N101O1O100O1000000O2O0O100O010O10000O10O10001O0O10000000O10O010O01O010O00100O1000001O0000O10O1000000O10O100001O0000000000000O1000000O2OhdZe2
20140828080414Th_11,mc_V23ko14M5J3O2M3N1N102N1N3N2M101N100000000O100O1000O2O0O101N2O1O2N1O2N2N2N2N2N001O0O100O10000O2Nm[df1
20140907195814Mh_1,PiPX3W1in10O10O0VO[QN;dn1CaQN:^n1FdQN2IGcn17fQNOan12e02O0000O1000001O01O0O3N1RLBXXNa0fg1FSXN;lg1HQXN:lg1JQXN7ng1MnWNHjLLYk1>jWNEQMKUk1a0gWNEWMHRk1c0`WNK_MBRk1b0bVNCdN9JAQk1b0`VNGcN5MBQk1`0^VNKcN20Coj1>^VN1aNL5Cnj1?XVN8aNGlk10cUNR1^j1nNaUNQ1aj1oN^UNQ1cj1oN]UNP1ej1oNZUNQ1gj1oNYUNP1hj1oNXUNP1kj1oNgTNGSOX1Xl1ROaTNKSOT1]l1QO^TN^1dk1cNYTN^1ik1aNPTNd1Sl1\NjSNd1Xl1]NfSNb1]l1^NaSNb1al1_NVSNDJm1Rm1j03M4M1N3YOfRNeN\m1S1mRNbN]m1[1fRNbN]m1[1j0H5K4B>E<LnZQd0
20140907195814Mh_2,QmV\12lo12O10O10O010O2N1O1N1K5N2O1000000000O1O1O2O0000000000000N101O100000001O0O1000000000O100001O00010O0010O0100O0010O010O010O02N010O10O10O10O10O00100O010O101NnTo^2
20140907195814Mh_3,dRUV33ko14L2O00001O01001O00100O100O100O110O1O1O0O11O1O1O1O0O0100O001O001^VND^c1=_\NF`c1;[\NIdc18U\NNlc13o[N0Rd11oVN]O^4c0dd11kVN@]4?jd12gVNAR4IoKe0[i1\ObVN?NIS4LnKa0ii15WZN5le1ISZN6Rf1HlYN6Yf1IeYN6_f1HaYN6cf1IbXN_ObMg0Qj1G]XNC`Mf0Vj1FYXNE_Me0[j1EUXNG]Me0aj1CQXNJYMe0ij1@lWNMYMc0nj1_OnUNI>;aN=Wk1^OiUNK=X1ni1nNbUNL?S1Tj1PO\UNN>R1Xj1QOXUNN6JQOW1dk1ROQUNO8W1ij1lNkTN0:S1nj1nNdTN1<S1Pk1SOWTN0f0o0Uk1LhTN5Zk1JeTN6^k1J_TNH@SOSl1X1WTNDJQOQl1b1kSN\O7ROPl1]2hSN^M`03lk1Z2\TNfMfk1R2`TNmMfk1l1\TNTNik1f1XTNZNjk1c1WTN\Nnk18USNc0o0TOnk13YSNf0k0TOcl1j0[1DPQNDTo15`0Kajnd0
20140907195814Mh_4,VVgd06io13M3aPN5en1MWQN7fn1d0L3J7M2N3M4M2NkNZRN2dm1L`RN6[m1JhRN5Wm1JlRN5Tm1InRN7Qm1IPSN6Pm1IRSN6ol1HSSN7nl1HUSN5ll1IXSN4il1Jh1N2M3N3LPjdY3
20140907195814Mh_5,U\mV12mo12N2jPNOZn13aQN3]n1O]QN7an1f0M3N2N3L6L1N2O0O100010[NTRNT1_n1N1O2OO000O10OO2000O1O0000001O0O101O000000001O0O100000O010O02O8G2O1]OfPN<ao1O000O1000O010000O010O1O1O100O1O2M2Og`hd2
20140907195814Mh_6,f_gk01lo15M1SN2fSN1Tl18gSNJUl1c0_SNAXl1h0eSNZOWl1k0eSNWOfk1ClSNZ1;TOgk1GiSNZ1;oNnk1h1kSNZNUl1j1cSNZN^l15PTNl0Rl1RORTNj0Pl1UOSTNh0mk1XOWTNd0jk1[O^TN=ak1DbTN9]k1GfTNObk11`TNKck14`TNGck1MQSNH^15fk10jTNKYk13\2M2MmcdR3
20140907195814Mh_7,ebi]26go13O001O100O010O100O1O2M2O2N100O101N101N3M2O0O2N1O1O1O1000O100O2O01O01N0^OTQNOon1OUQNMmn13SQNLnn13TQNLln14TQNKmn15SQNJnn16SQNHmn19=000O1000000O010000O10000O2O0O101O0O100000O010O1O1O001O1O1O1O1O1N3N100O10000O100000000O2O000O100O10O100O010O100O100000000001N100O100N2M20000O100001O1O1O100O101N10O10O10000000O01O0O1010O0101N10001O001O0O2O0O100O1O10O010000000O1000000001O001O001O00000001O00000001O01O01O001O0000O1000000000000O10000O010O100O00100O1O1O1O1O1O1N2O1N2N2N1O2FVO\QNk0dn1801O010O10O100O011O001N101N1O2ZOQQNJ61kn13e000O2O0001O002N2N000O10O1000O10O10O010O001O1O001O0001OO1OO2O1O10100O1000000O02O0O3M4M0O2N100O1O010N2O1N10001O0001O00010O001O0LlPN\OVo1b05O100O1N2N101O1N2O0010O010O00100O100O100000O2O000000O10O01N2M3O010O1000000000O10000O0100O101N10O001G8O2O1O2Mia`l0
20140925195834Ch_1,\iPR15ko14L2O10O00000000O011N2N3M4L100O001O0000000001OO01N2N2N200O10001O01O000000000001O0000O1000001O001O010O02N2N2N010O01O0010O01000O0100O001O001O0010O02N3M3N1N100O2O0O2N2M2O2M4K5L5L4L4L2N100O1NM4J5N3N2O1O1N2K5E[QNWOin1g090O01001O001O1O001O00001O0O2O1O1O1O001O00001O01O001O01O010O1002YOVQN3mn1GWQN7mn1CXQN:Yo1O0O010O01O010O010O1O100O100O200OO1O010O0001O001O1N101N2M3N2M3N2O1O10O4M1O1O0O1001O0000000001O01N101N1O1N3N2M2N3N2N2N3M2N3N1N1O1O001O1O1O1O01N1M3N110O01O2M201O1O2N1O010N101N2N2O1N2O0103M2N1O1N2O0O4M2M3N1N4M3L3N1N3N1N2O1N2N100O1YORQN:nn1DVQN;jn1CXQN<hn1DXQN=jn1_OXQN`0Uo10000O10O10O100O01000O010O0010O00001O01O01O00001O001O0O110O000010OO1000000O10O10000000O101N1O2N2O1N2O0O1O01M3N2O100O1O2N2^OjPN7eo1IkQSZ2
20140925195834Ch_2,Tld`24ko12N100000O0100O10000O100O1000000OO2O10O010O1O1N2M4M2000O1000O0^OBdQN>Zn1I_QN9_n1e0M30O010000001N1000001N10001N3N4K3N0O2O001O0000001O0000000000001O0000000001O0001O0000O1001O0000001O0O2O001O0O110O00010N100O010OTQNAXn1`0hQN@Xn1a0gQN@Yn1?gQNBXn1?hQN@Yn1a0eQN_O\n1a0dQN^O]n1a0cQN@\n1`0cQNA^n1>bQNC]n1=bQND_n1<`QND`n1<_QNF`n1<UQNB14kn1j00000010O00010O0ATQNKkn13YQNKgn15ZQNJfn15\QNKcn15^QNJbn16_QNJ`n16aQNI`n16aQNJ_n16`QNJbn14_QNKan16^QNJcn15]QNLbn15]QNKdn14]QNLbn14^QNMan11bQNO]n10cQN3[n1MeQN5Zn1IfQN:Xn1FhQN;Xn1DhQN=Xn1BhQN`0Vn1AjQN?Vn1@jQNa0Un1_OkQNb0Tn1_OkQNa0Vn1^OjQN:EEan12hQN8bn1JTQNH5>gn1OUQN2ln1a00O2O0000010O01O001O0010O100O1O2N2M3M4M2M2O1O1O1O1O010O001O0010O01O0010O01O01O010O1O100O0100000O1000000O2O1O0O100O010O010O100O010O0000N3M2N3O1N110O0010O0001O010O010O001O010OO101N1N2O2O001O01O100O2N2N2OO01O01O01O01O001N101O010O01F]PN6ho1OO010O1O1O1N101O1O1O2O0O1002K4M3LiQim0
20140925195834Ch_3,Zl\f054O^o1:N2G8N2O10000000O1O2N2L3O2FdPNN^o10:0O010O1O010O001O001N1010O0000000O2O000O100O1000100O2MRUmV3
20140925195834Ch_4,and[22no10O1N11O010O010O01O1O100O1O001O10O0001O00001O00000O100000O100O100001O0001O00O2O0O10001O0O1L4H8001O001O8H4F`PNKcRQa1
20140925195834Ch_5,TQWb0:Wo1IRQN?Yn13cQN2Vn1Q1E:YOQNVSNU2al1TNZSNQ2]l1m0L4L4L5K4M4L4M2NcMdTN9Zk1FjTN9Uk1PO[TNBd0]1Qk1nNgUNR1Xj1kNkUNU1al10O010O010O1N101O0010O2N1O001O100N2O3L5K4^OcQNYObn1b0cQNYObn1OWQN`0]o1M3N2M3N2LYnhZ3
20140925195834Ch_6,\Y]P26io14L4K7J5J3M4K3O2O1N2O1N2N10^O_QNE`n1:dQND[n1<hQNCWn1=jQNBUn1>mQNBQn1?RRN_Olm1a0YRN]Odm1d0^RN[O_m1g0bRNYOYm1k0iRNTOUm1l0oRNQOPm1P1o00100O100O010O010O10O100O010O100O2O0O1O010O0001N2O1N2O0O2O1O1O1O100O0100O0100000000001O001OO010N3N101N2O001N0IhPNHXo16lPNGTo19:00O0100O100N1O2O100O01O100O0100O001O100O1000O10O1000O1O100O1O100O100000O100000N110O100O11O001N2O00M3N20O01000O0100O100000O0100O1000O010000O01000O01000O10O100000O100000000O010000000000000000000000000000O0100000O01001O00000O100O2O001O0O101O00000100O10000O1O010O001O001O001O010O001O010O1N3L_h\a1
20140925195834Ch_7,SXSn05jo13N2O00010O1O3L6K2M2O1O2M3N2oPNUOhn1R10100O6J2N5K4K3N4RRNRN`m1Y2O01O01O00O0101N4M4K3N7mWNWM_b1o2Y]NUMeb1R3R]NPMob1Z3d\NhL]c1Y3^\NjLcc1Y3X\NgLic1^3R\NaLPd1d3i[N\LZd1e3c[NZL`d1f3][NZLfd19oWNe2W3QMmd17QXNg2o2RMRe16TXNf2e2UMYe13WXNh2Z2VMae11WXNi2T2WMhe1NUXNl2P2UMoe1MSXNn2j1VMUf1LQXNP3^OeLR2`0af1JPXNZ3k0ZMWg1[OPXN_3a0WMag1ZOnWNLXOe04k1n0ZNkg1YOUXN<YOP2b0\NQh1YOUXN7]OW24ZN]h1WOVYNi2mMSNoh1RObYNf3af1YLhYN[3]f1bLjYNU3di1mLYSNf2kl1WMYSNe2Tm1J5M3M3M4L4L4N1N1N3M2O2O0O10001O00100O?A4K4M3K4M4K4K5KQaVl2
20140925195834Ch_8,dZeW2:eo13M>B4L3M3L_Ob0O20O01O1O001O01O0O2O1N2M3N2N2N3N1O1N2O1OM3M3O0010O101N10@TQNNkn11YQNKhn13[QNKfn14]QNIdn16b0010000000000O100000000001O0001O001O001O1O010O001O100O00100O01000000000000O0100O101N2NagTc1
20140925195834Ch_9,QZm]1420eo160O1000O010O0001O001O000010O00000010O000001O0001O00000000O1000000O10O10O0100O0100O100O00000001O01OO20O0000000001O00001O01O001O00001O010O001O000O010000O1O1000001O1N3Mlfj\2
20140925195834Ch_10,__em22mo12N101N10000000O0100000O100001O0O100O01OO2O001O0O2N1O1N2O2O00100001O001O1N101O000O100O010O0O10000001O001O001O1N2N2O0OO2O2O1O0O2OO1M3O2N1O2M2O01O1O2O00A\OdQNd0Zn1F\QN;en1>101N2O1O2OO01O00O1N11000O100001O001N101OO02OO001M3N2000O2M2O2N10O1O01O101N2N1O2O01N1O0N3L5M2O2OO1O1O2M3K8K5DcPNLVdRj0
20140925195834Ch_11,]]if06go1;[ODPQNd0kn1a0G=D2N2N1OnNTRN3jm1LcRN^Ogm18mQNDnn1:<000000001O00001O0010O001O1O001O001O00001O000001O0000000OO2O2O001O1O1O1O1O010O010O1O[djU3
20140925195834Ch_12,Q`[i13io15M3N1O2N3M7I100O000O110O001O010OJnPN_ORo17nPNLZo12jPNKVo15;0O010O000010O000001O001N2O1O0010N2O1O1N2N2N3NRalS2
20140925195834Ch_13,fa]P25jo15L3L3@CYQN=dn1IXQN9cn1OWQN4hn1d0L6H6M2O2N1O1O101N2MTOYRNDdm19bRNE\m18jRNGTm18SSNYOVO4em1`0cSN]O\l1?e1N100L5M2O101O0001O0O100000010O00001O000010O100O100O100N110O010O10O100O100O1N3M2K50000000O2O0O2O1O1O001OO100O100O100O100O100O1O0010O001O10O01O1O1O0O2N2N2O001O0010O00000001O0000100O1O100O100O002Nk`Rh1
20141009195814Mh_1,jbdf21no18H3dPNFnn1<nPNGQo1;kPNHTo1b00000O2O00001N10O100GQQN_OPo1`0900O11O0010O001O000O011N101N3OO01O01N100O1000000000010O04L2N010O01O001N2O1N100000O2O0O2O0O2O0O100O100O2O001N2O0010O0O2O1O1O1O00000O1000000O101O001O1O0010O000010O010O10O10O010O01O0O1O2M200O2N10d\YR1
20141009195814Mh_2,ddfW1:eo15L1O2O2N0O2O1O2PQNXOcn1j0VQN]Ogn1P1OO100O2O4K2O1N101N4M3M2M2O000001O1O1O2N0002N2N1O1O000O10O10O100000O01000O010O001N101O0010O01000O001O001N1O101N10O101O001N200O10O0001N101O2fPN\OTo1i0O1O1O010001O00O101hQNVOVm1Q1bRNQO^m16oQN>`0]O`m13TRNb07]Oem10URNd04\Ogm1OWRNf0N_Oim1I\RN[1dm1cN_RN\1Un1N1O1O01O2N5K00000O101N2N2N00ImQN`NTn1^18O100O2O001N5L6I3N2M2O2N3N1N100O0100O2N2M2O1O10O10O101O01O100N100O2O1011O0OO101O100O001N1O001N1O2O1N100000O010001O0000O0100O01000O2O1O0O1000O100O010O1O2O1N2O1N1O001O000001O001O001O001O010O001O1O1O1O10O01O010O010O0010O01O001O010O010O0010O001O010O001O1O100O10O010O001O10O01O010O010O001O01O000001O00001O000001O000000001O000001O0001O0002O0O0010O000001N101O000O2O1NfSoU2
20141009195814Mh_3,Sllf28eo13N2N101N00L4001N2L301O1K4L5L30O1000000IRQN]Onn1a045O1O2K220O0mNTOdRNO1i0am1XO]RN1Oe0hm1\OVRN1Oc0lm1CmQNL6a0nm1OPRN0Rn10nQNOSn12kQNNVn14fQNM[n1j02O3`NcQNW1fn1L3M3M3M2O2O1N2N2N2O2M1M4J6MSWiU1
20141009195814Mh_4,gjXW23lo12O2O0O2O1N3N1O1O000O11O00O010O000000O001M3N200O10O1000010O002N2O1O00000O101O1O0O2O0103L1O00000O2N1O010O0100O101N2O0O10000O100001O2N1O1N1000000O0010O01O00010O0000010O0000000000000000000000000000O10O10O100000000001O0000000O010O1000000O010000O10000O10O0100N2O010O0010O00100O1O100O1N2O1N3NmSg_1
20141009195814Mh_5,[RiY22lo15K2O1O0O010VOKkQN4Un15bQNL^n17^QNIcn1:XQNHin1g01O4L2O0O1N101O2M1O2N1O001O101N101O1N101O0O100O10000O0100O0100O100O100000000O101N2NZnlb1
20141009195814Mh_6,jS]W1=_o15K4J6N2O0O2OO10O10O100FQQNEnn1:VQNCjn16^QNJan15bQNI^n16dQNI\n17eQNH[n18fQNG[n17g000O2O001O1O3LYmlf2
20141009195814Mh_7,`YeP32mo10O2N1N3I6H3hPNCRo1b06N2N2N10L501N1O1N3N10O100BnPNNSo11QQNJPo16=0O0O101O101O001O00O1O1O100000000O10000000000001N10001N1O1O100O0O100002OO1N20O1N3N1O2O1O001O001N100000000000001O00000000O100000O01010O0O2O01O000000000000001O01O010O1O100O1000000001N100O1001N1O100O1O101N1OUk`g0
20141009195814Mh_8,gW[Z13ko15M1O101N1O011O0O100001N2O00O010O000000000000O10000001O01000O10O01O01O001O0000000000000000000000000001O00000001O0O1000000000O01000O010O01O01O0010O00010O010000O0100O10000000000000000000000001O000001O00000000000001O0000000000000O1000O0100O01O010O100O100O2O1O0O3N1NSh\]2
20141009195814Mh_9,Q\im26fo14N3M4L>B2O1N2O00^O\QNHen17a02M200O10000O1O10FnPNFRo1:92N1N3M3N3M101NN200H8M4O01M2010O1O100O100J5N3N^f^o0
20141009195814Mh_10,h]a\18co1?A5N20O2N1N3N1N3N001O00O100O1O2K4N3N2N1N3N1N2O1O2M2O1O10EdQNRO^n1<aQNGnn18>N101O01O001N2O00N2O100N2O10O01000000000000001O00010O010O010O0100O010O010O01O1O0O2O0O2O000O1000O1000O01O1O01000O0001000O1O001O1O1O101O0O1000001O0010O01O010O1O100O101NUfX\2
20141009195814Mh_11,d]]j24ko16J3M2O0VQNBQn1a0jQNDTn1?hQNBWn1`0gQNAYn1`0fQN@Yn1a0fQN_O[n1b0cQN^O^n1b0`QN_O`n1d0\QN^Odn1n011O002[QNeNan1_1N0000O2N1O1O1O1O001O0O110O00001O1O2N3N0O2N0O2O2M2O001O000000O1O10O1O2O001O1O001N2O1N2O1O1L4M3NQc`Q1
20141009195814Mh_12,k^gR2<do13O00O1O002M5M02L2O2M3L4M4M5J:G1O01O002O142I00N1000TOUQNa0ln1[OYQNd0So1N1O1O10O0100O101O1N2O0O00101N001O000001N100000000O101N1O10O11N100000001O0000O100001O0000000001O00O1000O10000000000000O10001O002N2N00O1O0O2N2O10O01O010O010O010O010O010O010O0010O001O001ACYQN>gn1>O01O010O000001N10000O2O00000001O001VOVQN>jn1@ZQN=fn1B\QN=en1B]QN<dn1B]QN?Ro1O010O01O1O1O001O100O1O000O01O101O001O1O1O1O1N110O1O001O1O1O001O01N1L4N2O2E:N3N1O2O000001O1N2O1O001N2O001DnPNIRo16RQNGnn1O]QNOen1O^QNObn11h0Mkad`1
20141104195854Bh_1,]\T]2450^o1:N2O2N2M3N2M3M1O2N2O0010O01000O3M2O0O1O010O001N2O3N1N0101fPN^ORo1h010OO200O0101N1000O100O01000O1O2F9M201N101O1O1O3Lbb]_1
20141104195854Bh_2,Re^k01mo15L2N101O001N3]PNG[o1a0NDgPN4Uo1KoPN4Po1KQQN6nn1ITQN6ln1IUQN8kn1GUQN9ln1DWQN<Wo11001O0N100O001O001O01O011N2O4L2N2N001O01O1O0O10001O2M2O2N1O00O2O1O010O1O1N2OO01O001O0O101N101NIjPNHTo15QQNMkn11XQNNin10XQN1hn1L[QN3gn1I[QN7Xo10N100O1O1O1O100000000001O010O01O1O1O10O0000000001O002N1O2OO01O1O001O1O01N1O2N101N101N1O101N101N101O0010O010O1O010O00010O01O00010O0010O010O010O00001O001O0010O01O00100O00100O100O0010O001O001N1O2L4MlWSj2
20141104195854Bh_3,QhTf12mo16K1O2N1O1O001O02O2M3M2O0O0100O1O2O0O1O100O010O10O010O010OO3O1N3M2N2N010O20100O1N26JOO01001O11O00O1O11cPNAUo1e00O2N2O02OO1N1N2@iPN4co1O000O1O2N100NjTcU2
20141104195854Bh_4,bhnW12mo12O1O00010O001O010O1000001O1O1O01O2O2N00N2O0O1N3N10O0100000000000000000000O100000000O101N3N2M2O1N2O0O1O101N2N2N2O1O15J3N3M0003L1O=D3M0O00O4J7D?D9EjT]c2
20141104195854Bh_5,li\c2a0^o13M6M000O2M2OYOnPN`0Po1^OTQNa0ln1\OXQNc0Ro1101N2M3N2O2O05K00N3N3K4M3M2O2N2O2MROcQN:Zn1DkQN;Tn1DnQN<Qn1BTRN<jm1CYRN<hm1@]RN?cm1]ObRNb0bn1L2N2N1N1O100O002M4MWSkY1
20141104195854Bh_6,ljhR36io19Fd0^O8H0;G9F5L1N10O0010005MN0000O1O1001N3N6KO5J5L0O1O1O1O1O1O^OoPN4Qo1ISQN6mn1HVQN8jn1FWQN;Xo1O2N1N2N3KmQgj0
20141104195854Bh_7,Ukdm13lo14M1O10000000O10O010O001O1O0100O0010O001O010000O0100O001O100O1O1O01O010O00000000000O010N2O001O100O1O1O100O1O100O100O0100O010O11NaTYn1
20141104195854Bh_8,]WiY37fo12]OHQQN11?hn1a0O100O1NO1O201O0000K5BlNSRNS1lm1SOoQNn0Qn1?01O100O01O1M4L3M3N3M2O11O001O1N2O1bMeNVVN[1ii1jNRVNX1mi1jNaUNLfNZ1kk1jN^UNObNk0OVORl12[UNT1hNcNQl19WUNR1Uk1PObSNLf0R1kk1TOZSN4b0e0Xl11cSNM`l18ZSNDll1f1B`M_SN`2Xl1^McSN52]2[l1oMaSNQ2_l1f02N2O1N2O2N100YO[SNSNgl1T1WSNdN0Lc0NWl1Q1jSNQOYm1k0lRNTOSm1i0S1O1O1000O1OHTQN_Okn1`0721O2O000O101O1O2M3N2O1N2N3LWPUa0
20141104195854Bh_9,QTQm03lo14L3M3[OF_QN>Wm1D\SNOZOa0Um1NUSND]OLOe0]m1ORSNd0ll1@kRNg0Sm1T1O101hRN[MRm1k2O00O1O1N3N1O2N2O0O1kMlRNEJa1\m1dNYSNX1im1O2O10OhN]QNP1dn1kNcQNR1mn1POoPNc0Xo1N10O10O10O10O106J1N100000000O1000O10O010000001N1O100O010O01000000O101O1O2M10O001N1O2O0O101O01N101O002N0010O001O1O1O001O001O0010O010O1O0100O001O00001O001O00001N10aiPl2
20141104195854Bh_10,V^Ym12lo12O0O2O000O100O100O101N101O1O2O0O2N1O1O01O2N1N3L2O20O010O010O0100O010O01O1O0000001O001O01O001O000010N101N1O2O0EHnPN9Po1<G9000O3N1O1OcNYObSNg0^l1^O^SNa0bl1CYSN=il1HnRN;Rm1M_RN:cm1o02M4M2N1N3J5L4C<D_QNZObn1d0=M300000000N3N2O2O00001O001N10001N100000O1010OO1001O00010O001O010O100O010O10O10O01O01O000000001O001O1O001N2NVg\j1
20141104195854Bh_11,Q]QY12mo13M1O1N2N2L3O1O1O1J600010O0100O01G8O2N2O10O010O010O00O1010O010O00100O0O2O1O0O2M201O000010O000O2N2M3N3N3Mbddc2
20141104195854Bh_12,ZaeU23ko12N2J7M101O0O2I7O001O1O10000001O1N1O2M2O1O1O1O1O10O010O001O00100O10OGBPQN?mn1:01O100001O1N2O1O1O0O2OG[OWQNg0gn1910O0100O100N2O1O1N2O2N1O10O010N1^O[OdQNk0\n1;1O3L3N110O01O1N^OdQNCZn1=c0O2001O0100001O002O0O2N2M4M4L1O00000O10\O]QNLbn14bQNI]n17iQNCWn1=e001O1O01M3O2O0O200N2M1N02N3L4N2O01O1N2000O2N2O100O2O00000O1O100O001O01O0100O01000000O10O10000O100O10000O01000O2Nocb`1
20141104195854Bh_13,Xace21mo14M2O0O1O100O1nNI[RN7em1JYRN7fm1KYRN4gm1NWRN3im1NURN2lm1NTRN2lm1ORRN2nm1NQRN3om1NPRN2om1OPRN2Pn1OnQN1Rn12jQN0Vn11hQNOXn13fQNNYn13fQNNYn15cQNL]n1l000O100O100O2E`NRRNb1lm1<M6K000001N1O1O100O1O1O1O1O1O1O1O10O0WOYN[SNg1dl1\NYSNe1fl1]NYSNb1il1^NVSNa1kl1_NTSNa1ml1`NRSN_1ol1aNPSN_1Rm1`NmRN`1Tm1`NlRN^1Vm1cNhRN]1Zm1bNfRN\1\m1eNbRN\1^m1fN_RNZ1bm1hNZRNZ1fm1a0O0000O1N2O1O001GURN\Nkm1b1ZRN[Ngm1a1=O100O2N2K4SO`QN:cn1CaQN9an1F`QN8cn1CbQN9To1N3M2O2M3MQahT1
20141120195834Ch_1,Xdd]22io17M100000O100000000001O0O101O000000000010O010O0100O2O00000001O000001N2O001O1O1O101O1O00O1N2N100O1001O1O0001O001O01O2N8HO10O01O1O2N1O2N100O1O100O010O10001O0O2O0001O0000001N10000O10000000O101N100O10000000O01000O100O00010O0001O1O001O000001O0010O0000001O001O1O0010O01O010O01O00001O001O010O001O0O2O0O2N20O010O1O0010O01O0000001O00001O00000O11O000O100000000O1000O10O0100O100O10000O1O2N1O1O2O0O100O1OgXQV1
20141120195834Ch_2,XeZV13=0I1in1o0L5L3N0HiNeQNY1Zn16100O2N100O1O1O2M2J6M4E:N201N10000001O0001O100O001O010O001O1O100O0100O100O2O1N2N3M101O9G1N2O0O10N1G:M3L3N3N101N1000000001N1001O0001O00001O001O000000000000O1000000001O002N100O00100O1O0000N201N11O00101N1O2N1O001O001N101O1O00100O2M100O1N2O01D\QN\Odn1b0aQNZO`n1f0>N101O010O01O0000000O100O1N2N2N2O2O0001O1O100O0010O001N101O02N2O0O1O2YOjPN`0]o1N100O100O10O010O00100N101O1N2O1O01O001O100O0010N10001O001O0100O01001O0000O100O101N2N2O3L2O1N2N100O010O^O`QNCbn17f0N3O0O2O000010O0010O010O01O100O10O00100O0010O01O1O010O0010O002O1N2N100O100OO100N2O2O0O11O01O010O001O10O010O010O10O01O010O0010O01O001O0000000000000001O001O001O00O10001O00001O001O001O10O01O0100O001O001N101O1N101O001O010O1NUXYU2
20141120195834Ch_3,Xfdc03ko14L3M4L40002M3M2N;F5J3M20O2M7I2O2N005LO5J5L3hQNjNem1R1oQN^OKFfm1P21N3N102L6K3Mf0YO6I3K9DTVUZ3
20141120195834Ch_4,Vj\P24lo11N1O2N1O1O1N2KDcPN?Zo150O100O101N110O10O1000000O010O1O001O001O0010N1000001N100O1O2O0O1O101N100O100O1000000000000O1000001O1O1N3MjUgk1
20141120195834Ch_5,kih`21no12O2N1O1O100O1O1O0010O01N2O0O3N3N1N10O010000001O01O01O001O1O1O1O000001O01O001O001O0001O001O2M3N3M2ZQNXOom1a1L2O1hQNmN_m1k14K2M2O1N101O011\N]RNh0bm1QOhRNl0`n1F1O2N1000003L6J5JlQgZ1
20141120195834Ch_6,lnfQ29fo12N2N2N1N2N1N2O1M2001O20O0100O10O100O10O100O10010O1O100O100O10O01O1O2MaQQl1
20141120195834Ch_7,mU_h12lo13N010O1O0010O010O11O0001O01O00001O0001O01O010O010O010O010O100O10000O010O10O01O100O1O010O010O101O2M3N3M1O1O6J3M00O2N1O2N2N2M4M5HUi^S2
20141120195834Ch_8,PXQX2f0Zo12N010O10O01O1O10O100O101O1O0O2O007I3L2O00O1000O10O10O1O010O01O010O01O0000010O01O00010O0010O0001O01O0001O01OO2O0N2N3O001O0002O1N2N1O010O0010O01O0010O0001O01O00000001O01O001O001O00001O010O000000000000O1000000000000O10000000O1000000O10O0100O0100000000O1000001O000000000000000000000000O100000000001O00000O10001O000O01000000000000000000O1000O1000O100001O0O1000000000000000000O2MbfV\1
20141120195834Ch_9,j\S^23ko12O1N2O1O001O000O10000O10O100O010O1000001O000001O01O001O01O000000001O01O00000000O11O000000O2O00000001O01O000001O0001O000O1O2O0000001O010O010O0O2N1M3N3O00DjPNOWo1OmPNNTo11nPNMco1O2NZeh\1
20141120195834Ch_10,]a_R12mo12N1N3N1O001N2O001O1N101O0100000O010000O1O0010O000001O00001O00010O01O001O1O0010O01N1N2O001O1O0001O1000O0M4O010O100O100O1O1000O10O1K5O2O0011O1N7J2N010OO2O0O2O0O2N1N3M2M3N2N2O2N101O0O2O0O001NF:01BeQNWO\n1h0>0O2N1N3O01N1N3L3O0002O01N2N3M2O2O0O20O00100001O2N2M7Hdade2
20141120195834Ch_11,YdYj27`o1:L4N1O2N2O001O002N00O010O000001N1O1N2L5N1001O010O1O1O00101N1O1O1O100O1O001O100O0CnPNMSo11QQNLon15QQNJPo15RQNInn18RQNHnn17SQNHmn19TQNEmn1;SQNDnn1;<01O0O1O1O2O0O100O2Mn\nQ1
20141120195834Ch_12,gcQU24jo13M3M3O2M3M1O2N100O10O101O001O012M5L1N0100O011O00O10O010000O1O100O1O1O1Oj[dh1
20141120195834Ch_13,_d_o13mo11N2O010O1O01O010O01O1O1O001O001O001O010O1O01O00000000O100O1O1000000001O1O001O01O0000001O00001N10001N100000O1N3N1O1O100O1000000O10000O100O10000O010O001O001OO1O011O00100000O01000O101O0O102Mg[bj1
20141120195834Ch_14,Xek[23mo11O1O1O1O010O1O1O002N001O1O0O2O1N2O1O1N2O1N2O1N2N2N2M3M3N3M2N3M3N2N2N0100O1O10O010N101N2N2O1O001O1O1O1O0010O10O0100O10000O010O01O1OO1N110O1001O001O001O0O10O0dNURNe0km1YOYRNe0fm1\O[RNc0dm1]O`RN?`m1AeRN;Zm1EiRN9Vm1GkRN9Tm1GnRN4XO\Oim1a0PSN1Tm10mRNORm11PSNLQm14RSNHPm17TSNDml1<\1O100O10O010O001O1O0010O101O2N2M2O2M2NY[T]1
20141220201934Ch_1,U`^h1210ho18M1N2O1M3O1N2O1O1O2lPN[Oin1Q1N2M4M1OO010O1N1J7M201N2O1O1M2K6M3N101N2O001O01O001O001O1O100O2O1O000O10O01N102O1N5K3N000O01O0001O0010O2N1O1O2N1N2O1O2N101N2O1O1N2O001N1O100O0101N2N1O01O001N101O10O01O00100O001O010O0O2O000000000O2OQ^eP2
20141220201934Ch_2,hfZ\14lo110O0100O001O010O1O010O1O101N2N2SRNKlk16PTN2kk1OQTN7lk1J]SNm0bl1UOWSNR1hl1nNPSN\1ml1m0OQOnRNSOol1e0YSNTOml1b0^SNZOel19lSNWOlNO^m1d0k1I7FcXia2
20141220201934Ch_3,cnTY3a0[o17SOk0M11O001N2J7J5N3O0O100O010N1O01O2N10100001O1N6K2M2N3N1N3N2OO010O01N2J7KRR_d0
20141220201934Ch_4,YoTS11no12O0O101O0O100O01000O100000O100000O100O1O1O0001O10O02N101N10O100O1O1O1O1O1O00001O01O010O100O010O1000000O10000O0100O10O01O000010O01O1O0010O1O1O1NhQYh2
20141220201934Ch_5,PPQc22no12N1O101N10001N11O01O0000O100O10O101N3M2O101N4L8I2L3N3M3N3L15M1ON28H0O2OON5I5Jim^Z1
20141220201934Ch_6,hQcm03lo11O1O1O1N1010O000001O010O1O00100O01O001O010O0100O100000O1000000001N101N2O10O10O10O010O01000001O0001O001O1O001000O1O1O1O1O1O1O2M2O2L4lSNWOkh1k0RWNWOlh1n0PWNROnh1R1oVNoNPi1R1PWNmNRi1S1mVNmNTi1R1lVNmNVi1S1iVNmNYi1R1fVNoN\i1P1bVNPObi1m0]VNSOgi1i0YVNWOki1f0UVNYOoi1b0RVN^OQj1?oUNASj1=mUNCUj1<jUNDWj1;iUNEXj1<fUND[j1=cUNC^j1>`UNBcj1=ZUNDij1;UUNEmj1;PUNFRk19lTNGVk1:gTNGZk1;cTND`k1<]TNEdk1;ZTNEhk1<VTNDkk1<STNEnk1:PTNGRl19SSNBM7Qm17QSNLBN`m16lRN`0Vm1@hRN?[m1AdRN=_m1C^RN<fm1EWRN9lm1KmQN4Xn1e05I8L4N3L3N2N2M3K5J7K^kRk2
20141220201934Ch_7,WTQk16do1?E2N2L5N1N4M3N7I5L36I3K100N11OTOdQN:Un1AYRN5hm1E`RN8RijS2
20141220201934Ch_8,\To[269KUo1:dPNMXo1>01OO2O002M3L4L3O0O20N101OO100O100O2O0O100010N102M2O1O001001N1O010OO1010O01O010001N010O010O01O0100O0010O001O01O0010O0001O01O0001O00000000O10000O1000O10000O10O010000O1O010O01O010O001N1O1O2M2N1O2O1N1001O2N1L5N3M201N2OjkT]1
20141220201934Ch_9,[[YP13lo12N2N2O1N2O1O001O0000O001OO10000101N1O010O01O0O2I7O0O1N201O001O000O1O1M2000100O010001N1O2O2M2N2N2N2O1N1O2O00000010O0010O00O01000001O000000O10O10O1O0010O1O1O3M2MSgdj2
20141220201934Ch_10,S\ee16io14L3M2O1O2M2O1O1O1O1N2O0N2M3N20000100O001N100O10O0100O001O100O10000O10O02O1N101M2N200O100000001O001C`PN7ho1JPdRW2
20141220201934Ch_11,jaUg22ko15N2N00101N<E3M1O0000O010O1N2O001O010OO101N101O1O1000O10O10O2N100O2O1O0O101O1N2O5K3M2N1O1O0O100O10O2O0O1O010O0100O100O1O`\PU1
20141222201814Mh_1,o^`Y23lo13ZPN1jn1NVQNc0\n1g0K6L5K6K10O2N=dNcQN<cn1]OaQN>Ro1N3N1O2O0O101O001O1O001O1N101O001O001O1O1O1Ne`[d1
20141222201814Mh_2,k`Z_26ho15K3O1N2O00000O100O1O101N1O3N1O1O1N2O0HWOWQNl0gn1610000O2N1N2N3N1O101N100001O000O1000000001O010N2O0O2O001N1O1N2O100O10010O100O1000O100O100O2O1N2O0O10O01O001O00000000001O002N2N1O002N1O1O0010O000O100O10O0100O1O1O1N2N1O2O0O1O101O1O1O2N1O2O0O2O1O1O0O2O001O1N3MS_kX1
20141222201814Mh_3,oghi28fo13N1O2O00101N2O8H0001O1O1O000000001O2N1O1O1N1O0010O001O1000O2N3M2N2N2MnVoS1
20141222201814Mh_4,TlXR32lo13N100OO10O2N1O2N1O2N1O2O0O2N2N2N1001O1N110O000O20OO2O0O1O10001O0000O010O1O001O101OO10000O1O100O2N4KgUaj0
20141222201814Mh_5,Xl^m07ho13^PNJWo1a0N1010004K5LO1O1N1O0O2N1O1O100O2O0O2N1N2O1O100O1O100O100O100O10O0100O100O2MZSQP3
20141222201814Mh_6,nnRn12mo110O0100O10000O101N1000000O10000O101N101O00000000O101N10O2O0O101N0001O001O001O0O010001O001O1O001O000001O1N3JPR_n1
20141222201814Mh_7,dPeY38fo18I8I8I4M2M5K7I5K3M2M<EO001[N_RNh0cm1ROeRNJHa0em1@\SN8gl1E_SN3gkXe0
20141222201814Mh_8,iP]g1:eo12O010O2O00000001OO20OO010000O100O101OO1000001O0O10O0010O001O010O100O1O10001N1000010O01O100O0100O10000O01O0000O0100O10O0100O100000O2O0000O1O001O010O10O2O2N1O2N10001N1O01O1N2O1N2N100O100001O01O0O1O2M4HXlXR2
20141222201814Mh_9,VUgY3:`o17N2O02O1N2O0O2O^OH\QN6cn1M[QN4dn1M\QN3dn1NYQN5fn1MWQN4jn1LRQN7nn1=10O01O100O10O2O1O1O1O1O2100O0O0O4L5J3N3L3O01N200O02N3L3M3LPi^c0
20141222201814Mh_10,mUUS32io16L3N100000O1O2N1O2O0010O0100000O10O10O100O010000000O11O0001O00100000000000000000O100O10O011N2N1O10O01O00O100000O101O000O10O010O000001N1O2L4O0011O0N3N2L3K6Jjjlg0
20141222201814Mh_11,X\m\25ho14N2N101O001O01O01O0O101N102M3N1N2O0O1O2M2N4M2N3@mNoQNU1mm1oNPRNS1om1oNmQNT1Rn1<2N2F9L5M2O2N0010O0O101O0101O0O1O1N3J5K6L5Jidn_1
20150105104334Ch_1,Q_PS22io17M2O00000000O2OO100O1000000001O01N101O0010O01O001O1O1O100O1O010O01000O010O10O10000O001O100O01000O01000O010O010O010O100000O101OO01000000O01O010O2N2O0O1000000O2OPQNOPn10PRN2om1NPRN3om1NPRN2Qn1NoQN1Rn1OmQN1Tn1OjQN2Wn1NhQN2Yn1OcQN3^n1N]QN4en1b01O2N101N10000000001O0O2O002N2M2O1N1O2M2O010O01N20000001O001O3N1N11O01O3N0O00001N100O10O01000O101O010O1O000000001O0000O1O1O1O2NQ^[c1
20150105104334Ch_2,gdVj05ko1a0@1O2O3MO2N3NiPN\OSo1i0O0O>B`0@1O10N10O011N2O0O2N3M2NdNeRN3[m1KiRN3Xm1JkRN1YO^Omm1?nRNOWm10lRNNUm11mRNLUm12mRNMUm10lRN0Vm1GRSN8[n102N1O3LcXaS3
20150105104334Ch_3,Xih`03jo13N2_PNMRo17lPNLon17QQNITo14hPNOYo1<01O1O3M03WOkPN?]o1O0O1O2O1N2O0O010O10O010O10O00000001O010O0010O001O00000000O101N10O100O10O010O1O1O1O2O0001O3M2N001O000000O1001O000O10000000000O2O1NkU]Z3
20150105104334Ch_4,\l^R17go11O1O1O1N2O1N2O0IEjPN;Wo160001O10O001N1N2000OJ34100000O1O1M3O100100O1O2BjPN0eo1LZU[k2
20150105104334Ch_5,ombc12mo12O0N3L3O1O2N1010O01O010O01O0O2O0O100001O001O1O100O10O01O1O1O001O00101lPN_Oen1o0O000000O001O1O100O2O000O10O010O10DPQNHQo15SQNJmn1HRQN621Uo1LmPN3`o101N2N]QeX2
20150105104334Ch_6,gUoc13io18I6YOC^QNf0^n1?N2G9N2O00O0^OQRNROol16\SNk0Sm1C[RNa0em1c0^RNVNbm1i1371O10000O101mN[RN]OH0lm1=fRN_OB2gm1<kRNB@Oem1=oRNB^O0am1>TSNA\O0\m1b0ZSN\O\O0Ym1d0b110O01O2M2L6I6M4K4N_OjQN\OVn1`0PRN^Oom1`0URN_Okm1=\RN_Odm1=R1K4O01_ONRQN6kn1`0O2O1O10XO]QN3bn1IeQN5Zn1JiQN4Wn1LkQN3Tn1MmQN3Sn1KPRN4om1MR1O1O1OnoXX2
20150105104334Ch_7,bRUP12mo110O010000O101O0010O01O00001O00100O1000O1O100O0100O2N3L2O1O2N1O2O1001N1N4M1O1O0O11N2O2N2N1O01O1O1O1O1O1O0O1O010O2M2O1NRlRl2
20150105104334Ch_8,XUc[23lo12O00001N1000001O000001O00010O00000001O000O2O01O0001O000000000010O00001O00000001O00000001O01O001O0000000001O01O01O010O01O01O0000100O10O011N01M2O101N\jf_1
20150105104334Ch_9,PVWW31oo11O001O001O001O00001O001O2N100O00100O01O010O10O010000O100O10O01O010O010O1O010O01O00000000000O100000000O01000O01000O10O01O10O0010O010O01O10O01O1O1NliTd0
20150105104334Ch_10,P\ic0<bo13M3M4M2O2O6K0N01O0O010O00001OO1O001O0001O10RNSOiTNn0_j1]OmSNN]1g0Yj1>bUNC[j1e0aTNgNIP1dk1h20010O010OTLYTNJ>S3Yk1QMSUNk2lj1oLYTN0W1i2ok1N3M4L2`MfRNW2fm1K2N2N011M2O1O2N1O0010O0O10fNQRNd0nm1YOXRNd0hm1YO]RNe0gm1TOaRNNXO:5Jgo1LkcdX3
20150105104334Ch_11,b[QT18fo15K2L5K5M3M3M2N2_O`0]O_NhRN`1Ym1gN_RNZ1am1a02N101OHRN^RNo1am181O2N2N2O2M9G3M3M1O2O0O2O1O3N1N0101M2O2M1O2O02XOnQN^OUn16WRNFcc\i2
20150105104334Ch_12,n[ci24ho1MYPN5do14N2M3\NHTSNe0ll1AhRNf0Wm1]OfRNc0[m1A_RN`0cm1EURN;om1i09G3L4L4J7H7J:E`eXU1
20150105104334Ch_13,TZeU26io14M1O2O010O1O001OO010001O1O100^RN@ak1a0[TNCdk1=cSNBTOOO8Zm18`SN<al1C^SN9gl1HVSN8ml1HnRN<Sm1CfRNc0[m1_O`RNd0am1l01O2M2N2O2M2O1@?O2L4N101XOYQN6hn1HaQNLen10Pflg1
20150124081954Uh_1,ViPX32lo14M3M6J1ONVOKmQN5Rn17aQNL]n1l000O1O0EdNTRN]1km1;1M4YOQRNYORn1e0SRNWOnm1g0VRNVOjm1j0e00O01O2N2M3GiPND^o1:4010O01001O002N2N1O1O10O0101O1O2M2O00O10O010000O2O01O1O00O10001N2O2M20O1O2O2NO1O00010O2M3N1N2N4K5K`WYc0
20150124081954Uh_2,^kP`14ko12O1O001O010O010O010O010O0001O000010O00000000010O0000001O01O00000010O0000000000000O1000000000O10000000O10O10O10O010O10O010O0100O010O10O10O10000000000O1000O10O10000O2O00000000O101O00000O1000O01000O101O0OeTcY2
20150124081954Uh_3,eo^h12lo14N2N1O2N2O001N2O0O2O0010O0102M10O0010O1O3N0O010O0010O00000000O2O000O11N8I1OO100O1O100O01O2O0O1N101O001O0O2O001O0000000001O00001O0O2O001O0O101N1000001O00000001O00100O10O01O001O010O0010O01O10O01O01O01O00001O0000001O01O010O1O001O0001N100000000000O010O1O1O1O1N2O1O100O10000000000001O0O100O100O100O2O000000O010O1O100O010O10O01000O100O1O010O100O010O010O00O11O0000O101O010AA\QN?dn1DXQN=in1<00100O1O1O1O2M2O001O1N2O1N2O0O2O100O1O1O2N1O3Kdo\j1
20150124081954Uh_4,[Qkn22mo13M2O1O101N0100000O01000O100O1O1O1N3N3L30N2O2M20O0000O2O1O0000000001N2O1OO2O0O010O1O103L2N1N3M]mTn0
20150124081954Uh_5,]V]R11jo1b0]O8J6H8K:H4eQN[NTn1f0nQN:om1EURN;im1B]RN;bm1^OiRNE]Od0im1EWSN8hl1H[SN5dl1K`SN2`l1NiSNIVl18i10O10000000000WMFlUN9Tj1IjUN7Vj1JjUN5Wj1LhUN4Xj1LhUN3Xj1NhUN2Xj1NhUN1Xj11gUNOWj13iUNMSj19kUNGTj1;bSN^OQ27\j1>^SN@T22]j1j0`UNWO^j1l0`UNTO`j1n0^UNRObj1R1ZUNnNfj1U1VUNlNjj1U1UUNkNlj1V1QUNkNoj1U1QUNjNoj1X1oTNhNRk1X1nTNfNTk1Y1lTNgNTk1Y1lTNgNVk1W1jTNiN^k1n0cTNSOak1i0^TNWOek1f0\TNZOfk1e0XTN\Oik1c0UTN^Omk1c0PTN]OSl1f0gSNZO\l1e0aSN\Oal1d0]SN\Ogl1c0USN^Onl1b0eRNTOF<hm1e0XRNEkm1V12N2M3J6M5K4L6K5K3M2M3M3M3O1N2O2N2M3Lmkdh2
20150124081954Uh_6,UXYk12mo12N101N101N1O2N3M2N3N6I3M3M2\QNQOSn1S1hQNQOom1e1M3ZOSNUSNP2hl1UNQSNQ2ml1SNlRNS2Pm1d0K5K3bSNmLik1d1QTNB1nNlk1P1UTNhN7i1dk1YOmTNe0Uk1eNaUNY1aj1cNcUNH\N[1Sl1jNoUNQ1Sj1lNQVNP1bl1M3M2N3M4YOkPN;^e`R2
20150124081954Uh_7,SYQR16ho13YQNL^m17_RNL^m17^RNL[m1=]RNI`m1;XRNKgm19TRNJim1V1L30100100eN`RN7`m1HeRN4\m1IjRNG^OMgm1;QSNB\O0dm1<USN@ZO2`m1=d1O1N3M2N3LSh`l2
20150124081954Uh_8,oYcV26io12N00001O01O01O010O1O100O1N2O1O1O1000000O100O100001O000000000O1000O010O01O10O010O010O01O001N2N2O1O1O1O010O1O2Nhfle1
20150430082014Th_1,`dni262N`o1:N2O000TMDUVN;mi1FQVN:Pj1GoUN8Rj1IlUN6Vj1KhUN4[j1LcUN1aj11\UNNgj13UUNNlj14RUNLoj16nTNITk18jTNHVk1;gTND[k1f0[TNYOfk1g0YTNYOik1f0VTNZOkk1f0TTN[Omk1c0STN]Onk1a0STN_Onk1`0RTN@Pl1>PTNBRl1<nSNDSl1<lSNDTl1<lSNCVl1>gSNCZl1=eSNC^l1<_SNDel1:YSNGil19TSNHnl1;lRNEWm1>dRNB]m1>aRNB`m1`0^RN@cm1b0YRN_Ogm1c0WRN\Okm1e0RRN\Onm1f0oQN[ORn1f0jQN[OYn1V10O010O0JbQNiN_n1U1eQNhN\n1V19L3ZOWQN3mn1IWQNLMLPo13WQNObo1Ng\eR1
20150430082014Th_2,oiPZ3411do17O0O001O000O2N1O2O00001O0IBlPN>To170O2H8GcPNM`o10810OO2O1N200O100O2N1O2N100O00M3N3N1O2N2O2L[W]c0
20150430082014Th_3,fij\13lo14L3N1N2O001O01001OO1000O10000O10O01O002N2N2N2N\OjPN>Wo1_OmPN`0Zo1O1O100O1001O0O02O2M2N1N2O0N_Ue`2
20150430082014Th_4,Snd[36ho13K4O00000001OO2O01O1O10O01O1O001O001O10O010O100O010O001O001N2F9O2K4000010O01O1O1M3N2O0K6N201M9HTSYa0
20150430082014Th_5,lohb05io14N3M3M1001O000O2O00002N1O1O01O1O000O101O1N10001O0O10001N3N2N1O101iPNZOPo1l000O01O5K3N01O2N0O1O1O01O2M2O1O1O01O1O2N010O02N1011iPN^Ojn1m000O2M7J;E3N095hQNVN^m1h1^RN\Nbm1R20124J3L2M3L2O1O11YMUSNU2jm1CO00eN\RN8cm1EaRN;AXOem1:mRNn0on1mN4N0O2O00O2OOih`W3
20150430082014Th_6,\V[g16ho13M3N1000001O0010O01O1000O010O000000001N1001O0001OO2O0000001O00O100O10O01000000O10000000000O10001O0000O1000001O00000O100O10001O0000000000O010000O01000O1000O0100O10O0100O01O1O10O01O1O100O11O001O1O1O0000000000000001N101O00000O01000O100O10O0100O1000O010O1O001O001O1O100O100O010O1O10O001N20O010N2H700100O100O1000000000001O00000010O000002N2N001O0001O01O001O001O001O0000O010O10O0100O01O1O001O0001N101O0000000001O0000000O2O0O2O1O10O010O010O10O01O010O001O1N101N2O001N2O1N2O001O00000100O1O101N110O02dPNCQo1g0O1O1O1N3N2M3N2M2N1_OnNRRNU1lm1`0O10^OURNnNlm1n0[RNoNfm1n0^RNoNcm1o0bRNkNbm1S1f0N3N3TOQQNa0Zo1L2O2N1O1O1N101O1O001O00100O0100O10O010O010O10O010O10O01N2O1N1010O100O101N1001N101N1O100O00O1O1001O00100O01000O0100O010000O100O0001O0O2N2N110O01O1O1O1O1O001O01O001O010O000001O00O001001O000001O00100O100000O010O11N1O5K3MdmTa1
20150430082014Th_7,PZmP16ho13M2O1N1O2N02O001O10O010O010O001O0O2O001O1O100O100O10O0100O100000000001N100O10001O00000000000001OO100000O10000O10000O10000001O000000O1001O0O1001O00O110O1O1O1O1O001O001O000001O0O2O0O100O010001N101O001O0000O100O2O0O3N1N2O001O001O2N5L0N2O0000000000000O100O00100O1O10O01O100000O1000001N2O2N001OO10O01O100O100O100O1O100O10O10000000000000001O3M2N1O002M2O001O0O2O002M2O1O001O1O0O2O000O1O100O100O2O00000O10000O010O100O10000O2O1M_fla2
20150430082014Th_8,b[[l04ko12M2O100O010O1O10000001O001O0000000000000000000000000000000001O0000O10000000000000O10O01O10O100000O100O1O1O10O0100O01OOL3100N300O0101M^e\o2
20150430082014Th_9,_^ih25jo12N1O1N2O0O2N1M4N10O10O1010O100O1000O10O1O101N1O100O1O1O1O100O010000O10O010O00000000O100O1000O1O100O10O000N3N20O2M3KYc`S1
20150430082014Th_10,\^Sh17fo14N1N2O001O00N2O10O2O0O2O10O01OM4N1000O1O2M20010O010O0100O010000O01OO1M3M12N3N200N5CXcVU2
20150430082014Th_11,f`Sj21no12N2N2O2N1OO0100000O0100O1000O100000000000O010O10O00O2M2N3O1000000O100O10O01O1O001N2O1O10000O11O0O1000O010O100000O1000000O101O2M1O2N001O01O0O2J6N200002M3N2M1N3M2O1M3N2O103LX`^P1
20150601122834Ch_1,golc21mo15G7O2N2O101O2N1N2N1O001O10O01O02O0O00O101N2O1O2M4M0102N0001N1O00O001O001O001O2M2N3M2O1N2O1O1N200O100001O1O00100iRN^Omj1i0hTN\OWk1f0dTN]O]k1d0_SNZO53]l1g0WSN[OKIO8Pm1\22N1O1O8H3M2N2N2N2N:F2_NnQNo0Un1mNQRNo0cn1UOPQN?[o1M1O2N2N4L3LTlPW1
20150601122834Ch_2,o[gf21mo14L3N2N2N1O1O100O2O0000000O1000001O00000O2O000001O0000O100O100O100O100001O00001O00001O000000010O0AfPN8[o1EiPN9`o1O1N2O1NPdjU1
20150601122834Ch_3,b^Ql11no12N1N3L3O2O000010O0100O01O1O010O010O0100O010O010O0001O0000000O100O100O100000000000O100000000001O01O010O2N2N100O01O0000001O1O100O1O0010O01O01O000010O01O001O010O1O001O0000O100O100000001O00001O010O0001O01O0O1000000001O000000000000000O1000000000O1000O10000O2O00000O010000000000O1000000O2O0O0100O1000000O101N1O1O2M2O2N2N1OJkPNCUo1;810O010O100O100O10000O100000O01O1O10O01000O1000O010O1000O10O100O100000O100000O010O00100O1000O1000000O100O10O10000O10001O00001O0O2O1Neahe1
20150602122934Ch_1,hhRc23W21[k10oSN2lN1Tm1MnSN6kNOVm1LlSN:iNMZm1JkSNk0Vl1UOgSNm0Yl1TOdSNn0]l1RO`SNP1`l1QO\SNR1el1mNZSNS1gl1nNWSNR1kl1oNRSNQ1Pm1POlRN;@Nem1JeRN9NE`m17XRN8_n1c02N2M3M202M2O2IPQNZORo1b0RQN\Oon1a0;G8JhVW[1
20150602122934Ch_2,bmlT22mo13N1N101O01O000000010O00001O0001O00000001O0001O001O010O00010O000010O01O00001O000010O001O01O01O001O00001O0000001O000001O01O010O010O010O01O01O010O0001O01O001N1OlQSf1
20150602122934Ch_3,_Pon22jo15FLcPN8To1IkPN`0So19N2O1N01O1O2M3J5M3N2O1N200O11\PNE`o1`0N1O3M2M100O1000001O001O010O00000010O1_OkPN3Wo1ImPN6To1GoPN8]o1000O2O0O1N2O1N10001RTNCWh1=gWNGWh1:gWNIXh18fWNKWh17hUN^O`0>gi15fUN@`0=mi11`UNE:FgNg0ak1M[UNJ8`0_j1EXUN04;fj1DTUN447jj1EoTN754nj1EkTN961Qk1FfTN<60Uk1EaTN>M8dk1[OZTNb0M5kk1m0QTNSORl1Z24L5K5L4M3L4F:L3kMmRNm0KhN^m18lRNj0_n1ROYQN9ln1BXQN8\o1HTlRl0
20150602122934Ch_4,nRQj13lo13N1O000O2O010O1O1O1O1N2O0O2O000000N1O2O010O10000000001O0O100010O0000000010O0000010O001O001O000O101O00000010O0000010O00010O0010O0000010O0001O01O0O1010O000001O001NhljP2
20150602122934Ch_5,dZQX23lo12O0000O010O010O010O010O01O0100O01000O100O010O010O01O10O10000O001O0001O0010O00O1N3M201O2N100O0000O1O10O100001O0000O00001O100O1N1001O0101N101O001O001N1O0O02O1O001O00O2O0J7O1O001O000O0IWO[QNg0hn154N1N1000O2NJ7ClPN0To10UQNGkn1:=1N1010O1K5M4LiiRa1
20150602122934Ch_6,P\[Q35jo12O1O001O000010O00O100O2N1N2N2O1O2O00000010O010O1O010O000000001O01O0O100O100O10000O100000O100JgPNEYo19kPNEUo1:mPNESo1;9O0100O1O010O100000O100O1O101N100000000O100O1O100O10O010O1O0O2L4O10O100O100O0100O1O10O100O1000000O010O0100N1M4O0O20O010O0100O1O1N2N200000000000O2O0000000O100O2O1N1O2L3N3O0O100O10O1000000000O10000O11O00000000000000000000000O01000O10O11O000O1000O010O01O001O010O10000O010O10O01O10O000000010O001O0000001O001O1N2LQfja0
20150602122934Ch_7,^^[V23lo13N1O1O1000001O0O10000O01O010O00001O0000000010O000001O0001O0000000000000001N1001N100001O0000001O0001O000001O0000000001O0000000000001O01O010O010O0010O01O00010O00010O01O00001O00O100001O001O01O01O00001O000010O0001O01O001O010N101O00000000000000O100000O100000O0100000O010000O10000000O10000O10000O0100O0100O100O100O2N100O10O10O0100O010O01O1N2O010O1000O100O1000000000000O10O10O10O010O0100O100O1000000O1O100O100O0100O010O1O1O001O10000O10O0010O010O01O00001O01O00000001O1N3L4MQbP[1
20150619133554Bh_1,_]hR13ko13L4L4M4L4M4oPNYObn1l0WQNZOdn1R1N2N2M2N2O01O1ROjQN2Xn1LlQN2Sn1MQRN0om1OTRN0km10WRNOgm12[RNMcm14_RNK`m15bRNJ]m16fRNHYm17iRNIUm18mRNHPm18RSNHkl19WSNGfl1:\SNFbl1;_SNE_l1;cSNE[l1=eSNBZl1?fSNAVl1c0kSN]OTl1c0mSN\OSl1a0RTN]Onk1=ZTNAfk1>]TN@dk1>o1O2N2O2M3Lfd_j2
20150619133554Bh_2,_`Pc26bo19M201O0001O01O001O00100O011N1000001O1N2O001N2O0O10O010O010O01O100O100O2O00001N2O1N10O000GYQNWOin1g0:N1O1O1O101N101N2O2N2N1O1O0O2O0O101N2Nk^kX1
20150619133554Bh_3,[`dZ13jo17L1O1O001O10O01O1O10O01N100O1O0100O2O1O1N101O0001O001O001O1O1O001O1N2O1O1O2M3N1N2O1N101N2O1O0010O0O101O001O001N2N2N2O1N200O1O1N1N3N101N2O0010O010O10000O100000000000O100010O0000O02jPNCfn1m0O0O0`QNTOmm1m0oQNVOPn1k0mQNXOSn1h0lQNXOTn1i0jQNYOVn1g0iQNYOYn1g0cQN[O^n1S12M2O1N1O2O1N2O1O1O001O001O1O101N101N100O100001O1O1N2O1N100O1O00010O0OMVQNROjn1l050010O101O4M1N010O100O10O01O1O1O1O1O100O1000O101O1O000O10O0100O100O2N5L0OO1O1O1O101N100O1O100O1000000O10000000O10001O001O100O00010O01O011N001O010O01O2O1N1O1O100O100O10000O01EoPNCSo1;:O101N10000000001O000000000001O01O00001O00001O0000000001O0cPNIQo18mPNJRo18jPNJVo1a00O01O0010O00000001O010O01O010O10O01000O10O10O10O010O010O001O001O0010O01O100O10O2O2M4M1O0O01O010O00O2O0O101O01O010O1O010O0000001O000000000001O01O0O11O0O20OO2O1O1O1O1O1O1O1O2N2M5L1N2O1O1O0001O0O2N1O2O0O2M2N3M201N11O002O1N1O1001N2O000O10O010O000010O00100O1O100O001O1O1O001O1O100O2N100O00100O010O01000O1000001O0O20O1O1O1O1O001O100OO10O010O100O1N3N3M2N2O0O1O10O010O1O100O0010O01O00100O1O1O1N101N2O2M2O1N101O1O2N2N2N2M3L4M4JfXWh1
20150619133554Bh_4,ed^U35io14M2N100O00100O1000O10000O10O010O100O100O2O0O2O1O2N1N100O100O1000000O10O0M3O1000FASQN?nn1:O0100O2O0O1O1O10O010001O010O1O001O101N1O100O100O010O100O0100O1O10O0100O1000O0100O1000000O101N100O2N110000O1O1O1O1O1O1OdQN]O[m1b0cRN_O_m1`0^RNCcm1=ZRNDhm1<TRNFnm1c0eQN_O]n1P13N3M2N2N2N2N3M2N2O2M2O1O2M2O1O2O001N1O2N2N1O2MmX[b0
20150619133554Bh_5,Tkhm02mo13N001O001N102N5K6J1O2N5K3N10ROVQNd0To1O010O2O20N2N0OO100O2N1N3N010O02O1N3N1O2O1OO001N2OO0101N7I2N2N2M3MkRUo2
20150619133554Bh_6,hkfY22ko15M3M3N001O0010O01O1O2N2N1O1O10O1O2N2N101N1O1O1O1O0010O01O01O01O01O000000000000000010O0000001O010O010O010O0100O10000O10000O1000O100O010O101N1000001O0O2N3MoR]a1
20150619133554Bh_7,bmRT13mo11O1O0000000O01N11`NNPSN3Qm1OlRN2Tm16dRNJ\m19`RNH_m1a0XRN@hm1e0QRN\Oom1j0fQNoN0:Yn1Y1027I3L4K3M2H7H=HUSYj2
20150619133554Bh_8,VSgP15jo12O1N1O1O2N1O1O1N2N20O1000O10O0100O1O1O1O0O2JZOPQNh0nn16O1000O0100O0O2O10O1O1N2N1K6N1N2N2O1O2O0N2O1001N1iNDjRN>Um1CgRN`0Xm1BfRN?Zm1AfRN?Zm1BeRN>\m1BcRN>]m1BcRN=_m1CaRN<_m1F^RN;bm1F\RN;dm1FYRN;im1EVRN;lm1DSRN<mm1DRRN=om1CPRN=Pn1DoQN<Pn1EPRN<om1EPRN;om1FQRN;nm1GoQN:Qn1GlQN6L[OXn1b0gQN4_n1f00O1VO`QN5`n1DjQN9Vn1FlQN8Un1HmQN4Vn1KlQN2Vn1MmQNOVn1On0O2NUPUj2
20150619133554Bh_9,`VQR36ho14L3N2N2O000O10O1O1O10O010O0O1M2O2O2M2O200O010O10000O10O1001O001O0001O00000001O0000O1000001O01O010O010001N1000O10O1N3N1O1O1O10O010O00010O01O10O01O1O1O0010O0010O001O01O0O2O1M3N1000000O100O100O010O10O1O100O100O100O1N2N2O1O0O2N2O1N2O1O1O2Nji`f0
20150619133554Bh_10,[Z_c02lo15K1M4M2F:O10O1001O011N1O2N1O2N2N3M2O000O0100O0100OGZQN[Odn1d0`QNZO`n1f0aQNYO^n1g0dQNXO\n1h0eQNVO[n1k0=OO1N2N02O1O3N2O1N3N9G2N2O0O010O001O1N3LbfXY3
20150619133554Bh_11,Z\gd21no12N1O100O1O10O010000O10000000000O1000O0100O0010O10O010O10O01O0000000001O001O001O0001O010O1O010O10O10O0100O100O100000O100010O01O00001O000000O100O2O00000000000O0100000O0100O010O0100O1O1Ofd^U1
20150620161314Mh_1,W^n[13lo12N2O1O010O001O0O2O1O0010O0010O00000010O0100000O10O10O0100O2O0O10O001N10100O1O1O001O0010O002N001O01O01O00001O00000000O100O10O010O01O010O0100001O01O0010O100O11O0O100O01000O010O01O01O00001O010O10O10O010O10O01000O1O100O100O001O00001N2N2Nb`e\2
20150620161314Mh_2,^_V`22mo12O001O00001O001N101O1N100O2N010O01O0O2O1O10O0100O10000O1000000001O001O000010O0001O010O000010O01O010O0010O01O01O01O000000000000001O000000000000000010O0000O100N2O1O100000000000O100000100O1O10O010O1O01N1O100O2O000001O0000001O00010O001O0010O00001O00010O0000001O001O00010O000010O0001O01O010O0010O01O002O0O1O1N2O2M3N1O2N001O01O000O2O000O1MhPN]OYo1a04IdPNJ\o14900O100O6JQ`iT1
20150620161314Mh_3,W`\f13mo11O1O1O002N3M2M2O1M3L3O100000000O010O01O10O0100O2O001O0O2O001N101N101O001O001O0010O0010O01O001O1O101N1O001O10O010O001O01O01O0010O01O001O010O001O1O001O0010O010O2]PNE^o1`0N10O01O2N2O8G2O1N0010O01O001O001O20jNVQNS1on1N0O001N100O1[OQQN7Po1FTQN8nn1DVQN3GOco1M\^gR2
20150620161314Mh_4,h`\m25fo17M2N2O1O001O010O1O1O001O0O10001O0000000000000001O0O2O0O2O002M2O1O0O2N1O101N1O2N3MT_oo0
20150620161314Mh_5,Tc`o14jo15L2O1O0O2O000O10000O01N2N10100O100O1000O101N102N2M3N1O1O000000O1O100O10000010O0001O01N10001O0000000001O010O001O01O010O010O01O01O01O00002O1N001O01O00001O01O01O001O001O1O2N1O001N101O1O1O2N1O10O01O100O1O01O0O2O001O0O2O001DkPNJVo14nPNJRo16oPNIQo16QQNIon17RQNImn17TQNHln18WQNEin1;>000O100O2O0O1000001O01@aPN=co1OO01OO10000001O010O01O001O001O001O001O00001O000000000010O000001O010O001O1O001N2O001O001O00010O0100O010O010O010O0100O1O010O1O1O001O00010O010O1O2O2M8I2N1O1O000O1000O001O1N2N2O1N2O0O2O100O010000O10O00001O1O001O001O001O010O010O01O0010O010O00100O001N101O001O10O011N1O1O101O3L2O1O0O100O1O0100O010O10O01O010O00100O001O10O0100O101N10001N2O1N100O1O101N_QNYOim1h0TRN[Olm1e0RRN]Omm1e0PRN\OPn1i0jQNXOWn1i0fQNYOYn1i0cQNYO]n1V1O010O1001N2N0O2N10OO2J6M3N2N201N2O1O2N1N2O1O1O1O2N010O00001O00000O100N2N2O1O1O100O100O10000O2NWYWZ1
20150620161314Mh_6,TeZg01mo12N2N2N2N2N2N2N2N2O1N2N21N201N3N1N2O0O10O100O10O00O2O001O0010001N2O21M1O1N10000O2O00000O00101N1O1N2O001N101N2NZZUU3
20150620161314Mh_7,blVc11oo11O1O00000000001N110O00001O00000O10O10000000O10O100O0100O010O1000O0100O010O10O0100O10000O1000O11O0[LK_WN5]h12`WNN_h16^WNJah19\WNHdh1:ZWNFfh1<XWNDhh1`0TWN@lh1b0RWN^Onh1d0QWN[OPi1g0mVNYOSi1k0hVNUOZi1JSTNo0_2WOei1j0XVNVOoi1i0kUNWO[j1m0ZUNTOjj1j0TUNVOnj1j0oTNVOSk1l0iTNUOXk1m0cTNUOkk1a0PTN_OSl1a0kSN_OVl1a0hSN_OZl1b0bSN@`l1`0]SN@el1a0WSN@kl1a0PSNBQm1?jRNCWm1a0cRN@_m1_12N3M6J3M3N2M3M2M4G=G7J7AdPNNZTUW2
20150620161314Mh_8,Vk`g26io13L3N3N001N3O1N1O100001O2N1O01bPN^O\o1d01O00O000O10O01O001O00001O00O2O1O1O1N2O010O00100O100O100O1000O0100OePNFQo1:mPNIRo17mPNJRo18jPNKVo1`001N2O00000000O2O1O4L7H2O1O00000O010O100O0010O01O010O10O0100O1000O01O1N2O[RkR1
20150620161314Mh_9,mlV\1:do15L3M4L6K2N2O1005K00O01O00000O100O2O001O1O1002NO1O01O2N0O100RQNYObn1g0]QNYOcn1h0[QNYOfn1h0VQNZOjn1o00O001O1O1O2M3N2N1O1O1O0O2O001O0O101O0O1O2N100O100O10O0100O010O010O0100O10O0100O0100O010O00001O001N2N2MlQ]^2
20150620161314Mh_10,lUW[31mo1200O1O1O1O1O1cPNKnn16QQNLmn15SQNLkn15UQNKln15SQNKmn15SQNLmn13SQNMmn13SQNMmn13SQNMmn13RQNNon11QQNOon12oPNOQo11nPN0Ro12jPN0Vo1=1O0O1O2N1O2N1O2N100O100O100010cPNHRo16kPNMWo13ePNO]o19001N1O100O100O2O1O0O2O000000000001O00001O0010O01O010O01O010O01O001O000001O000000001O01O0001O010O1O1O001O001N101N2O^if>
20150620161314Mh_11,c[mg03lo11O3UOLeQN5Zn1MdQN3]n1McQN3]n1NbQN2_n1M`QN3an1M_QN3an1M_QN2bn1N^QN2cn1M\QN4dn1L\QN4cn1M\QN3en1M[QN3en1NYQN3gn1MYQN3gn1NWQN3in1MWQN3hn1OVQN2jn1OTQN1mn10RQN0nn12nPNOSo1?0O2O000O2O001N101O0O101N1O100O100O0010O010O001O001O1O010000000O010O1O1O1O2N1O2O2N1N100O2O0O10O000K401O0001O1O10N2N2K401O010O010O10000O02O000O2N101O1O010O1O001O10O3N001N100O1000000O1000O10000O100O100O1OFkPNJTo16PQNHnn1:SQNDmn1<:2N1O001000O101O0O100O1O001O2O0O2O0010O010O10O1000O10O1000001O0O100000000O100000O10O1000000O2O001O0O2O0Omgjl2
20150620161314Mh_12,S]am22no11N3M2O1N101O000O100000001O000000O010000O010O0010O10O01O10O010O0010O01N10001O001O000010O0010O01O01O01O01N1O1K510O01O1O00100O1O1N2O1O100O1O0010O00010O0010O01O010O100O10O10O1000O10001O0O10000O10O10O01001N101O001O001O0000000000O1000O100O2N2L]dnj0
20150620161314Mh_13,e]]W27fo14M4L4J5M2J7N1O1O1N2001N101N3BXQN@in1=`0M3M2N2N2NhbVg1
20150623152934Ch_1,Y^RV25io14M2N2O0O1O00O1O110O01N2O1O1O001O100O100O100O0O01O201N101O2N001N101O001N100000000000O100O2O0O100O100000000100O001O100O100001O1O1OO10000O100O1O1O001O0001O001O1O2O3L2O0000O1O010O01O0001N1000O010000O0100O01000000O10000O1000010O01O1O10O01O10O01O0010O00010O100O100O0100O10O101N101N2O0O2O1N2O010O1O00O10O1Ob`_`1
20150623152934Ch_2,Vd\X32no11O10001O1N2O1[OJ]QN7an1K^QN6`n1L_QN7^n1IcQN8Zn1IfQN7Yn1IiQN6Vn1KkQN3Tn1NmQN2Rn1OnQN0Qn11oQNOQn12oQNNPn13nQNNRn12nQNMSn14jQNNVn14cQN1]n1h020N101KeNaQN]1^n14N2O1O2N2O1N0O10O100O001O001O0001O00100O1000000010O01O001O1O0010O01O0010O0100O010000001TRNSNbm1n1ZRNVNem1T2O1O9G2N2N2N1N101N7KmLVSNP3ml11O0N2O0O10O01O00E]SNVMgl1W2WSNSNSm13iRNY18bNPm12mRNY15bNPm13oRNW13eNPm12TSNS1Wn1N3^OVQNHln14XQNJjn11[QNMhn1K_QN2RYWa0
20150623152934Ch_3,UlP`26ho13M3N2O1O1O1O10O01[O@gQNb0\m1EeRN0I;bm1K_RN0G8km1JYRNj0gm1YOSRNj0om1c02O1O11O015NmMYRNb1Tn1N100O1O104eNdQNg0ln10kQNVOQm1k0fRN\O[m1j0\RNWOim1h0RRNZOPn1g0iQN\OYn1U12M4L3L4L4M1M4M3H9EdRY]1
20150623152934Ch_4,[nnd23lo1101O001O001O000O101N1O1O1O1O1O1N2M3nN@bRNa0^m1A_RNa0`m1B]RN?bm1EZRN;fm1HVRN:im1ISRN7nm1m00N2N2L3O101O00FdNRRN\1nm1jNlQNV1Vn191N2_OoQNROSn1i0SRNSOPn18aQN4do1KdS_X1
20150623152934Ch_5,lm`g23ko13N2N1O2O001O002M3N9H2OO1O00TQNZO]n1f0aQN]O^n1d0^QN@bn1o01O1N1O1O001O0O10000XOVQN:kn1CYQN;hn1C[QN<Vo1N100O0100O1010001N2ON1O001O001O010O010O11O1O2N2OO1O1O2M6I6HPPgT1
20150623152934Ch_6,Rojd01no14L4M2N10O10O10O10000O010OO101N11O010O100O100O0010O0O100010O0010O001O01O01N10000O0100001N101N3N2N1OCjPN1Uo1MoPN1Qo1NQQN3nn1LSQN5kn1JVQN:JCfn12aQNb0nn101000013M0000O0001O10O10O0100cPN@Xo1e00001N1O0100001N010OO2O001O1O001N2O1N10O101O0100001N1O3N0O100O101O1N01O100001N1\QNSORn1S1dQNWOVn1\1N5K6J9H0O1O100O2M101MSNiRNW1:YNTl1<QTNT1EdNXl16WTNY1ZOeN^l10^TNg1ek1SNbTNNjNf1Wn1N0100N3N;D3M7I2N2OjMlRNa1Rm1^NRSNb1kl1]N]SN_1`l1aNcSN6^Ob0ll1WOjSN3F=_l1^OoSN2E?[l1^OSTN0E`0Xl1@TTNOEa0Wl1^OVTNODc0Wl1\OUUNc0mj1ZOUUNe0Sm101N2O5K3L3M3Mgh^Q3
20150623152934Ch_7,R[ah14ko15L2N100O010O1O010000000O101N2O3M0O01O1O1O001O1O1O010O0010O01O1O001O01O00O1000O100000O10001O00000O0100O0100000O01000O10000O100O2O0O100000O010000O100O10000O01O010O10O10O001N2O0010O000O2O010O00000O11O000000000010O010N2N2O100O010OO2O001H6001OO01M4O2O0001N10001O000001O00100O10O0100O10OO2N1I8O00100O101O010O1O010O01O010O1O1N2O001N101N001N2O100O10O01000OO2N1O2N1O2O0000000000O1N101O10001OO010001N1O100010O010O010O010O00100O10OO20O010O001O01N1O2O1O2O0O1000001O001O001N100O2O00001O001Nhg^h1
20150913082034Lh_1,^TQ[28do15N2M2N2G8N3L3_O`0N210O0\OaNjRN^1Vm1oN]RNk0km1`04M4G8H:H7I9L8@ombc1
20150913082034Lh_2,nUWa17io13M2N010O0001O0001N101O010O1O001O2N2N3M2N1O1O10O10O01O1O001O000000000000002N3N1N1O2N1O1O0010O0001O00001O001O001O000000000000000001O00000000001O00010O000001O0O2O0O2NWibY2
20150913082034Lh_3,i]gT13ko14N2M101N100O100O1N2I700001O010O00001O01O0001O000000001O0O2O2N1N2O1O1O0O2O1N2MYbhh2
20150913082034Lh_4,Uao^2:co13O1N2N20O100O2O000O101O0O0101N1N3J6M2O100O1O0001O2M3N3N2M1O2O0O2N100O100O100O100O10O010001N100O101N10W_h]1
20151003081954Uh_1,`fn^23ho17K4N3M6J<D3M3M3M1O1N2NXOdQNO[n10jQNNUn1OQRN0mm1OVRN0jm1OXRN1fm1O\RN1bm1O`RN1^m1OdRN2Ym1NiRN2Um1MnRN2kl1_O[RN`0l01hl13ZSNMel12]SNMcl11`SNO`l1ObSN1]l1OdSN2Zl1MiSN3Ul1MkSN3Ul1LmSN4Rl1LnSN5Pl1LQTN4nk1KSTN6kk1KVTN4hk1NYTN1fk10\TNObk11aTNM_k12dTNL\k14eTNKZk15iTNIWk16kTNJUk14nTNJRk16PUNIoj16SUNImj16VUNHjj17YUNGhj18ZUNFfj17d2KkZm]1
20151003081954Uh_2,Rfhf22no11O1O1O00100N2O2M3M4M5K8I2N01O000O1O0HnPNBSo1;QQNCon1<SQNBon1=:O2O0O2O001O00100O010O01O010O0100O100O010000O10O010O010O1O010O100O1O100O002NnX]U1
20151003081954Uh_3,VX[\33ko15K4M3M2O1N2N2N3N2N3VQNVOWn1\1N1O001O0000O010O01OO2N1M4N3N1N200O1N2M3N2H8N101N1O1N2N2N2M3N2Nbhn`0
20151003081954Uh_4,a\kT36io12N1O1O00O0011N1O1O2N11O010O01O1N2N1O1O2O000000001N010O02O0001O00001O000O2O0O2O00001O0O2N2N2M3NG[QNZOen1e0_QNYO_n1f0:22O100O10O01001OO100O2O10O010N101N100O2M2O11O1O1O2N2N102M101O01O000O10O2O0O2O0O2O1N2J7KXfVe0
20151003081954Uh_5,e^eY24ko12N2O1O1N2O1O2N1O0O100000O0100O100000O100O1N2N201N100O10O10000000000O10000000000000O10O10000O010O100O1O10O01O1N2O10O01O0O2N1O2N1010O1O2O1N2N2N2N4J5JQbda1
20151015170634Ch_1,a`Zn01no11O1O1O2N1cPNKnn17PQNKPo15nPNKTo16hPNLYo1<101O0O20O0010O000000000O1000O11O00O100O10O1000O010N101O001O0010O010O001O001O00010O000010O01N1O2O1N1O2N101N101N2OV`am2
20151015170634Ch_2,if^U15jo13N2N3N1N2O1O6JO1N101O01N101N3N1O2N2O3L4M07J0OO2O01N01000010N2O1N2N5L1N[O\QNOen1M_QN1cn1M^QN3bn1K_QN5an1K`QN6_n1HcQN:Zn1EiQN;Un1DnQN<om1ERRN<lm1CVRN=im1BYRN>fm1B[RN>dm1AbRN;^m1DdRN;[m1EgRN:Xm1FjRN:Tm1EoRN:Qm1DPSN>nl1ATSN?Un12O2L5L4M2N1OUOSQNd0Vo1O00O01O001O002O1N1000O@hPN:`o1N011O0O2O2M2N2MiU]e2
20151015170634Ch_3,SmjT22\o13oPN1Um1LPTNn0mk1UOoSNU1hk1ROlSNV1Ql1lNmSNe1bk1\N]TNi1^k1YN_TNk1^k1WNZTNQ2ek1QNWTNS2gk1oMUTNU2ik1QNoSNU2mk1Q1N10dM]TN9ck1EdTN]NG31i0hk1b0`UNmNcNJPl1W1_UNmNeNGPl1Y1^UNlNPk1S1QUNjNRk1U1m1O0O2O001M2O2N2DRQNFnn1KUQN31Oln1JZQN1M4bo1N2O1MeTQi1
20151015170634Ch_4,VQSc04ko1101O001O0000O0101O001O010O00000O2O0O1O2N100O100000001O001N101O2O00O1O10O010O001O1O1O1O2M3N2N1N101O1O00UOTQNc0jn1\OZQNc0en1\O]QNd0bn1[O`QNf0_n1YOaQNh0^n1WOdQNi0in11O1O2N1O1O1O1O2VQNmNcn1[12L`QNgN42gm1W1QRNkN50im1^1VRNcNjm1\1URNfNjm1\1RRNhNlm1g1O010O1O001O002WRNjMcm1\2N1O1N3bRNbMVm1e2N100O10O0POPSNSOol1k0VSNROjl1m0[SNPOdl1LnRN>b0E`l1JRSN<b0K[l1GTSN<d0N\l1_ORSNa0d00hl1O[SN1cl1E_RNKQ1?^l1EeRNIQ1`0Yl1GfRNHZ1:ok1M]TN2bk1N_TN2ak1L`TN5`k1IbTN8cm100001O0O2O0000100dPN_O[o1c00O3M01O000O1000O10001O0000O1000O0101O>B2M01O1N3L5D<E\iTT3
20151015170634Ch_5,oYWj02lo12O1O1O1O0O2M2O2O00001O0O2N1J7O2N1O2O1N1GTO]QNm0bn1VOZQNk0gn170O2O0O100O100O100O10ZQNoN]n1P1cQNRO]n1n0bQNRO_n1m0`QNSObn1n0ZQNSOgn1R12O2M3M6I4N1N2O00101N2N2O0O2O0O1000O10000O01O1O1N2O1O1NUfdQ3
20151015170634Ch_6,h[W[14lo12M4M10O010O000O10O1000O01000000010O00010O01O101N2O000O010O10O01O10O01O10O01O1O1O1O1O100002N3L2O2M2N100O010O001O1O001O010O0001O0010O0O101O000010O00001O01O001O00010O01O010O0010O00010O001O01O01O01O0001O1Mnb\^2
20151015170634Ch_7,Yb]m14ko12aN4hRNMcl1MaRNa0i0Cdl10^RNb0k0^Ofl1Q1iRNiNN7Wm1U1eRNiN23Wm1X1bRNiN31Zm1V20O200kMlRN\1nm12N0OO0O0aNnQNP1Sn1mNQRNQ1om1nNSRNQ1mm1nNURNP1mm1nNURNP1`n1@RQNITo10PQNMTo1OPQNKUo12V^PQ2
20151015170634Ch_8,Ta]X21oo13N001N4N0O1N8I2M8H01O000O2O0010O001O00000O0100O10010O001O0O2O1N101N2M3Ci^Xe1
20151026171014Mh_1,mdXV31no13M2O000O1000000000O1001O000O1000O1000000O010000000000000001O01O00O100000O1000O1001O0000O100O10000O10O100O0100O10OO2M21O010O1O1O010O0010O010O0100O100O010O01O00O1O2O100O2Ok[[d0
20151026171014Mh_2,kg`^12mo13M3M2O2M3N2N2N1O10O100O00100O0010O001O1O1O1O1N2O1000001O02N1O1N010O101N1O2O0O1000O2O5J10O001O1O1O1O1O1O001O0000010O110O1N1O2MnV_]2
20151026171014Mh_3,UidS16ho14E:M3M3M3L4M2O1N2M20F^QNXOan1e0eQNXO[n1e0b0L3O1N2N2N2O2O01O000001N101N101O001O10O01O001O1OYXoi2
20151026171014Mh_4,ghdo2432_o19N100O0100O011O1O010O20O00O0100O010O1O100O01O010O010000000010O001O0O101O1O02N1O00000O10O010O2O0O1O002N1O2N4M2N06K0O0000000000001OO2O1N1O1O2N2N2N3N1O23L7H102M2N1O002N3L3N109E2NPTij0
20151026171014Mh_5,PXoe07go14M4L3oPNKP1I]k1?_SNKb0D^O5^l1`0]SNL`0G@Obl1[1gSN]OWl1g0bSN^OUl1[2M4M2N4nSN[Lck1U4YOeKbUN`4Xj1eKeUN]4Xj1fKeUN]4Wj1hKfUNX4Xj1lKdUNW4[j1g02N2M2O1O1N101N1O2N101N100O2O2^OoTNQLQk1m3SUNPLoj1m3SUNSLnj1j3UUNULlj1h3VUNWLPk1c3RUN\LPk1a3QUN^LQk16aTNk2>PMRk1NiTNn26TMdk1j2\TNUMgk1h2YTNYMik1e2WTN[Mjk1c2VTN]Mmk1a2RTN_MPl1_2PTNbMRl1[2oSNdMSl1Z2nSNeMZl1S2gSNlM\l1Q2eSNnM]l1Q2j0N2N3M2O1FnQNcNUn1Y1oQNcNTn1Z1;M3L3K6M2N2O2M2O2M3N2N3M2O0O2N100O1O2O0O2O0O100000O100O100O10O010O0100000O1000001N2NTgdS3
20151026171014Mh_6,b`Ui15go18E8K5L3N2N2L3M300O000M4I6]OeNbRN\1_m1mNWRNS1jm1`0100O100HURN[Nlm1c1SO^NoSNY1Yl1jNeSNR1^l1QO`SNl0al1WO]SNg0fl1\OWSNb0ll1@PSN9Ym1KURN^O3i0jm1Q12M4M2N2O2L3N3M3N2N2M3K4N3M2O001N101O0O2O001N101OO10O1001O0000010O01O1O1O1O001O0O1001O0000010O001O01O0O10001O0001O001_OD\QN=cn1a0N2O010O10001O001O01O3M3POXQNb0Uo1N0O2O0O1O100O100O1O1O100O100O1O0010O01000O010O010O0100O010O010O01O01O001O100O2M]dnm1
20151026171014Mh_7,R^iR11no12O1YPNN^o14^PNOao19O1O10O01O1O0010O0001O01O001O1O0O2O1O2N2N001OO010000000O1000000000O1000O1000000O1000O10O100O100O010O001O1O0O101N100000O0010O1O1O2O0O2L3O2N2N2N2N2K5O1N2O1N2O1N2M201N^OgQNAXn1>lQN_OSn1b0oQN\OQn1=YRN@gm1?]RN^Obm1b0bRN[OXm1j0o0O1O1O2N1O2O0O2O0O1O10O01000000O001O1O1O1O2O2N2M4Lddje2
20151026171014Mh_8,hcgd21no12O2UPNLfo18O1O00001N100O001O1N2N2GDlPN>So18O10000O010O1O010O10O0100O10O10O01O1O1O1O001O010O010O01O10O01O10O0001O01O01O010O1O10O01O10O00010O01O1O2N1O2N2N1N2O00L]QNkNdn1T1400000000001O01O10O01O2N1O1O100O10O10O01O0O1O101O010O01O01O01O000000001O00O2I6N2J6O2O001O0O101O00001N1O1O1L4O0001O1O1000O100O1O2O0O2N2N1O2O1N2O001O0001O0000001N10O0100O2N2N2O001O1O2SNRRNe1Wn1[NhQN\1an1M1N3L3M3N2N3F:M3M2O2N1O1N3M2Mg`jo0
20151117212434Ch_1,d`Xi26ho14M3cPNIln1<mPNHPo1f0N1O2N1O2N1O100N2K5O1O2N101O1O1O2N1O0O2O1NAPRNQOom1m0VRNPOim1f0PRNXO;0dm1f0URNVO;2_m1h0R1O01N101O0O2K5O010000000O100001O000001O000000001O000010O00000001O0001O01O01O0000O1000000010O01O1N2O1O2hQN_Nmm1o1K00O2O0O1O2M2CnQNiNUn1U1=N100O100O100O1000001O00000001O001O010N110O00100O001O000001N10000O2OO01O101N200O1O1O1O100O1O1O2O0O100O1O1O100O101O0O100O100O1O2O0O1O1O1O1O2N1O1O1O101N100O10k^Wl0
20151117212434Ch_2,dlda2>`o16aPNDPo1g0J6O01O2N101N11O001O2O0O20nNVQNl0Uo1LbRNZO_k1f0ZTN^Ohk1d0hRNTOV19Ul1g0hSNYO^l1c0`SN\Ogl1a0VSN^Onl1P1bRNnNbm1S1ZRNmNim1S1TRNnNmm1S1oQNnNTn1R1hQNoN[n1Z13L5K=C7J2M3N1O1O1O002N2M2O1M3MTQe[1
20151117212434Ch_3,ilnW34ko13N1O2O1ZQNJ^m19RRN<gm1P1O0000O2O001[OmQNYOVn1=WRN]Oom13^RNIXPUg0
20151117212434Ch_4,PXSh23ko12N20O01000O0100O1O00100O00001N101O001O0010O00O100O100O10000000O101N1O10O1O1O1O1O10O1000001O1O001O0000O2O000O1000O0100O1O10000O01O0000M4N2O100001O001N1N1O2N10101O001O001O0001N100O02O001O010OO100001O001O001O000001N1O100O101O00O01O1N3N101N2N1O2O00001N1O1N110O1O1M3M3N2N2ROhNTSNX1ml1oNlRNQ1Um1TOdRNl0_m1YOXRNi0jm1e02N2N1O2N1O0010O0O2L4M3L4I6M20L40O1O2O1O0101N101N101O1N2N2N2O1N3N1O2M3N1N3M3M2K6M20O010O1O1O10O0O2N1O2O001N1N3N2O010O01O10O0000001O1O2N1O2N1O1O2M3M3M3M4Lco\j0
20151117212434Ch_5,g^QQ18fo15L3L4L5L5K2N1OM3O0000110O101O0000O100O01O001O0M2002N1O2M2OORQNTOkn1j0511N2K4O1O0O2O01001O10HBnPN?en1c0O3N@\QNGcn19aQNE]n1<eQNBZn1?hQN_OXn1a0iQN^OWn1a0lQN^OSn1b0nQN]OSn1c0mQN\OSn1d0oQNYOSn1g0b000G:N3N3M5KTdRk2
20151117212434Ch_6,``Ug14jo14M101N2O1O001O01000O010O1N2O10O101N1O101N010O01O001O001O0000000000000001O000O100000000001O000O0100000O100000001N102M101I^OlPNc0To141O2M200O0100O2O0O3N2N0O100O10O0001O0O2O0O2O010O0010O01O0POROoRNo0Pm1TOlRNl0Um1VOeRNl0]m1VOaRNi0am1WO^RNh0dm1YO[RNe0gm1[OWRNf0jm1[OTRNe0mm1[OQRNg0om1[OmQNf0Tn1b00O2OO001O01O2O0F90L32O2M2O01M11O10O2M11N3O2L4[OYQNJon13c0L5J4LWbhP2
20151117212434Ch_7,jcaV26ho13M3M2N2O1O100O1O100O001O1O1O1O100O101O0000000000000001O1O2N001O000O100O1000000O0010O01O010O100O100000000O1000O100O100O100O10000000000000000000O1000O100O100001N101N2O1O1O1O10O01O001N11N1000O0100O100O1O1O100O2O0O2M2O1O1O1O1O1O100O100O2O0O1O100O10O010O1O1N2N3M5K4L4N2M101N1O1O1O001O2N10o\``1
20151204133714Th_1,VV[S23lo13N2N2N4L3N2N0O01O001N101N100O100O100O100000000O1001O001O1O0O1000000000O1O100O100000001O001O000O2O0O10001O000O010O01O010000O10fidh1
20151204133714Th_2,`agh11mo15M2M4M2N1O2N2O1O10O000000011N1O1O2O1N100O1O000O10O10O010O10O01O100O1O0010O01N110O002NY]`T2
20151207173614Mh_1,_i\R27go14M4M3N1O1N011N1O1O100O10000O10O020O1O1O2N1O2N1N3L3M3LhUkk1
20151207173614Mh_2,glPT28eo15M4L7I6K4L5K4ZQNhN]n1a1OO7J2L4M5L0O3M14K0O01O01000001O00O3M5K2N1N2O1O1O1O100O1N2N1O1O2N1N3N1N`PWi1
20151207173614Mh_3,XVcT12mo12N2O1O1O1O1O10O01O00001O01O0000001O000010O010O000010O001O0000O10000O101O0000000000O100O10000O100O100000O01000O10O10000O010O10O10O10O10O01O1O010O1O001O00001O001WOKeQN7Xn1NdQN4[n11\QN3dn1e0O01O001N2N3M3XOWQN4nn1FYQN4]o1Kaj`e2
20151207173614Mh_4,nWeh02mo11O100O2N1O10O0100O100O100O1O100O1O1O1O1O100O100O100O100000DfPN2Zo1LjPN1Wo1MoPNNQo13>OO2O1N2O1N20O010O010O1O2HUi\T3
20151207173614Mh_5,hXod03lo13L5L3M4LO1O02O0000000000000O0100O100O10O10001O000O1001O00001O010O1O1O1O1O1O1O100O001O1O010O1O1O^hnW3
20151214171854Bh_1,h^Zj04ko12N2O2M2O010O1O100O1O100O1O1O00001O0O101O0O2O001O1O1O1O1O001O00001O00001O000000010O000000000000001O0000O101O0000001O0000001O0000001O001O00001O001N10001O01O0000000001O00010O0010O011O<C100O00010O00001O01O0010O01000O01O100O1O00100O001O1O001O001O001O010O00001O001O010O00100O100O2OO10O0100O010O0010O1O001O001O010O001O1O001O1O10O01O001O0001O010O0010O010O0010O00100O10O01000000O101O2N1O1O3M1O0000O100O100O2O002M3M2O0O1O100O00100O10O01O01O010O00010O0010O0010O01O00100O001O01O01O10O01N2O3Lk]cf2
20151214171854Bh_2,l_jk23ko13N1N2O1N101O0000001O00001N101O010O10000O0101O0O10O10O10000O10000O1000001N100O2N1O1O2Nh`]Q1
20151214171854Bh_3,Wibb03lo12N1N2N1O100O1O1O1O100YNCkSN>ok1M_SNJRO:]m12TSND\Of0am1_12O0O2N2N2N:E6H7K4TO[QN0Ro1IeYi[3
20151214171854Bh_4,Ui\[12mo13N1N2O001O001O001O001O000010O010O010O01O100000000O100O1000000O011O001N101O1O1N202M10O1000000O1O000000000O101O010O1O0001N2O2N1O1O0002O4K3N0O010O1O2M200O1O001O000000001N2N1O1N3MnSQ_2
20151214171854Bh_5,dPif11mo13O1N100O1O2O0O1O1O001O01O00001O000010N110O001O001O0000O01M3N3N10001O01O01O0000000O2N101N110O1OO1M3N2K5O010000O1O100O10O@_OcQNb0Vn1HgQN8Yn1KcQN5_n1N\QN2fn1c01O100N2O1N3N1N2O2N1O2N1O1O1O2M2O1O1O1O2N1O2N2MUReS2
20151214171854Bh_6,ZoVV25io13M201O00001O010O101N2O1O4K9H3hQNQOWm1R1cRNVOYm1n0]RNXOcm1d1O00O100O101N2O1N4VNlQNO3Z1nn1@5K5K2N2N1N4M2Mcn`g1
20151214171854Bh_7,bTmX16go14G:H8K4M4L20N1O2L4M2I8N2O2N1O1O1O1O00100O1O1O2O0O2O1NVlZe2
20151214171854Bh_8,TV[j22lo13N2M101O1O1O10O01O1O001O001O00000010N11O01O01O00000O11O00001O001O0000001O00001O00001O0000000O3N2LVk`R1
20151214171854Bh_9,PW[]12ko15M3M1O3M5L2M3M1O00O1M3M3K5O2N100000000001O000010O0000001O00001O1O0010O010O010O10O100O1000000O1000001O001O010O0010O0001O0010O0001Oji`^2
20151214171854Bh_10,mZgZ26jo12N2N001O001O01O010O1O0010O0010O010O01O00010O0000001O001O000001O000010O01O001O00001O000000O10000000O1000O10000O10O01000O10O100O01000O10000000O010000000000O0100000O101OO1O100O10O100O010O100O100O00100O1O00100O10O1000O1000O1000000O100O1O1O10O01O010O10O0100O0100O100O010O010O0100O01000000000000000000000O100000O10000O100O1N20000O2O00000010O00010O001O100O00101N10000O10000O10O10O010O0010O010O001000O1O100O1O1O1O1O1Nod\X1
20151214171854Bh_11,bakY15io12O1O100O1N101O001O001O0O2O0O1O10001N1001O000O1O101N1O1O1O2O000000001O01N10000O0KGdPN8_o13101N110O1O010O01O0_OF\QN<[n1h001O0101O1N3N2N2N1O1N2CmPNKUo11oPNJXo1NQana2
20151214171854Bh_12,Pb[m16io13M3M2O2M1O2N2N1O101N100100O00100O10O01O1O100O001O1O1O001O0O10000O100000000000O10000O2O0O100O100O10000000000000O101O00001O0O10001O000000000O2O0000000000O101OO0100O100O0010O10O10O1000O01O01O000001O0000010O01O001N1L4O20O010O0100O01O001O0010O0100O1O1O1O100O1O100O1O001O100O00100O0010O01O0010O0000001O001O1O0O20O0001O0001O001O1O0010O01O010O010O2O0O010O1O100O1O010O10000O10001Nf_nf1
20151227133734Ch_1,Z`jg11no12N2N2O0O2N0hNIiRN7Um1MhRN4Sm12kRNOTm14hRNNXm13eRNN[m14bRNN^m13^RNObm12[RNOgm11WRNNkm14QRNLol1_OhSNe0WOLQm1CeSNd0VOJVm1E_SNY1cl1jNXSNW1jl1jNSSNP1Um1POiRNo0Zm1hN[RN09X1hm1gNURNY1mm1iNjQN]1Xn140K6N110O2M4hN_QNd0Vo1^OkPN1PaSV2
20151227133734Ch_2,Pabg11h03Xn12XQN=bn1JXQN:gn1a0`QNmNPn1V1lQNnNg0NXl1f2N2M300000`MRSNF3K6d1cl1^NVSN32LU1n0bk1PO\SN1l1b0Ym10N2O[OkPN>_o1M4K3L3MQ\UW2
20151227133734Ch_3,ViTV31no14M1O0]PN0hn1M[QN5L0fn1N\QN4J1in1NXQNa0gn1=O1O2O1N1O10N3N4K7K2EQQN_OQo1;UQNDln16XQNKjn1N[QN2Yo11000OkU[h0
20151227133734Ch_4,mhhW23mo10O2O0ZPNN^o14^PNMco180O2O001O010O10O100O10O0100O0100O10O10O01O001O010O00N200O10O101N1O1O1000000000001O00001O001O010O000001N10010O00010O001O000O2O0010O0001O001O010O0001O010O010O1O100O010O1O2N101N2O1N3N3L;F2M3N2M2O2M]OcQNF[n17lQNETn1:oQNDQn1:RRNDom1<RRNCmm1=TRNBmm1?QRNCnm1>QRNDnm1;PRNHom17QRNJom16nQNLSn13kQNOVn12fQN0[n1j01N2O1N2O1O1N101O1O1O101N1010O1O2N=B2O0O2OO2N1N3L3M3N3L3N3L3O1N2O00100O1O101N10000O101N10O0100O10000000lTNAff1?YYNBhf1=VYNEkf1:TYNGmf18RYNInf17QYNJ`LHii1>eYNM[LLoi17eYNOVLOUj11dYN3SLOYj1NbYNh0_f1XO_YNj0bf1VOZYNm0ff1TO`VNFc1Y1lg1RO^VNFd1[1ng1PO[VNFe1]1Ph1oNWVNEe1`1Th1mNSVNE_1h1_h1eNiUNIf1d1ah1\OQVNaNa0^2^i1QOoUNeNMMMg2Wj1iNlUNQ2Vj1PNfUNa00UO`j1^2dUN_Maj1Z2bUNTMI[OUk1Z3VUNXMTk1b2PUNUM]OLgk1W2^TNoMb0L]OIhk1W2dTNiM;5\k1j1[UNTNij1f1o1D9^Oc0I7I8IXRe[1
20151227133734Ch_5,ak^e13lo12O1O1N1000O1000000000010O0010O01O01O010O00001O01O0000010O01O000010O01000O10O10O11OO100O010O001O01O01O000000000000010O000000000000O01000O11O000O010000000001O0001O010O0001O0000000O100000000O101O01N101O00001O00011N010O001O0O2NiS_S2
20151227133734Ch_6,Tmfe14mo10O1000001N2O1O1O00000O10000O0100O001O01O01O01O010O010O0010O00000010O0O2O1N2M4M3N2iPNYOPo1n0O0O02UOoPNd0Xo1N1O6J2N2N101N10O01O001O1O00100O001O010O001O000010O000000000001O000O\QYU2
20151227133734Ch_7,RVWb04lo15I6J7I6J6D<K5L4L2NN101N1O101O010OO2N2O1O11O00O010N1O10000O20O01000O10000O10O100O1O01GmQNdNSn1o0mQNkN44Yn1o0<2L3O2N2O0O1OBcQN\O]n1c0mQNTOSn1l0`01N1O2N2N2N2N2N3K4H9M2L4O00O1O02N1\ORNTSNR2jl1UNoRN?1=Pm10VSNOhl10[SNOel10_SNN`l10eSNM[l12hSNMWl12mSNKSl13QTNKok13STNVOlN80MQm1b0]TN]OfNOll1c0`TN^Olk1`0WTN^Oik1`0YTNAfk1>\TNBck1=_TND^k1<eTNCSk1d0nTN\OQk1d0QUN[Onj1d0TUN\Olj1b0XUN[Oij1d0Z2O001O001N10000000000O1001O0100O1000O2O00000000O100O2O001O100O010O01O1O00001O00000010N102M2O001OO10000O01000O010O100O10000000O101O0O100000000O10001O000010O001O001O10O01O100O2O1M3N2M2N20000O_OkPN7Vo1FnPN9]o10O11N3L3N0O2O0O10000O2NdmTQ3
20151227133734Ch_8,eY[R22no12N2N101N2N2N2O3L2O2M3N1N3N1O14L3M1N100000O02O1O000O1010O00N2K`PNFao176O2Mhd^k1
20151227133734Ch_9,dbWc24ko14M3M3M3M101O0010O1O0O100O010O01O01O01O00010O0O100N2O1O100O1000O1O1O10O0101O010O1000O01O100O001O01O01N10001O1N101O0O010O10O10O01O101N100O0O2O01O1O100O10000O2O000O10O10O01O1000O1000O0100O010O0100O100O2N101N1HAmPNa0Qo171O1O2N1O2O1N101O001O0000001O0O100O0010O010O010O1000O010O10O010O00001O0O2J5O20O100O1N2O1O1O100O100O0100O1O100O0001O00010O1O1N200O010O10O100O100O01O00010O10000O10000O00100O01000O1000O10001O000000O10O010O001O1O100O100O0000O2O000001O0O2K32O2N2O1N101O00O100O01O010O1O1O010O2O000O0100O010O1O010O010O0010O0001O010O10O100O100O0100O0010O0O2O1N101O1N3Nh_^k0
20160116133734Ch_1,iZ`h11no13M101N100O2N1O2nPNIXn18dQN4Tn1N_QN>`n1a0O10O1O1N1K6N10000L4O2O00100O100O100O010O2O0001O00010O01O01O01N10000000000O1000000O1001O0O1001O002N1O001O0O100O1O1O1N2O1O1N3N3L]eiR2
20160116133734Ch_2,i[jQ23lo12M3K5O2M4M2N6K1N4L2N2N100O1O2O2M2N2N1N01O1N2L3O2O100O10000O100O100O1O101N100O100000O100000000000000100O0100O1O00001O002N4L100O010O2O0O0001O000O100O100000000000010O00001O01O001O2N1O100O2N1O2N1O1O2O4K2N000OLmQN\NTn1b16O1O1O101N100O10000O100000001O001O000000000O101O0O10O01000001O002N001N100O10001O001O010O0000O010000O11O00001O0010O01O1O2N2O1N3L7J3L3L5K4M3N4L2ZRNhM`m1]2O10`MaRN]2cm1N001O00001O001O001O00001O101N2O1N2N1O1O0O2O0O2O1N2O1N2O001O001O001O001O00010O10O01O01O010O1O2N2M4M2O0O1O2N2N2O1N1O1O00O100O2J5N3M2N3N1O2N101N2O1O1O0010O010O1O1O01O3M2OO01O01O0010O010O10O100O101N1O2N1O2N1O001O0000010O010O010O010O001O1O2N0O2O0O101O000010O0000010O010O10O201OOO01O0N3N2N2N2M3N3L3O2M3M3M2N2O0O2O0O2O000O11O0001O01O01O000001O001O000O2O002N2N5K1O1O010O0001O0O100O2O000O2O010O01O00100N2O0N2O01O2N2M3M3N101N10010O100O100O001O000O11N11O010O010O00000000000000000O101N2O100O1000O01O011N2OO010O10O100O100O10O010O00010O0100O010O1000O01000O2O0O100O100N2O0O2O00001O002O1N2N1O001N100O1000001N10100O2N;E2N1000N2M3J6M3N1N3GSQN\Onn1b09N101O10O010O1O1O100O1001O000000O010O10000O101O00010OElPNJTo14PQNKon14SQNLln14UQNKln13VQNLjn14WQNKhn16a00O1000000001O1O3Kl_kl0
20160116133734Ch_3,[^^Z17_o1JfPN<Vo1=K2N010O0100O1000O10O00010O01O1O1O0001N1L4N2O1O100O112M2OO100O101N2N2O000O10001O1032K00VQN^OTn1X1OO2N2N2N1N3M4L3M2O1N101O1O1O100O1O10O02N2O2M2N1O2M4Jl_o`2
20160116133734Ch_4,eeV[23io16M2O1N3M3N4K6J3N2N3N35KN1002M1020NO1O01O5NM01O;VQNgNUn1g1L1nQNYNhm1Q2O1M6K2M4L2ObMhRNT2Vm1jMoRNV2nl1iMXSN76m0^n1G5L1N2M3M1OO100000000010O001N1O1O3L5IgU[a1
20160116133734Ch_5,ahlS11no13N1O1O1O00001O010O00010O00000000001O000001O00O2O0O1O2O0O10000001O0001O001O2N1O0O2OO0M3M4N110O010O1000000000000O10O100000O1KkWUh2
20160116133734Ch_6,Qi\h11no13M200O100O1N2O1O1O010O100O2O0O2O01O1O1O01O1O1N101N3N1O1O2lPNYOln1m01O1N1O1O1O1O101N2O1N1O2N8H2N2M_UgT2
20160116133734Ch_7,emRd03lo11O1O1O000O1N2O1O100O101N1000O0100O1O1O001O1000001N101O1O1N2N10O0M4K402O00001O100O2O1O2M3MmSQY3
20160116133734Ch_8,R[W]17go12N3N1O1O00100O000001O001O01O000O1M3G9E<O0100O0O2F8O1O2O0011O00100000GnPNDRo1:;O0010O001O1O0011N1O1O1N3Mkfd_2
20160116133734Ch_9,`\cY3:do14M2M2NN1100O2O10O1000O1O10O2N2O2O1N3N1O0O2O0O010OO2J6O1O1000O101N2O1O0O2O00O010O1O10O010O1O1O2O1M4K]dVc0
20160226151654Bh_1,Rcld21no13N1N1O2OOO2N2N101O01000000O0100fNHlRN8Tm1LgRN5Ym1NdRN2]m1O`RN2`m10]RN1dm10XRN2hm11TRN0mm12oQNOQn13kQNOVn1l0101O001O001O001O00000010O00000000001N101N100O2M2O2N1O2N2O000000000001O001N100O2O00000O2O000010O01O00001O1O1O3M2N2O0O1O1O2N1O001N2O1O001O0001O001O1O001O100O1O100O10O001O10O02N00100O1000000O0100O100O2N1O2O1N2N101N1O2N2N1YUN]NPg1d1^UN]NY32Wg1h1fXNZNZg1g1aXN^N_g1a1^XNbNcg1^1[XNcNgg1\1VXNfNlg1Y1RXNhNPh1X1nWNhNTh1X1iWNiNXh1X1bUNWN52d0`0ei1Y1]UNYN702NKa0`j1[1VUNYN;O20H?fj1h1^UNkM0R1bj1S1]UNmMMR1gj1R1YUNPNLP1jj1S1WUNoMKP1oj1S1QUNDoj1g25J4M6[KeTNX4dk1N1O2N3M1N2O1N2CoSNgLUl1S3oSNlLRl1P3PTNPMRl1f2iSNTM94Ql1d2WTN[Mlk1W2X1XO[RNfNom1U1b0L3M2N2N1N3ERQNA]o1LkPNOWYoo0
20160226151654Bh_2,lcnT23jo18I5K5J7J7G7J4N3M5KlNPRN<om1^O\RN>bm1_OjRN9Wm1CmRN=[n11O1O000001O1N2N2N2N1O2N1N3MjZYi1
20160226151654Bh_3,RkVo22mo12N2O00000000001O00000O101O00000O100O010O010O1O001O1O0100O011O000O2O000O100000O2O0O1O1O1O1O100O00001O001O1O101O0jPN^Onn1d0nPN@Po1j0O0O1O1N1010O01O001O0010O100O101N2O0O2N101N3M2N1O1O2M2O1N2O6I3M2NbTSk0
20160226151654Bh_4,dV[l22no11O1N2O001O1O010O001O1O0000000O10O00O101N0O2O02O010O010OO2N1100N2N110O10O0100O1000O100O100000O01000O11O0000001O00001OO100O2N100O2O00000000O1000000001O0010O0010O010O000K5N2O10niTn0
20160226151654Bh_5,QXch26io12N2HJbPN9\o1601O00001O0001O1O001O1O001O1O2O0O010O01O001O0O100O10000001O000O101O0O2O0O2O1O1N2N2Njg`T1
20160226151654Bh_6,mZeY11lo16K3N2N1O1IDhPN<Zo14001O100O010OO1O11O011N1000000000O100O0O2OO1M3O101O1O1O010O100O1O2MRfhc2
20160311020654Uh_1,o[ne1111ko1101C1hPN0Wo13gPNMXo16dPNL[o1=O100O1O1O1O101N1O2O0O3N1O1N101OO2N1N3M2N3N1N2O100O10O0100001O00100O001O1O001N110N2OEnPNHRo16RQNHnn16UQNGmn17?O100O100000O10000O10000O2O0N3N1O100000000000000010O01O01O000O2O0O100O100O100O2O0001N1000O100O100O10O10O010O10O10O0100O1O2N101O2N3M1O1OO2O0N2N200O1001O001O0000000O100O1O1O100O101O001O1O1O1O2M101N1O100O10000001O0000010O01^OROPRNP1mm1ROQRNP1nm1ROPRNP1mm1SOoQNP1Pn1a0N3M4M2M3N1O1O101N101N1O1O1O001O1O1O1O1O000000O10O01O100O2O001O001O0O2O0IcRNiM`m1T27O100HYRNVNhm1h1900O100O10O010O010000000000000001N100001O011N2N0001O0O1O1O100O02O00101011M2O1OiQN]Nom1k1O00000000O0100O010O100O10O001O1ROPRNJQn13SRNKnm14SRNKom12RRNNom11RRNOnm10RRN0om1NRRN4nm1JSRN8km1GURN:km1DVRN=jm1AXRNGC`0Vn1GbRN7^m1HnRNLSm12PSNMPm12QSNMPm12SSNKnl13a1O1O\d]h1
20160311020654Uh_2,\]`W25ko15K1O101O001O02N1O01N2O2M2O2N1N2O3M2N000000O1O0O2K5M3O0O2O01O010O1O2O0O1O100O10O11O4L1O00O010O100O0101N3M100O1O0100O010001N2OO01O010O101O1O1O0000001VQNmNen1X1O001O01O1O2N1O1000O0O100O1O101N10PO`QN?an1]OdQNb0Zn1]OiQNb0Wn1[OlQNf0Rn1YOoQNm0km1ROWRNo0gm1POYRNR1Zn11N1000O0[OeQND^n1:e0O101N10001O0001O0O10001O01O1O2OO010O1000O1O2N001N0010O0010O^_Q`1
20160311020654Uh_3,Xb\_13lo12O2O1N100O100O00101N2O0O10O1O100O1O1O010O1O010O010O000010O0010O010O010O010O01O0O101N1010O10O01O2O0O0010O010O10O010O01O001O100O1O1O00100O10O1O100O00100O010O1000O010O010O0100000O10O010O0100cPNESo1=iPNGVo1a001000O10O010000000O01O010O0001O001O100O1000O010O100CjPNNWo1OmPN0Ro10oPNORo1OoPN2Po1NQQN2on1MQQN4nn1LRQN5mn1KSQN5nn1KRQN5mn1KSQN6ln1JUQN5ln1KSQN5mn1KTQN4ln1LTQN4ln1KVQN4kn1KUQN5kn1KWQN3jn1JXQN7gn1IZQN6fn1I]QN5cn1L\QN4cn1M^QN2bn1O]QN1cn1O_QNNbn12f00001Nd[WW2
20160311020654Uh_4,ad\h01mo12M201N2N1O1000000O101O0010O00000000O010001O000010O00001O0010O00100O002O0O1000001O010O010O02O0O11O100N2O1N2MT\UT3
20160311020654Uh_5,Rknn25io14M2M2O1O01O0001OM`PNG`o184001O00000O2CDUQN<jn1IRQN8mn1KoPN6Po1=EXO[QNj0hn15101O0O2N10001N1000000HTQN\Onn1b08I8N10100O01000000O10010O0001O001O0000001O0001O001O001O00000O100000O1000001O10O010O01O0010O0000010O0010O01000O0100O01000O0100000000000000O0010O0100001O001N3N001O1O0001O1O3N0O01O100O100O11N10000O10O5MN6J2JWPNNWTah0
20160311020654Uh_6,dUWo23mo11O1N101O1N10000000001O001N10O100O0010O01O010O01O010O0010O010O10O01O0000000010O000O2O0O1O1O1IEhPN=Xo15000O1N3N1N3N1O00110O110O001N100O1O10O0100O100O101NgkTl0
20160311020654Uh_7,n[ii05lo10O1O1O0O100O00100O100O2N001O01O100O01000O10O101N101N2N1N2O1O0O2N101N2N2N2O1O1O2O0O2O0N3N1O2OUO_QN7`n1HeQN6Yn1KkQN1Tn1OoQNOPn13QRNKnm16TRNGlm1:VRNAlm1`0j00O0000001N101N1O1O100011N102M2O1O0O2O0O100O1000001O1O0O2O2M4M3K\ehP3
20160311020654Uh_8,fbol13lo12O0O2O1O1N2O001N100O2O0N2O1O100O1O100O1N2O1O2N01000001O1O1O1O010O1O010O001O000000O2O00001O001O1O2N1O100O0001O00000000O100000000O2O0000001O0001O00001O1O1O1O001O010O1O1O1O1O2N2M2N101N101O0000000000O10000001O00000000000000001N10O1000000000000O10O10O1010N10001O0000O2O001O0O2O2M3N1N1010O0O10000O100O100O101N101N2O0O2N2O0O2O0O2N2Mo\hh1
20160312020554Uh_1,][V[21ho1`0G2N1O1O1TQN]OZn1c0cQN@\n1a0`QNC_n1>^QNF`n1<\QNM]n1l0OO010OO2BgNSRNZ1lm1=N2N2O01L5N110O1O100O100O1000O01O1O1O1N110O1000000O1O2O0O02O002N0O3N1N2N2M2O1O2O00001O01000O010O010O1O001O01O1N110O001O1O0O2N1YNQRN\1Qn1aNSRN\1nm1dNWRNV1lm1gNWRNV1Zn101N2O010O01O1O1O1O00O2O000O1DYQNVO06hn1a0_QN]Obn1b0`QN\Ocn1`0_QN_Ocn1?`0O1O1O2M2O1N2O001O1O1O1N\de]1
20160312020554Uh_2,d_Ve23go16M3I70O100O2O001O00O2O0N2O1O100O1O1O1O10000000010O01O1O001O[QN_Olm1`0TRNBkm1=VRNCjm1<WRNDim1;WRNEjm1:WRNFim19WRNGim1:WRNFim19WRNGjm18WRNHim17WRNJim16WRNJjm14VRNLkm14TRNMlm14QRNMPn14nQNMRn19eQNJ[n18^QNMan1i02O0O2N102M3N1O2N2M2N1N2O1N2O1N2O0O20O001N100001N3N:EV_SV1
20160312020554Uh_3,aaVi16co1M_PN5ao151O1O1O1O001O0010O010O100O2O0O1O1O0001O010O100000O100O100O1O00100001O1O1O0O1O1O0010O00010O00100O101O00O1O010O1001O00O10O01O1O00100O010O010O010O1O010O0100O10O010000O100O01O001O00010O0001O010O00010O001O0000000001O001O001O001O1O1O1Od\_o1
20160312020554Uh_4,SdXQ17ho13M2N2N2N2O1N2O1N2OAoPN0on1OUQN0in1OZQN0fn10[QN0cn10_QNOan11`QNN_n12bQNO]n11dQNN[n13fQNLYn14hQNKXn15jQNJUn16j0001O000000000O101O01O001N110O010O00O2N1O11O0010O0100O01000O1001O000010O0010O0100O1O2N2Nk\cj2
20160312020554Uh_5,TlPY36io12N1fPNJin17TQN7`n1K]QN8`n1J^QN8_n1M]QN5bn1d00N1L5M3O01O1OO2MZOSO_RNm0_m1WO^RN=ABTn15WRN7Un1MgQN3Yn1i01O1O001I^QNQOan1o0152M3M3H9N2O1O2M2O2O1N3N0O2O0O010O010000O2O001O1O00010O000001N10001O0000001O0010O0100000010O1O1N2N2O0NcUUb0
20160312020554Uh_6,aZ[l01no12N2O010000O0100O010O001O0010O01O10O1O001O1O010O01O00001N100000001OO11O002N1O1O001O00000000O2O00010O01O1O1O0010000O2O0O100O01O10O01010O000O01O0O1O1O00100O1010O010O010O00000000O10O100O1N201O0001N2O1O1O001O0O100000O100000000O1000O10O10000O2O0000O10O10000O1000001O01O010O01O1O000O2O0000000001O3M2N1O001O000010O00010O0100O10O02N2M[d\i2
20160312020554Uh_7,dbWU21oo11N2N1N3M2O2N3N2aPNBWo1f0N1O01O0000000000O101N101N2N2O1O1N2O1O10000O010O1O001O0000000O10000000O4M2M101OO10O02O00000000000O100N2M4L3O1O1001N101O001N101N1O100O1O100O2O1QOZQNb0To1N1N101O1O1O1O10O01OO101N1O1N10100O10000001O00001O000001O010O001O1O2N1O1O0001O1N3N1N2N3GV]nb1
20160327133714Th_1,YYaf14lo10O1O100O100O000001O01O000010O00O1001O01O001O001O1N10001O00010O0001O000O2O0001O010O00001O00001O00001O00001O001O0O100010O1O1O001O010O0100O001O001O000O1O1O1O2O0O2O1O1O00O101O01O01O010O00O1O1O1J7N100O2O001O0010O10O010O00000O1O110O010O01O01O001O001N1M4O010000O101N100000001O001O0O2O000O010O000001N10100O10000O100O10O101N2O1N2O0O2N1O101N1O2N1O1O100O100O1O1O1O1O1O1O1O1O10O0100O001O001N10001O001O0001O0001N2JSkjl1
20160327133714Th_2,^Vg\24ko12N100O2O001O1O001O100001O000O010O010O001O100O0010O010O1O1O10O0100O01O010O0100]RNG]k1;^TNJak16\TNKfk16VTNImk1:nSNFUl1<fSNE[l1<bSNE`l1<\SNEel1=WSNDjl1>QSNCRm1?iRNBXm1l0XRNTOjm1`11O2N1N2M4M2N3ROdQN4en1CbQN7Yo1Ilg^_1
20160327133714Th_3,c[QX22mo12N10O10O100O0O2O10O0100O010O10O010O010O0100O010O0010O01O010O01000O100O1000O001O0010O010O1O001O10O01O10O10O10O10000O0100O100O100O001O00O101O01N101N10001O010O1N101O10O101N2O2M3N1N101N1O10O01O001O001O00002LQf`a1
20160327133714Th_4,Q\mU12mo12N1O100O1N2O1N2L301O1000000O2O00000000001N100O001O100O1O100O01001O0O3N0001O001N2O1N2O100O1O001O00001O000001O001O2N2N1O0O10000000000011N2N2M101N1O101N100O1000000001O000O2O0000000000O100O1O0010O010O10O1000000000O010000000000001O00O101N10O100O10OO2OO2O1O1O2N10O010O101N100000O1N2O100O100O1000000O2O000O2O_db`2
20160327133734Ch_1,iljh08ho12N2O2N1N4M3N2O10M1O2M2O3L2O1N2O0000000000O0101OO1000O100001O2M2O10010^PNC]o1`02N2M2M3J^QcT3
20160327133734Ch_2,P[aa13lo11N1001O00O2N1010N2O0010N1O2L3001O1O1O2N1O100O02OO01O1O010O10O0100O010O010O1O001000O10000O100O010O010O0001N101O010O01O01O010O01O0000000001O000001N100001O001O100O000001O001O010O0001N100001O00000000001O01O001N0100010O00010O00O101O01O0010O01O00001O0001O0001O010N101O001N1000010O01O0010O01O001O010O000001O0O1O2N1O100O2O00001O0O2O0010O100O0010O01OO100O10001O010O010GZOWQNf0in1]OSQNd0nn170O1O0010O0O1N3N11O010O01N101O01000O010N1M4O0100O100O2O0O2O1O1O001OO01O0001O011N1N3M3N100O010O10O10000O101O1O1N1O2N1O2N1O101N0010O001O010O0100O1O2N1O1O3M2N1O2OO01O001O001N101O00000000000O100O2N101N110O110O010N2O1N2NljXl1
20160327133734Ch_3,cVW\24io13O100O1O100000O110O01O1O1O010O2O10O1N1O010O001O1O010O1O0010O010O2N100O10O010O001O01O010QQNGUn1;iQNFVn1<gQNFe0L\l1?mRNFb0Oal1>kRNBb02dl1=hRNB`03il1=dRNB?3ol1<`RNB<5Um1;[RNC=2Zm1l0bRNUO_m1m0]RNTOem1b11N3N1N3L4M3M3N1UOdQN0an1_O\QN795fn1EdQNOhff_1
20160327133734Ch_4,e[UX22lo12O1O1O1O10O010O010O01O10O01O01000O010O10O0010O010O010O010O10O00010O0100O001O1O0O2N101O010O100O10O2O1O0O2O00O010O100O10O01O000000001O0O101O001O001N2O0001O1O101N4M2N1O001N100O010O1O010O000O102Nleha1
20160327133734Ch_5,o[iU12mo12N2O0O1O1N2O1O1N101O1O1000000O1000O0100O2OO01O2N1O1O100O100O100000001N1010O0O2O1O1O1O1O1O10O01O001N1000000010O001N2O0O100O2O001O1O1000O5K2M101N100O1000000O100001O001N101O0O10O101O0O1O1O0010O0010O100000O1000000000O100000000000000O10O100O1O2M1010O1N2O1O2O0O1000O101N100000O1O1N3O0O100O100O1000O100000O100000O100O1O1O0100O100O011M201N001O0000010O1OkdZ_2
20160327133734Ch_6,n]eQ14ko12N1O1O1O10O010O01O010O1001O0O100000O1000O0100O01O010O10O100O1N1N3N2000O2O0000000O100O1000000O2O0O2N1N3MebPk2
20160327133734Ch_7,acmR22no11\PNNXo13fPNOZo12bPN0^o19001O001O1O2N1O001O00000O0100O1O1N2O01N1O20O010O1O100000O1O2N1O010O10O100N2N2O001O10O01000O010O01O001O000010O1O001N2N2O001O010O1N2O1O010OV]`h1
20160405014154Uh_1,b\PY13ko14N1O2N7I3M2\QN^Ogm1c0iQN_ON1Xn1[101O0000O1O010O10O01O100O100O1O2N101M2O2N1O1O101N2O2N2OO01O01O0O2O2M2O1N100O1O20O11O010000O01N2O0OO2O0EZQN[Ogn1c0^QNXOen1g0;N2O1O2N2N1N101O1O001O100O10O10000O100000O100O0100O10O010O00001O010O1O010O0110O1O10O01hPNGfn18XQNKhn15VQNLkn13SQN1KDnn1=RQN7ln1?N100N2H90O10O1000O1000013TO_QN1an1FhQN;G@Vn1NXRNl0_n1N1O2N2O6I3O5J2O01\PNE_o1a0NN2N3L3L5LT`W^2
20160405014154Uh_2,Xdjj13mo12O1N2O0010O000001O2N3L3N1O2M33MO000O2M3N1N5L10O1XOnPN`0;_OUn1MdQNe02Acn1`0XQNBkn1i02M3N1O1O1O4L3N1O001O00000O01O1O10:F2OO01O06I9G1M3L3N3IWXeQ2
20160405014154Uh_3,aoX[32mo12O1N2O2N3L3N0O2M2M3O1O02N2N2O0O2O000O100O10OO2OKGcPN9^o142O0O101O0O10000O0100O1N1J6K6O010000000000O1000000O1O2O0O1O1N2N2N200O1O1O1O1N3M^Qc`0
20160405014154Uh_4,PXkb11oo11O1O1O2XPN0[o1;000000O010O2O00000O010000O101O0O2O0O1O1O10O010O010O010O0O2O000010O000001O010O0100O1000O101O0000000000O001O1O2N101N2O001N100000000000001O000O2O\hZX2
20160405014154Uh_5,n^_k04ko13N5L2O4LO1O0000O2O0O100O1O00O010O100O101O001O0O1O10O010N1M4M3O101N001O1O00BPQNMQo11SQNMln13VQNKjn15XQNHin19>00000O110O0010O10O0100O0100000O10001N100000000O10O0[OL`QN4_n1N_QN3`n1N`QN2_n10^QN2`n11ZQN3en1OZQN1bn1BZQNa00Nen1h00]OZQNMgn11]QNLdn13]QNLdn13^QNJcn15_QNGen17]QNGdn19^QNEan1;`03N102O0O2O000O10O1O0O2O01O010O1O100O100O100O100O01O1O001O01O001O01O00100O100O101O1N2N2N1O2O0O101O000O2O000O2OO10000000O010O100O002N^cRk2
20160505025554Uh_1,Xa^U18ho12N3M3M1O1N10O100O100O100O100O10000000000O1O2O0O100010O010O100O010O0100O010O001O000O11O0010O0100O0000O10OO2O1O1O1Na^mf2
20160505025554Uh_2,lbP\17eo1401O0O10000O101O001N101O1O0O100O000010O10000001O00000O101O00000O0100000000O10O100O1N2M3O101O0001O000010O0001O000O10000O2O001ZOmPN=]o1M5K5IU]i_2
20160505025554Uh_3,ndb^26ho14M2O0O1001N1O100O100O0100O010O01O001O010O01O1O010O0010O0010O010O010O100000O1O100O0100O10O10O10O10O01000000000000001O001O1O001O001O001O1O1O1004L1O1N2O000O010O00O01001O0O2O1O1N10000001O2N10O01O00010O0010O010O1O101N100O101Od0\OO2N1O2M3L4L5IfZoY1
20160505025554Uh_4,gl\X36io15L2O1N20O0001000O10O000O100O010O101N2O000O10O01O000001O001O1O010O010O00100O2O00010O1O0O001O0000001O001O001O0010O0010O01O10O010O0000001O001O0000O101O0001O001O010O1O0O2O1NiQWb0
20160505025554Uh_5,cohc04lo10O2O0O100O1O1O1O2O001N101N3N5J3N1O00O2ZOjPN>_o1L3O0O2O000001O0O100O1O001O1O10001O010O01O1O1O2M101OO010O010O00100O10000000O010O001O001O000001O000O100O1O1O10O00001O01OO2O001N2N3N101O1O1NcQcV3
20160505025554Uh_6,PV]g03mo13WPN1Zo1=N1N2N3N2N100002ZOkPN;_o1OO010O001O0102M2OO100O1O0100O101N1O2O0O2N1O010O001N2OmhVV3
20160513133714Th_1,Q`hl22lo13N2N1O1O2M2O2O1N101N1J@jPNc0To16O10000O0100O100O010O01O1N101O0O2O00ZOTQN8ln1FXQN8hn1GZQN8fn1G\QN8en1F]QN:dn1B_QN=Ro101O01O010O010O100O2N2O1O01O1O1N2N2M5JV_go0
20160513133714Th_2,R`Xo05ko11O2N100O010O100O100O001O010O1O10O10000000O100O10O1O1O0010O010O1000000O100O101N10001O0O101O0O2O1O1N101N4M1O00O2N2O0O1O1O1N2O1N3N2M2O1O001O00O100N3O0000000000O100O001N2N3O0O10O100N200O11O01O01O010O01000000O100O1O100O100O0100O100O0100O100O010O001O1O001O10O01O001O1O2N10O6K1N10O01O10O0100O10O10O10O100O10O010O010O100O001O10O01O10O0100O10000O1O010O00010O01O100O2N1O1002N1N010001N3O0O23OM1M11O3M1O1O01O3M000000O010001N100O01O0O1O001N101O1O1O002O0O11O00100O01O1Nh[]b2
20160513133714Th_3,ZbfR36io15ZPNKYo1`0N2O00000000O2O1N2N100O02O1N2OO100O2N100O0100O0O1001O010O0010O001O1O1O1O0000]OnPN8ao1Ic\ej0
20160513133714Th_4,UcXP18fo14L4K5M3N1N2O2N1O0010O106I4M1N1O100O1000O10000000O10001N2O0O10O10O00001O010O001O001O0O2O001O00001O0Om[al2
20160513133714Th_5,di^a04ho15L4L4K5N11O1O1O001N100O1O10O010O00010O0100O10O100O1O10IdPNJ\o14801O00100O2O001O001O1NmVo[3
20160513133714Th_6,g]em25io15K3N3M3M2N2M2O101O00000O10001N101O001O2O02O0N2OO01N2O1O1O1ZOjPNa0\o1N10O01O2N2O1N1N101O01O0000001O0010O01O1O01O010O1O2N1O2N002L_a`n0
20160602010754Uh_1,g_Tn03lo12M2O1O100O1O01000O010000000000000000000000010O00001O001O001O00010O0000010O00000000O10000O10000O1O2O0O1O^`an2
20160602010754Uh_2,danX13lo12O1O1O000000010O001O100O2N2N2cPNDQo1g0O1OO1000O100000O100EPQNDRo1:;00O1001O002N1O1O1O010000O5K6J2Mn]Yd2
20160602010754Uh_3,adTk11no12O1N1N3K4O2O1O000100O2O1O0O02O0O2N3M00000000O1000O0100O001O1O10O010O101N101N2O10O102M6J2OO010000000O10O0O2M4KT[[Q2
20160602010754Uh_4,kdRS14lo11O1N2O0O2N2N3N7H2O0O101O00000000O2O0O1O101N10010O02N1O1O010O01O00001N1O2M2N200O1O1O2L4KV[Sj2
20160602010754Uh_5,X^Qo18go14M1O10O0100000000O101O2N00000000O00100O001O00001O00100O001O01O01O00001O000O2O000000O100O10000001O001O001O00O1000O100O2O0O2OQaPm1
20160713133714Th_1,WffW24lo12N2O001N3N001O0QRNGVl19hSNHYl19dSNG^l1:^SNHdl19XSNGjl1=oRNFRm1;iRNGXm1;nQN\O?;fm1f0jQN@Wn1S13M3M5H7I:E9G<DaXgf1
20160713133714Th_2,PgPW13lo12O0O2O001O0O2O1O1O1O1O0O101O0000O2O000O101O01O010O2N100O1O01000O101O1fPN@Qo1g0010O2O0AkPN304`n1FeQNi0Yn1VOnQNJF:M2^n1FXRN0B?Vo11O1O1O1O2PQNYOL1^n1S1]QNPObn1X10O2O2M3M2N1O2O2M2N2N100O1O1O1N2O2N1N2O1O1O100O1O2N2MPVUd2
20160713133714Th_3,bhlh16io16J3M2O1N2N1O3N1N2N3M3M2N2O0O3O0O10lN\QNN7?]n1@nQN>kn100O10000O010001O00O3M2O1N1O0010O01O001O01O00000001O000001O00010O000000001O00000O10001O001O000000O100O101N101O0O10000000O100O10O100000O010O01O1O1O1O0010O011N10000O10O10O10O01000O010O010O100O01000O100NgVco1
20160713133714Th_4,fmho06go15DGhPN`0:FGLPn1l1J5I6L4L5I6H7M4L3MkN\SNTO`l1l0dSNSOZl1NdSNWO1IM0:OKg0Ul1:lSNPOV1c0lj1<dUNDYj17PVNIli15YVNJdi16_VNJ_i14fVNLWi12nVNNPi1G[TNGi2b0kh1BcWN=Pl110O1102O1N0OO1N3M2L5HXPQn2
20160713133714Th_5,SRSh14lo11N2OO01O1O010O01O010O0101O001O001O0O101O001O001O001O001O1O10O2O3M1O0O1000000O0100iRNKbj14]UN1`j1O^UN9hMDXl14mUNf0Sj1ZOjUNi0Vj1XOgUNj0Yj1WOcUNm0\j1SOaUNP1_j1PO_UNR1aj1nN]UNU1bj1kN\UN3bNa0mk1\O_UN2mN>bk1AaTNNM42<ak1BWTN72L::\k1d0VTNTOc05Vk1`1oTN^NQk1_1SUN`Nmj1]1WUNbNij1\1ZUNcNfj1Z1^UNeNbj1Y1aUNeN`j1<oSN]O15c12cj13YTNC[19^j10]VN0ci1O^VN0ci1N_VN2bi1M]VN4di1J]VN7bi1I]VN8di1F]VN:ci1E^VN:ei1B]VN=el1O0O2OO2cPNDSo1=iPNGVo1c0ZQNZOnm1h0lQN^OSn1c0iQNAVn1V101O000lQN^Nfm1Q2N2M0010O1000O2O01O001[N_RNg0em1oNdRNJAo0So1SOoPN;`o1J3LffbQ2
20160713133714Th_6,aVYV33ko16C<G`0C4K5L4K4L4LUOPRNA0Inm1`0SRNYO79km1d0bRNTO]m1l0j01000I611N1L4O1O2M3O1O10O02OO1OO10I81N3M4I9JVl`g0
20160713133714Th_7,ZYSW37co1:\OFVQN?in1<1N1L4N1O2K4N2N2O10O1O1O0010O02N1O2O1NL31O10010O1O00O2N2N101O11O00001N101N2O00K6K5HYiRf0
20160820233134Lh_1,g^`T231Ngo19M2N101N1O2O2N2M3N4K3N2M4M4L2N00O0O2YO^QNObn10bQNJan16e0N2K6M3Neaki1
20160820233134Lh_2,_cRk08go12N101O1001O000000000000O2O4L5K00N1O2N1O101N1001O002N2M5L1O101O22ON0O01N2O5J20O2O000O1O010OO3N1N2N101N100O1N3M5KcZ[Q3
20160820233134Lh_3,mffm23jo15I7J6M2N2OO2O0O1O2N1O101N10O1010OfPNBRo1`0jPNDWo1b02O0O0O2O0O100O1O2O0O10000000000O2O0O1O100O101OO01000O010O0001O0000001O001O1O1O001O001O1O1OQXWn0
20160820233134Lh_4,_g^[18fo14M1O2N1O2N2N3N2N001O0000O0100O0O2N101O01000001O01O001O1N2O]OSQN4ln1JXQN5hn1IYQN7hn1GZQN8in1CYQN>To1001O001O000001O011N2N2N010O00O100000010O001O100O000000O2N1O2O0O101O1N2O002NnWo_2
20160820233134Lh_5,_hjQ37ho1101O00000000000000001O001O1N1000001O00000000010O0000O2O00000001O00001O0010O011N010O010O01O01O001O01O0010O100O0O2MXWaj0
20160820233134Lh_6,cdg^14ko12O2O1O2N2N1O0fPNEmn1<QQNGnn1:nPNISo1b0QQN\Oan1e0ZQN_Ogn1m0001O001O000O2N3M4L5K2N1O1O1N4M4JSZ^_2
20160828133734Ch_1,Salm14ko1100O10001O0O3N2M1N2O000O2O0O2O2M2O1N2O1O2N101N2N10FUQN_Ojn1`0;00001O010O010O100O010O01O1O1O100O1O1O001O1N2O1O010O1O1O1O010O100O010O1000000O0100O100O1000000000000000O10000O010000000001O00001O000000O100O100O2O0O101O001O1O001N100O10O010R`oj1
20160828133734Ch_2,db^S32mo13M9G1O1O1O1000O010O010O010O010O1000000O1000O02O0O101O0O1000O100000000000010O002O0O1O010O10O02O0O1000O0100kPNAgn1a0UQNBkn1i0000O3N1O1O001O001O001O1O001O001O100O10O010O101N100O1000O0100O2O1N2mPNVOmn1P1N1001O1O0N2O1N101N101O002N3M2N100O010O011N2O0O010O0010O0001O010O001O1O1O2M3N1O2O1N10][Yd0
20160828133734Ch_3,ncbk16io12N3N3M4M5K1O0O10O1O1O1O100O100O101N010O100O1O010O01O0010O01N101O1O1N2O10ZOiPNc0[o1N10O0100O2O1N1000O1000O10O010O100O101O0100O1O1O01O00000O11O0O2O1O01O0000O1O1O1N3N2MnY]o1
20160828133734Ch_4,^hTU21mo13N1O1O100O10000O100O010O001N101O01O1O010O00010O01O10000O101O00000000O10O01001O001N2O0000N2N2O100O100O010O10000O100001N100000010O0010O01O001O1O001O01O0001O0010O00001O0000010O01O01O00010O00001O0001O001O00000010O001O00001O00001O000001O001O010O010O010O001O2N3dPN_OTo1j0M2M010OO1O2_OoPNHZo16900O10O100000000000000010O01O1O010O1O1O01O100O00100O10O010O10O010O10000O10O100O10O01000O1O010O0000000010O010O0O2O00000001O00001O0000O100O100O1O2N101O0O2O00001O01O00010O01O010O001O00000O2OO2O002N2N001O001O1O0010O010O101O0O101N010O0010O1O1O0010O01O01O00001O001O1O1O0100O100O1O1O100O1O010O10O010O2M100O001001O101N101N10O01O0001O0010O2OO100O2O0000OePNERo1<jPNGUo1b01O001O1N101N101N10001O1O1O001O001O1O1O001O001O001O0010O00O2O2NSU_U1
20160828133734Ch_5,^k^T22mo11O1000000O10000O101N101O001N10000O2O0O3N2N1O1000O2O001O0000000O011O00\RNG`k19UTN5hk1JWTN;fk1EYTNf0]k1[OaTNi0[k1XOdTNk0POhNik1=UUNo0mNgNlk1<VUNn0lNgNnk1<TUNP1jNgNok1<VUNY1kj1iNiTN]OWOl1Pl1jNdTN_1]k1cN`TN]1ak1hNXTNY1kk1mNjSNT1[l1W12L4M4K5jL_SNe2Qm1M7H5PO_RNlNRn1P1RRNkNSn10hQN04OQRkg1
20160828133734Ch_6,jkfm22mo110100N101O2N010O1O1O001O1O1O01000000000O100O00001O00001O0100O1001N2O1N10O1O0O2O0O101O000010O0010000010OO11O0001O1O1N100O00O2N1O2M201N101N2O10O010O10O001NRS]m0
20160828133734Ch_7,enba1=bo12N1N2N1YNMbSN1`l16XSNHkl1;QSNERm1a0dRN@_m1d0VRNAom1T14M3N2M6J3N9E5L8F9H4MnQS]2
20160828133734Ch_8,h^[Q25io12N2N1N200O10O100O2O0O10001O0001O001O010O00010O0010O010O000000000001O000O2O000000O00100O1010O00001O000000O10001O00000000O1000O0100001O0O101O2M3M^cRj1
20160828133734Ch_9,^b]d17do16J7L3N2N3N3M2N3N3L3N1O0O10O1O0O2O0O2O1O2N1O1O1N101O0000001O001O1O1N2N1N3M2O1O10O010O02N3M2N4JZ]bX2
20160930165914Mh_1,_b^m05ko11N200O1O1O010O0010O01O10O010O0100O1O100O1O100O101O00O10000O1001O00001O0O2O6I10N2M4M2O1N200O10O100O1O010O10001O001N4kPNZOin1Q1N1OO1O1O1O1O1O1O1O0O2O1O2N1O1O1O1O10O010O1O1O1O101N2O1O1O1O001O0O2O0O2N2N3N2M2N1O1000O010O001O00010O00001O00001N10001O1O1O2O0O100O010O10O01001`QNPOmm1U1hQNROWn1\1O01O1N1O2M2O2M2O2N2N1O2N1O2N101N2O1O00100O010O10O2O0000O10O01O1O100O1O1O010O010001O1O3M0O2O001O7I4L2N1N1000O0O2O1O1N2O0O2O001O001O0010O01O00100O001O1O1O1O001O001N2O001N2O1N101O100O010O01000O010O10O2fPN]OTo1h0000O100O010000O010O10O1000O100O10000O101O0O101O0O2O000O2O1O2M2O1OO010O1O0O2N2M2N3M2O2N2N2N2N1O2O1N2O1O010O10O10000O10O01000O010O0100O001O010O000000010O00010O01O10O01O100O1O010O010O01O00100O001O1O100O101N4M2M2O0O00O2L3N2N2N2N200O101O00000001O00000O1000000001O0O10001O000O101O00000000001O000O2N2OcViZ2
20160930165914Mh_2,UinQ33lo12M3M3M4M2N101N10O01000O100O10000O101O01O01O000O101O000010O010O2O2M1O1O0000N2N201N110O10000000O101N100O1O0010O102N1O0O010O2O1N2OO10O002IYPN1mUii0
20160930165914Mh_3,iojP34lo11O1O1O010iPNM_n14_QNO`n12^QNNbn18WQNJhn18VQNIin19SQNJln1e0O2O01O01O0001O000000O01N1O010O2N2O1O1O1N3N1O1O1O3N3L3N1N3M3Nlo`l0
20160930165914Mh_4,b\ij03ko14O1N10O010O1O0010O01O0000000001O001O001O010O010O010O000010O000001O00O2O0000O1000O100000000000001O100O1O0010O001O0000000O2O0O1N3N1O1O2N1N2O1O1O100O100O10000000000000CjPNOgbPP3
20160930165914Mh_5,bh]Q22mo13M2N2O1N2O0O2O0O1O1O100O100001O00010O10O01001O000O101N2O0O010O01O001O00000010O00000010O0001O001O1O1O0010O0010O01O1O1O0O2O001O001N1000000O10000O0100000000000001O001O00O1000000O1000000O10001O0O2O1O2N2M3N001O0O10hVng1
20161015144954Bh_1,U_^Z23mo11N2O1O001O2N1O1O10O00001O1O0O2O001O0000000O01000000O1000O010O1O1O010O10000000000000O010O010O2N100O2O0O2O001O001O00000001O0O2O0O2O4Kk`[a1
20161015144954Bh_2,U_P`25ko10001O01O0O2O001O1O001O001O001O00000010O0001O0001O00000001O00001O00001O0001O000O10001O00000010O01O00001O0001O01O00001O001O0O101N101N10001O001O00]`][1
20161015144954Bh_3,ic^U13jo1?B4M1O100O100O100O2N100O2O01O010O0O2O001O000O101O1O1O0010O000000000000O2O001N2O001N101N101N101N2O1N2O1NQ\Wg2
20161015144954Bh_4,cePh07go13O1N101N200O1O010O1O1O1O1O10O101O001O1O001O0O101N2O0O10O010O1O01000O010000O010O01O1O100O100000O11N10001O1O00010O001O10O01O0kPN@in1a0SQNAnn1i001O0000O2O1O01O4SQNUO]n1X1O010O<C5PRNTNcm1W2M2O01O0000000lN]RNJcm13eRNH`m1E]RNC7f0`m1_OSSN>Yn1N3N2M3M2N3L4LnUoQ3
20161015144954Bh_5,^hdm24fo17J5N2O01O0O2OO1000000010O00010O01O0100O02O00000000O11O000001O010O100O10O10O10000O10O101O000O101O1O00O010O1O1O00100O101N10O1000O110O01O0O1000000000O001O3L6IoV]m0
20161015144954Bh_6,VkV]16^o1j0_O5L4J;G3D<I6L3O2M2N2NIgRNkMYm1b1RSN]NXm1_1f0M201O1O1O1M4M101O1A_QN_Obn1`0bQN\O^n1f0=00HnPNDRo1::1O0O2O101N1O2O1O001N101N1O2M2O01DWQNAin1=>01N10000O101N1O100O100O2O00O100010O01O010O1O100O01001O3L2O1N4L2N2O0O0100O001HnPN@So1=901N110O02O0O100O101O001O000O2OO02O0O2O1N4L3M010O0001J5N2O2N1N1010N1O2N2O2O0001O0010O010O10000002N103L1O1O01O0O2O2M4L4L5K8J2cQNfNmm1g12O01oQNZNdm1W2ZRNjMVm1h2I44IO00OO1000]N`SNDal12kSNKVl1EPSNGo0a0Rl1DcTNI[N4Sm10RUNKPk14^2O3MQUWX2
20161019133714Th_1,cc^^26ho1201N1O100O001O10O010O010O100O0100O00101N100000O100O10O0100000000O10000000000001O000000000000001O001O000000010O00000O10000O101N1N2O11O1O001O00010O001N101O00001O00001O00001O01O00000O10000O100000000000000001O0000001O0O100000000000001O01O010O010O001O1O001O01O01O0O01000000000O10O1000O010001O001O0O2O001O0O10001O0O2Na\gW1
20161019133714Th_2,[gVg13_14fl11bRNJI8cm11XRNHH872fm12VRNl0im1g0M4L5]RNhMRm1i2FWMUSNm2gl18N2N11N2M201N1000O010O1O001O1O1O2N1N3NROcSN[N\l1`1RTNYNlk1f1XTNYNek1g1_TNXN_k1h1cTNXN\k1g1fTNYNXk1h1jTNWNUk1h1mTNWNSk1i1mTNWNSk1h1PUNVNoj1j1VUNRNjj1k1\UNRNcj1m1aUNRN^j1l1eUNSNZj1m1hUNSNWj1l1kUNSNTj1m1mUNTNRj1l1oUNSNQj1l1QVNSNoi1m1RVNQNoi1o1P2100O10_OTRNnNlm1P1]RNiNbm1V1bRNhN^m1S1hRNlNXm1R1kRNlNUm1T1mRNkNSm1T1m0O0O2O1O1O10O01O1O1O100O010000000O0100000000O1000000O10001O001N10O010N1O2L4B>N2O1O1O1O10O02N1O101N2N_ZoQ2
20161019133714Th_3,kfXT24ko12O2N2N2N1O1O0O2O0O2O2N1O1O1O1O10O01O00001N100000001O0O2O1O1O100O1O000001O002M2O2M2O1O10O010O1O100O1O0001O0O10001N101N101N2O2M200O100O01000O0110O0O1000001O01O10O000O2O2N1N10O010O001N10001O000010O0001O0010O00100O100O10001O00000O203L<D00O2M2O1M4J=EQWoc1
20161019133714Th_4,dkRV33lo13O1O2M6K1N3N1N3N2N1N4kPN3Pn1o03M2M2N1O0\NkQN]1an1K3VOZQN4\o1M2N2N2N1O2N5L2MVRUh0
20161019133714Th_5,UlPf12mo16K4L2N2N2N4M0O2O0000O1O2O0O11O2O1N3OO000O2N1O1N1M3L4J7LnRUX2
20161019133714Th_6,fo`m053:So1<M3RRNVOdl1k0ZSN\O_l1f0`SN[O_l1f0`SN[O^l1h0_SNZO`l1T1RSNlNnl1V1nRNmNPm1V1kRNmNUm1P2O01^MjRNX2bm1M>C1N2N1O101N2N2O0O2O1UOdQNN]n1MiQN2Wn1KmQN2Uo1L3LQndP3
20161019133714Th_7,i[Sl24lo12N2N6J3M2N0100O1O1O10O0100O010O010O01O01O00010O00000000000O1O2O0O2N2N2N2N2Ngc^Q1
20161019133714Th_8,f_ck14ko11N3M2O001O1O2N101O1O00001O0000O10000O1O1M3N1O2O01O00100O1O1O1O2N1N20000000O10O10O100O1O100O10O01O0010O010O010O01O100O1O2NUa`P2
20161019133714Th_9,W`QP12lo14L3M3O1N2O1N100O1O100O1O001N2O0O10001N101N100001O1O1O1O001N101O001N1O1N3N0O3N10000000001O1N2NRanl2
20161020145454Bh_1,cc`k22lo13K5K4O2N1O1N2O000010O1O1O1O2O0O10000000001O00001O00O2O0O1N2O1O100010O01O10O010O1O0O2N1N3N100O101O00001O0O100O100O1000001O0001O000010O010O1O2Me\oo0
20161020145454Bh_2,ffTa24jo13N2N3M3M4L3M101O0001N1000000O2O0010O010O2O2N2M100O0O010N2N200O1000O100000001O001N2O1O0010O010O10O100O1O001O10O010O1000O10000O100000O010O2O0001O10O001O00O00100N200O10O11O010O00001O1O0001N2O1O0O100000000000000O010O10001O1O001002N000OO0101@kPN1Wo1KmPN3ao1O2N2N_VSW1
20161020145454Bh_3,]hXW379NPo1g0A[OWQNn0>RO]m1n1O1O2O0018UNTRNP1lm1fNiRNo0Vn1N3N6I100N4L2BePN3VUgg0
20161020145454Bh_4,R\Wb13lo13N1O01O01O010O1N10000000000000O110O01O0000000001O000O11N10000000O1000O100O100O100O10O1O10O0100O0100000O010O01O0O10001O000001O00001O01O010O00010O01O01O010O0O100O101O000O10O1O100O1O2O0O0010000000000000000O100O102LgeRW2
20161020145454Bh_5,X^[Z25jo13M2O1O2N0100O1O100O11O00001N010O1O01N1000001N01000O10O100O100O0100O01000O0100000O1000O01O010O01000O10O01000000O10O10O10000O100O10O101O000O10O1O2N101Njal`1
20161104133714Th_1,_`nV24ko11N3K4N2O1O1O10000O010O010O010OO2M3N10100O0100O10O10O1000O1000O0100O100000000000O1000O1000000000000000000000000000O1000000O02N100O10O01O10O010O10O010O010O01O10O100000O10O1000O1000O10O010N2M201O2N1O2O1N2O1O1O1O01O01O0100ZOkPN?]o1N1O2O0O20O0O2O0O2O001N2O00101O00O0001O2N01N2O2M2N2N1N2O1N3L]_W`1
20161104133714Th_2,_`Xf14ko13N1O0O2O10O01O001O1O1O1O1O2N10O1AbPN;co1N010O01O101O001N200N12N1O1O010O010O01O001gPNEOOJMbn1?bQNIM3`n15_QN:bn1b001XSNcNkj1h1fTN[NZk1f1YTNYNVO4al1e1fSNZNL;_l1\1aSN]NL:dl1e21M4SMTSNO2U2jl1gMYSN01Y24gMkl1LmRNX21QN]m1V21N1O1O1dN`RN7`m1FdRN8]m1]O_RNA7Q1\m1ZOoRNf0Qm1WOSSNg0ml1XOZSNc0fl1\ObSN<_l1BdSN<^l1_OeSN`0om1N3N3L3L5K_Z[U2
20161104133714Th_3,maPl27ho13M100O001N1O2N1K6O100O10O10O01O000000010O00100O001O1O2K4N3O0O1O2O0N3N2Nh^eQ1
20161104133714Th_4,ebRR28eo14M2O2O0O10000010O00100O2N100O010O0100O010O0100OWQNGlm18SRNKkm16TRNLkm13URNOjm11URN1im10WRN1hm1OWRN2hm1OWRN1im11URNOlm10URN0jm11URNOlm11SRN0mm10RRN0om1OQRN2om1NPRN3om1MPRN6om1JPRN8nm1HPRN;om1FnQN=Qn1DmQN>Qn1DnQN<Rn1FjQN=Tn1h001N101O2N1O101M3iNPNZTNQ2dk1QN[TNo1dk1SN\TNm1bk1VN\TNi1ek1ZNXTNf1gk1]NWTNb1jk1aNRTN]1Pl1fNnSNX1Tl1jNiSNV1Wl1mNgSNR1Zl1PObSNQ1_l1W1100O2O1N2N2I7M5M8G3N2N001O0O2WN\RNT1dm1jNbRNQ1`m1nNcRNo0]m1POgRNm0Zm1ROhRNl0Xm1TOjRNk0Vm1SOlRNl0Tm1TOmRNl0Sm1ROnRNo0Rn1O001O0010O011O2O2M010O01O1N2O0O2O01O2O0OO2O1N2O2M3N1N001O010O100O2OO100000010O000001O001O0O1000000001O1O0000O010O0100O02N100O100O1000000O1O1O001O010O100O10100O01N11N8HZYQc1
20161104133714Th_5,biVT32mo13M2N2N1O1O10O01O00001O0010O011N10010OePNERo1;kPNITo18hPNKXo1?OO2O001N101O010O01O010O10O011N1O1O1O100O1O1O100O100O100000O101M2O0O100O11N1LUVog0
20161104133714Th_6,hRSj25jo12O2jPNJ^n18UQNG05kn1i00O101O1O1O102N4L10jPN^Oln1k00O0O103M:F4K2O001O01oPNL\O0^n13URN8lm1HRRN9nm1NiQN1[n13]QNNgn1b06K3N1N2O2M2N2O1N3N001O1O1O1N3LcjRS1
20161104133714Th_7,RUa_14lo11N2O100O2O0000000O1000001OO010O1O010O1O010O010O10O01O000001O001O010O001000O010O00001O000000O10O100000000001O001O1O1O100O100O1000O2N10O0100O11N4M1N2OO00001O0010O011O3N<D0O00O1N2N5VOTjhZ2
20161104133714Th_8,X_cX24ho15N2N1O2N2O00010O0001O0000001N10001OO100000000000001O001O0O1000O010000O0100O100O100O2O000O0100O010O1O10O0100O00100000O10001O010O0001O0000001O02C_PN7go1M3N1Nj`db1
20161111133734Ch_1,P_hR12mo12O00001O0010O0001O011VPNLdo19O2N1N1hPNBnn1?PQNDmn1=RQNEln1>PQNFmn1g001N10000O100N2N200O1000000O10O0N3N0100OJ7O11N1O2M3GkNfQNV1Xn1oNcQNS1]n171O100O10000GbQNPO^n1n0gQNnNZn1Q1;00O1000O100O0010M2O2O010O0001O001O1NHXQN\Ogn1c0]QN\Oan1c0bQN\O^n1a0fQN]OZn1`0d0O10001O1GePNL]o11Pcmg2
20161111133734Ch_2,edbg02lo14L5L2M2O1N3M2O2M3N1N2O0OL5O00100N4M2O1O1O1O100O10001O0O1001O0O2O00000000O010010O01O100O006Il[_U3
20161111133734Ch_3,RmXS16fo15M4L:G1N2O0O1OASQNNln12\QNFdn1;`0O10000O1O001O01O00001N20000O2O0O1O2N1O10000001L3O1010O0010O0M3O110OO2O1O1O001O100O100O1000000O100O10O010O0M3O20O0100O010001NGePNO[o1OiPNOVo11kPN0To10mPNOSo10nPN0Qo11oPNOQo11oPNOPo12PQNNPo12QQNMnn14RQNKon15QQNKon15QQNJQo15oPNKQo15oPNJRo16<000001O00000010O00000000O1000000000O010O100O1O10000O101N1O1N2M4K4O10000O2O01O001ZOPQN:]o1N1O4M1N010O0100O01O1N101OUUkc2
20161116222134Lh_1,jYQh19eo12GGiPN;To18N2O11G9O11O01O010O001O001O0001N10001O0010O01O00001O001O0010O010O000O2N1O100O1000010O00000010O01O001O001O00O10O1000001O0O3L[hlS2
20161116222134Lh_2,X^kY11mo13N2N1O1N2N2N1J7OO101O100O10000O101N100N2O10O01O01O00100O10O010O1O0010O002N101N2O1O00O100O0100O10001N100O2O0O01OO1000O11O01O100O2N101N10000O100O100O2O0O10000000O100O001O00100O010001O0O0100O1N2O2N102M1001M2N2O1O1O1O010O1O001O00010O010O01O010O1O001O1O01N1O101O0O20O010O1O100O1000O101O0000O100O01000O01000O010000O100O100O100O11O001O000O10O010O010O1000001O00000000000000000000000000001O0001O0O10O10O10O01000O001O00010O00100O1000001N101O001NUd^X2
20161116222134Lh_3,_^YS15ko11O101N101N3M1O1O10O01O01O100O1O10O010O1O0010O01O01000O0100O10O10O00001O0010O01O1O001O1O10O01O00001O001O2Lg`Zi2
20161116222134Lh_4,]e[]11no11G2`PNO_o13]PNObo19O001O1O0010O01O010O001O001O001O0010O010O100O2O0O100O100O010O01O0O2O0O2O00DiPN0Uo1OoPNOQo10QQN0nn1OTQN0ln1OVQN1in1NYQN1\o10O010O0010O01O00001O001O0O2O001N100O2O001O001O001N10001O001O00010O001N101N10010O02O0O1O10O0100O0010O00001O001N10001N1010O00100O00100O0010O0010O0001N100O2O0O1010O0001O_OQQN1on1MUQN1jn1OYQN0fn1O\QN0dn1O^QN0bn1O`QN1_n1NcQN1]n1NdQN2]n1LeQN4So101O010O0001O0O101N100O101O000010O00100O1O1O100O1O2O1N1O0010O00010O01O00]XfW2
20161219133734Ch_1,jgZd02lo12N3M3L5L5K5K3L51O04K1N=D2QRN`NXm1U20O02O6I2OaMbRN\2bm10N2O7H1N110O`MnRNK4l1ml1VNeSNf1Yl1WNkSNj1Um11O4L1O1O2O02OO3\RNiMVm1X2eRNmMZm1^2O`MeRN[2am10O2N00O010WNlRNd0Tm1ZOQSN_ODk0[m1C`SN;bl1^OdSNb0nm1O1N2OO01O001O004L3]OdPN<bo1N10O010O1O001O010O000001N201N010O010O001O010O001O001N2O001O001O2NZSmU3
20161219133734Ch_2,lmTi03lo13O0O2N1O1N2O0O1011N1O10O010O2O1N01O001O010O02N2N1O1O001O00001O0010O01O1O1O1O1O001OBlPN0So1OQQN0nn1NUQN1kn1MXQN3gn1MZQN3en1L\QN4cn1M^QN3bn1L_QN3an1L`QN5_n1KbQN4^n1LcQN4]n1KcQN6To10O10O000000O2O00001O01O0010O0100O001O0O010O2M2NQQoQ3
20161219133734Ch_3,]eSi13lo12N3M3M2O0O2O0O101O00100O0001O001O0001O0O2O01O01N100O1O2N10000100O1O1O010O10O010O1O1O1O1O2N1N2O0010O1O100O1O002N3M2O0O1O1O101N1O1N101O00010O00O010O0100O2O01O000001O00001N10000O010000O0100O100O101O000000O1000001O000010O010O1O3MiYho1
20161231223534Lh_1,WdfS36io14L2N3O00O10001N1001N3N1O1O0000O1O2N0O2O0000O10001O0001O00100O10000O010O10O100O100O1O1O1O001O1O000000000001O00000000001O001O010O01O1O10O10O01N1010O011N10O100O1O1O1O1O010O10O10O0100O1O1O2O0O1O10001N2ePN_OTo1j0L10000O11010030L0O00001N2N2N2N1O100O100O100000O100N2O0N3J500002M3L201N2O00100O1O001O01O000000010O02O0O100O1O001O001O000000001O000O2O000000001O00000010O01O2NcXSa0
20161231223534Lh_2,SeVW2670Uo1`0M2M3N2N2O000000000000001O010O01100O2M2O00O4L2N2M2O1N1010O01O00O10O01N102N102O1N10O2N100O1O001N1N200O110O02O104L01M2O2K`0^OfYmd1
20161231223534Lh_3,b`gQ33ko13M2N2G9M3N1O2O1O2N00100O0O2L5L3N3L3EdNmQNa1Qn170O2N3N1O010O0100N2O1O1OnNPRN6Pn1HTRNAHO24Rn16\RNDM4gm16QSNGPm19[101L3O10O10010O02O002MbaXk0
20161231223534Lh_4,k_Qa22no11N2O00000O010O010000000O2O0O100O2HIcPN9\o1601O00O1000010O2O000O1010O1N100O2O1N100O1O00J6N200O1001O0001O00000000000000000O100O0100O2O0O2O1O1O10O10O10O0HfPNJ[o13:O1O2MV`RZ1
20170129133714Th_1,fePk26<Nmn19jPNLRo1d0L3N3N10ROWQNe0To1O0O10N101O2N5K6TQNlN^n1_1M4L17H2N2O010A]QN\Ogn19aQN]OH6mn13dQNJ`n10]Y[S1
20170129133714Th_2,^kPX33lo12N2N101N100O101N1O1O1O2N100O2N1O101N1O2O001N110O01O010O01O010O0010O4M6I2N001O1O9G2NSTYe0
20170129133714Th_3,cTk^22lo16K5L2N1O1O00001N101N100O1O100O1O1N2M1O3POUOiRNl0Vm1XOhRNg0Wm1@bRNa0^m1o0010N2N2I8N1M4N2N1O2O1L4N2O1GXQNXOjn1e0;M3M3CcPN4go1Mol\^1
20170129133714Th_4,iVkQ34ko13N1O2N2N2N2N2N3N0O100O1O0O10001O000001O100O1O1O001N101O000O2O001N4Mkhnk0
20170313145450Bh_1,caPd22lo16L2N2O0O1O10O0100000000000O1000ePNHnn17PQNL<Lkm1:eQNM?Jlm1g0SRNZOnm1d0RRN]Onm1d0QRN\Oom1e0oQN]OQn1b0nQN_ORn1b0lQN_OUn1`0iQNBXn1=gQND[n1CeQN?L0jn1c01N2N2O1N100O1O100O101N2O001N101N001O010O10O11O01O1000000O1O101N4M1N3M1O1VQNUO?MUm1n0XRNZO6GG<im1R1\RNTOm1GYi1P2bVNXNYi1i1]VNaNai1a1]UNYNB`0nj1Y1\UNF`j1>ZUNEfj1l2O001OTKVUNa4lj1YKYUNf4Qk11N1101cNnTNjMZk1WOgTNDLb16_N=j0oj1WOnTNV1i0BSk17SUNGQk12TUNLnj10ZUNIlj12VUNCQNOQm16g2IhX]V1
20170313145450Bh_2,Snlm17ao1:K6L5K3UQNSO_n1Y1N1O100iQNfNgm1Z1VRNiNjm1X1RRNkNnm1c111O5J3N1O4K2O05J2O1O5K5K1N10O100O1O1O100O2M2O100O0101O6J1N202N00O102M2N4L1O3M2N1N3NaNcRN`0Wm1]OmRNf0nl1SOZSNP1cl1lNaSNU1^l1hNeSNX1Zl1gNiSNY1Vl1fNmSNX1Sl1fNQTNX1Pl1fNTTNW1\m1O4K5K3M3M3M2O1N101N10000O2O0000O10O100O100O0010O010O0010O10O100O010N10O010000001O001O0O2O0001N1001O010O0100O00000000O1010O0001O0000001O001O001O00000O101O0O2OjlXi1
20170313145450Bh_3,jYSe24ko13M3N0O10000O01O10O010O010O010O1O010O1O1000O010O1O1O010O100O10O010O10O100O010O01O010O1O10O10OO2O01O0010O010O010O1O2N1OPgTW1
20170326133730Ch_1,U[^a27\o1KoPN6Po1LmPN5So1MkPN4To1NhPN4Yo1:01O0O100O2N2N2M3N2N1N2O010O00VOXQNK00OOkn13o0KQeS]1
20170326133730Ch_2,\d^]23ho16VO2^QN0_n15]QNM`n1l0L3O3Ma0eQNQNdm1W2NZN]RNQ1bm1lNdRNS1Zm1jNSSNm02nNjk11[TNQ1GQOmk1L`TNMRO20f01ZO08\l1GYUNm0WN_O_n1P12N3K6L3L3O1N3N5K1N2O0O1O2O1N2O001O1O1OO10O11O4K10O1O1N1O2O0O20O010O0100O10O010O010O010O10O0000O100O10O101N4LUYU^1
20170326133730Ch_3,^TQX32mo12O2N2N1N3N3M1N1000001O002OO00001O0O2N001O01O0O1L5N1001O1O001OK^OlPNc0So1501N1O0BZOcQNe0`n1^O[QNa0in193N1O1O1O1O0O2O1N1M4N1O00100O10O2O0O2N2N11O2N3N2M1O2N1O1O001O1O2N2MYm\c0
20170326133730Ch_4,\VWg12lo14M1O001O2M2N3N2M2N1010N200N3OO01O00O1O1100O10001O0O1000010O01O001O001N101N2N1O1O100O10N2N20O0101O001O000O0100O1O101N1O2O1N2OO100O3N1N101N1000000@fPN:bo1N1O001O001O010O000000000000001O0001OO10O01O00001O1O1OUj^R2
20170328014950Uh_1,f_h]23mo11O001O0O101M2O2N2M4L4M3N2N3M3M1O1O0000O10000O2O1N2O2O0O2O0001O5LO001N2L3O0O20O011hPN\OQo1j0000O101O00O100N2O2NTOUQNd0Uo1O1N2O0O10O10O10O010O010001000O00000O200O3NO1O0O10000O110O001O00001N100O11O010O1O00000000O010100O1O1O103M4MO0O00000O11O1000O01O100000N2N1N1N3N101N110O10001O001O0O10O01000O01O2OO01O001O1O2MR\QY1
20170328014950Uh_2,fSc_23lo12O00100O001O1O1O000001O01O001O001O001O00000O10O1000O100N2O001O01O1O1N200O100000O010O10O01000O0100O1O1O100000O1O1O1O10O010O010O010O01O10O01O100O100000001N2Nkl^[1
20170329014850Uh_1,U^Tg21ko16N2M2O1O010001O1OO100O2N2O2N1N3fPN_OPo1i0001O000O2O1O2O1N10RQN]O\n1d0_QN@bn1a0XQNBin1k01N1O2N;E2M101O0010O010O100O2O0O2O7I01N2O2M2O00100O01O2N010OO10000000001O10O00O101N2OO100O2N3M0O11O001O001O010O100000000O11O1O0001O1O1O1O1N10000001O0010000O00001O0010O00100O10O00000010002M1O1O1N101O3M1O000001O1O1ZOlPN>To1^OPQNg0So11N01O0O101N1O2N1O001O001N10000000001O0010O010O101O02M2O1OO02O0O100O1O2N1Na[om0
20170329014850Uh_2,RaTR15jo11O1AJTQN6in10SQN1ln11RQNOmn15oPNMon1a0K5201N4M2N001O0O010O000O2N101N3H7N2O2N2Ni_Sl2
20170329014850Uh_3,PTck23mo10O2O0O1O1O1O1O10O1000010O0001O001O1O0010O00000000000000O101O000000001O00001O001O0O1000O10O1000000O10O01O1O000010O010O1O0O2N10O100001O001N101O001O1O001O0O2O0O10O1001O1O001O1N3Noljn0
20170330133710Th_1,T`^c14ko12N3jPNM[n14aQN0^n12^QN0bn1f0100O11N100O1N1OK[QNROan1Q1710O10000O2B=^OhPN:bo1L3JU`Q[2
20170330133710Th_2,hbjm14ko13N00001O010O2N2O00O010O0010O01O01O0000010O0010O00010O01O1O00000000001N1010O01O01O001O1O001O001O000010O00001O001O1O2ePNFmn1;nPNKon1d0010O001O0010O1O0017H1N2N1O2K6Jm[]m1
20170414151450Bh_1,Y\b_14jo13N1O2N1N2N2N3N11N1N2N3N001O0O20OO101O010O0100O100O100001O01O0000001O00001O00000000000O10O01O1O1O1O2N1O101O001N100001O000O1O100O101O0O101O0O2O0O2O001N101N101O001O10O01N2O001NUdmZ2
20170414151450Bh_2,hihg13ko13N1N2N2O100O1O001N100O1O100O1O1O2N1O2O1O010O01O000KkPN_OWo1?6O001OKBhPN>Vo16100000100O8H5K^WgU2
20170414151450Bh_3,ibaV21ko1<G2N3N1O01O2O1N1O010O0101N2N3N0O0001O001O001O00001O01O01O0000000000000000O1001O00000001O0O2O1O1O001O0000000O2O0O1N2O2N1O2O0020O1O1N0100O010006K00O0O100O1001N3N2M2N2O1N10O10@dPN:co1O0O100O001O1O001O0O2O2Mc[Vc1
20170414151450Bh_4,hcaX13lo12O0O2N10001O0000000010O000010O0000001O000O101N101N110O1O010O01O1O001O00001O00100O10O011N100O10O000010O011N100O010O00010O002`PN@\o1d0N2N0O2O1N2O0O2O0001O0O1O1M4M2O2O0O2O10O0100001O3M00000O01O001O00001O000010O000100O001O100O2N100O001O01O00000010OO100O100O10000000001O010O1O001O00000000O100O2O000O2O01N101N1N3N101O010O010O101O7H02O3L2N1O1O1O1O2O1N1O1O001O01O00001O0O2O1N101N1O1N1010O010O1000O100O10000000000000000010O001O1O1O1O1O1O001O1O001O1O1O1O001O001O00000000001O00000000000O1000O1000O10001N100000O01O01O00O0002N10100O100000000000O1O2N1O1N2O1OgZbV2
20170516134450Bh_1,Zbdo15jo12O1N101N1O2O001O2N100O10O010O01O1O1O100001O1O000O10O0101O01O0100000O102N10O0O3M3K4M3K]\cm1
20170516134450Bh_2,_dbR31mo13N2N2N1O2M2G9M02O10001O1O1O1O1O101N10000001O0000O1O100O10O100000O2O2M2N2NT\Qk0
20170516134450Bh_3,`ebP23lo11N2N1O2M3O0O200O100O1N3K4N3O0O2O2M2O100O10O1POTQNk0Ro1^OmPN3Uo1IoPN4`o1N3M^Zem1
20170516134450Bh_4,d_k\13lo13M1N3K4O000100O0100O1000O101O001O0O10O10O100O10O100O100O1N2K5O10000100O001N101O0000000000001OO1000O010O2O01O0000000000O1O1O1N2O1N2O2N1O1O101Nm`d^2
20170626133730Ch_1,eTYh12lo14F8N2O1O01O0O1000O1N2M3O1^OAcQNa0Un1YOfQN:1>Vn1j0N2O1O1O1001N100O01fNeNmSN^1Rl1iN_SN`1al1o01WOXSNYNil1c1dSNSN]l1i1iSNTNYl1h1kSNVNWl1g1T1M5fNcQNO0=[o1L4K3M2N2N1O2N2MemnT2
20170902231930Lh_1,oe\U17fo15L2N3M3M3N2N3M3L3O1N001OO2N1O2]ORQN2Po1LTQN0nn1NTQN2mn1KVQN3\o101O001O1N3MoYoh2
20170902231930Lh_2,_PWg15Po11cQN2[n11^QN4an1OYQN5en1b01OlNUOVSNk0jl1VOUSNj0kl1WOTSNi0ll1XOTSNf0nl1ZOQSNf0Pm1ZOPSNd0Rm1[OoRNa0Tm1AjRN=Ym1BhRN<Zm1DeRN<\m1DbRN=_m1C_RN=bm1D\RN<fm1CYRN=hm1DURN>km1BRRNa0mm1BPRN>Rn1BkQN`0Un1CfQN>\n1a0101N1O0M30O2FiNkQNW1Un182O1O2O00O1L4O1O00L4010001O2O5J4M2TOYQN;hn1B\QN;en1C^QN<cn1B_QN<dn1@^QN`0Ro1N1O2N3N2MXRQU2
20170902231930Lh_3,PbQZ12ko15M1bPNLnn17PQNLln18PQNKnn1d0O2N10000O010O2M2O2M2O2N1N2M3N200O11O1O5kN^QNb0dn1ZO`QNe0on1N10O100O001N101O1O0000O2O001O1O1O101N2N3N1N100O10O010O001N10000O10001O001O2O1N4M1OO1O101N1O1O001O00001GjPNFVo18nPNERo19SQNEmn19?OO010000000010O1O2MU]V`2
20170926225530Lh_1,ellg05ho14M2mPNJZn19dQNIZn18dQNKZn18[QN1cn1g0O1O10OO2O001O0O3M2O3L3N1O2M2N4L7H;E5K5LPOUSNPOil19XSNYO3<cl1;^SNUO1`0_l11[SNYO813b0Xl15bSNSOW1<Uk1c0ZUNYOdj1i0`UNSO_j1o0V21O2O1O1N2N1M30L5O10O10O0000010D_QNZO`n1f0eQNVOZn1i0?O00100O100O1IoPN@Qo1?9N101O1M4KkVQT3
20170926225530Lh_2,eRgg04ko14L8H3L3G8002M3M3M2N101N100O2N1N2O2O0O20O0010O10O100O100000000O0101N01000O10O010O01O010O00001O0000001O010O0010O01O010O01O01O01O001O0010O01O10O0100O011O001O1N20O000001O0001N0110N10001O1O01O002M9FbkTR3
20171018223630Lh_1,S]X\18eo16J4M4L3N3N2N2N:E2O1O00O10000UO_QN7an1AiQN=Xn1@lQN>Tn1APRN<Pn1DRRN:nm1ETRN:lm1FVRN8jm1HWRN7im1JWRN5im1KXRN4gm1MZRN2fm1OZRN0em11[RNOdm12]RNLcm15_RNHam19R11O2O0O100000O10000O100O1N2O2N2N1O_cg`2
20171018223630Lh_2,[ff_14io15M2M3M4J6M2O1O1O010000001:E100O0O10O10O10000O10O1000001N101N10O001O1O10O010O200O12N00O001O01O010O010O0O11O0O2OO001O00010O10O01000O2O0O1O10001O0O100001O100O0010O0001O001O1O10000O0000O2O0O100O01O010O10O2O2M100O10001N200N10O1O001O000O2O000O2N1O100O2N100O20O0010O0100O2O1N1O000000O2O0N2O1O101N1010O00100O1O100O2N101O2N2M2O2N2N0001O2N5L4MOO0001O101N10O01O00001O6J101N2N2N4K4M4L2N6J4L3L2O0OcNXRNb0im1SOlRNc0bn1F:F2O0O1101O1N1N1000O010O00001O001O001O1O10O0100O1O2MUR]R2
20171018223630Lh_3,UhRl23ko17J2N1O0100O10O010O100O1O2N1O1O2O0O2O002O:G2nQNPOol1P1_RNROK1gm1o0XRNAhm1\1O010OTNXRN`1Wn1N3L3O0O10aQNjNSn1a13L:F5K:E3N2N1N5K3K4M3LjUQQ1
20171018223630Lh_4,ZXmb15io13M2N2N2O1O100O1000O01000O1O010O001O00010O0100O10O01O1N1O2O001N1O2N3M2O1000DPQNHQo15SQNCTo1;:N3M2NdhZZ2
20171021223430Lh_1,d]\T21do1`0I5L3M1O2N1O1O2N1N3N3M3L8I6K0O1O01O1YOjQNBWn1=mQN_OUn1?oQN^ORn1`0URNYOnm1d0h0N2O1O010O010O1000000010O001N2O1N2N2O0O2OO10O010O2O0O3N2O0O1O001O\OZQNOen1KcQN3]n1KhQN2Xn1MlQN0Sn11SRNGom18n0O00001OO1000O1000000000O101O00001O0O101N1O10O01O00000001O10OO2O1O1O010O101N10001N101O000001N100O2O0O1O100000O1000O100O1O1O2O000001O2O0O0100O1O001O000O2O0N3O1O01O0O2N1N200O1O100O1O0010O001O1000000000N3N2N2N2NmcWa1
20171021223430Lh_2,Qdh_25io14K4N2N2O0010OO100O100O2O0O2O2M2O1N2O2M101N1001N2O2O1N2O1O0100O000O02O0O1000TQN]OZn1d0`QNA`n1o01O1O001O0O2O100O20O11O0O00O01O101N11O2N0000O1O2N2M2O010O02O1N2O10004L0N10001=C0O1O001O10100N2O1N100O1N2O0O100O1001O0001N1N200O2O01O000O10000001N2N1O001O1O2OO010O2VPNNco19N2O1N2O0O1O010O001O2N2N100OO10100O1001O0000000O101N3M2N4L10001O000000O0O2N1N2N2N2N10100O11O00100O001O000010O0000000O1000O010N2M4L301006J1O01O1O1N2O0O101N2O1M1HkNeQNU1Zn1oNaQNS1_n180O101O1O1N1O2N2N2O1N2N1O1O1N4M3M2N100O010O11O1O100O100O1O1O00O100000O2O1N2O5J10O5K2O1N3N6K00mPNCan1=ZQNIfn1l0M0OO1O1O3K4K4M4J5M3O1N4M2N2O1N02WPNKdo180000O10O2O2LZTon0
20171021223430Lh_3,Q^kl05jo14M1N100O001O1N200O0101O010O00O2O0O1N2N2O1000O0010O001001O2M3N1N1O2N010O01O010O00001OO1000000000010O0010O010O010O1O01O010O1O2O0O001O00010O00000010O01O01O0100O0100O001OO2N2N3MXcdm2
20171021223430Lh_4,SdW\16io12N1O10001O00100001O010N010O0001O000O100O100O1O100O2O0O2O001O0001O001O001O00001O013L2N1O1O0010O010O0000001O001O001O000O11M200O10010O010O01N2O0O3cPNCRo1h0N1O0O100O1O101O0O100N3N1N3N1O1N3HeNfQN^1Wn17001nNfQN<\n1@hQN>]n1[OeQNe0ln10N102N2N1O1O01N3N1N3N2OO010O001O001O001O2N1O1O001O1O100O0001O001N102N2N:F2OO01O0O1O2M2LfZP[2
20171027150050Bh_1,b]dZ18fo13N2N101N10O1001N102M2N2N100O1000001O0O2O000O01O0O2N2N1O2N2O001O1O1O1N3N101N101N2O1N2Nhbcb2
20171027150050Bh_2,aaZn13mo11O1O2O2M2N100O2O1N1O01N1O100O10001O010O010O010000000000O10O010O010O010O1000O100O101N2O:E10O001O001O1O1O1O1O2N1N2O0O2N101N1O1O1O100O3L]]]m1
20171027150050Bh_3,RdXS24ko12O1N2O1O1O2O2N001N2O2[QNAem1?XRNCim1<TRNFmm1:PRNJPn16lQNNSn13iQN1Un1n00O2N1O2N2N1O100O1001[QNmNYn1]11N2M3M4L3M4L3N3YOSQN6^o1M5JZZYj1
20171027150050Bh_4,TWSf12lo14M2N1O1O1O100O2O001N2O1N100O1O0010O01000O0LgPNBZo1<51O010O1O100O010O1O1O10O01O010O010O100O01O001N10000010O01O001O1N1O2O0010O00100O010O010O100O100O010O01O00000001O01O01O00100O2O001O0O1000000O10O010O102M5L2N001O0000000000O1000000O10O1000000O0100O01O10O01O1O010O0100O1000O10O100O1000000O0100O100O1000000000O10O01O1O1O1O010O100O010O01O1O2N1O100O1O100O10O100000000000010O0001O0O100O2O1NljRn1
20171027150050Bh_5,ZVeW24lo13N3L2O0O010O10O1O001O010O01O010O10O0100O010O100001O000000O2O00O1000000O2OO100O2N2N2O1O0001O1O0O1000O10O02O01O1O1O0O11N11O00010O0O1O1O001O01O001O001O0010000000O2O0O01000O1000O10010OO100000000O100O100O1000O10O1O010O10O10O02N100O01O1O1N3Mifl`1
20171027150050Bh_6,c]im21no12O1N1010O02N7I2M2O1M3J6K401N2O00001O0001O001N101OO01O0O00002N110O10O010O01CUQNDkn1:>O11O001O1O0100O1N2O2N2N3M2NTcjn0
20171027150050Bh_7,ofen18go14K2O2O1N2OO010O01ADYQN<en1IWQN8hn1a00O000N2N3N2N2N3M7G6FoYlo1
20171029171010Mh_1,U^XR15jo13O1N4M0O1000O101N20O1O4K5L0O101O2N3M1O2N7I1O0000O1O001O0001O010O1O010000O100O0100O1O1N2O1O1010O101N100O001O0000O010O001N10nNZQN01b0dn1\O_QNN2d0in1[O[QNc0Ro1O0000002N1N101O0O2O1O1O0O10001O1N1O2Ng^_h2
20171029171010Mh_2,jaPc26io1:G5J4L4M1O000001L2O2O0O1O2N2O2O0O11O001O0O1DCUQN=jn1FRQN;on1;100O1100N3N00O001N2M2N3M2N110O01O1001O1O001OO2O0O2N1O200O10O100O1N101N101O01O002N3M2O0O2N101N1O1O01O0010O01O01O0O20O01O10O010O001N2O010O02M5L1O01N3N2L4M2N2N1O2O0O0101O011O00010O00103L<EO2O01O0N101mQNhNZm1[1cRNgN\m1Z1aRNhN^m1Z1`RNgN`m1Y1_RNiN`m1W1`RNjN^m1X1`RNhNam1X1^RNiNcm1V1[RNkNfm1T1ZRNmNfm1T1VRNnNjm1e1000O101N1010O1001N1O0O001J6J6M3O1N2O001N100O2N101N110O0101O1N4N1O0;dNWQNi0Qo1N1M4H6N3M3O1N110O0101N2OO012LjZ_Q1
20171029171010Mh_3,bbTW1142do1700O00010O2N1O1O1O1O1O1O0O100N2O001O100O10O102O1N2O2OO001O000O100000O0110OO001O1N1O2N2N2O1N3N2MW[ie2
20171029171010Mh_4,Rl^Z22no11N101O000010O00000001O00000000000010O01O001O010O1O1000001O1O000001O000000001N100O100O0100O010O010O1O0010O01O01O001O000010O01O0010O0000000001O001O1N2NmRi`1
20171029171010Mh_5,SWi`23lo1100O10O0100O1000O01000O10O1000O01000O010O001O0001O001O0JM_PN5ao14100O1000000O0100O001O100O00100O0010O01O010O001O01N1O2O01O001O01O000O100O100001O01O00010N101O001O001O001O100O2NbjjY1
20171029171010Mh_6,gei^23lo13M3N3K5L5K5L2M4QQNVOan1V1O1N2O1N2O1O0O101N10O0O1iNlQNb0Un1]OSRN<nm1CURN9mm1FTRN8nm1GTRN7nm1GSRN9nm1CVRN:in1O1N3GPZX_1
20171107222630Lh_1,RePU1330bo1>G6fPN\OPo1m0M2N100000O2M3L4J7L3O1N20O01O1O10O011N101N2N100O1O011O0O2O3L2N3L4M1O1O1O2M3N7H4M1O001_RN\Ndl1e1YSN]Ngl1d1USN_Nkl1c1QSN_Nol1d1mRN\NTm1h1fRNYN[m1<fRNm0[m1fNaRNO9X1Xm1fNcRNN98Dc0`n1ZOdQNc0]n1]OeQNa0\n1]OgQN`0[n1_OgQN`0Xn1@iQN?Xn1@iQN`0Wn1_OkQN`0Un1^OmQNb0hn1101N2M4M2M3MYOYQN;cn1CaQN<^n1BdQN?[n1_OhQNb0ln1O10O0O010O1O11ZOjPN?]o1N100O2O0O1O2N3KbW_e2
20171107222630Lh_2,]iRo16]o1LkPN7To1;000O2O1O10O010O010O100002M2OO01O010O001O001O00000000001O01O010O0010O0010O01O000001N101O2N6J00O2N2N2N2O1N1010O0O2O2N1000O1N101N10O1000000001O001O00O2O0O1000000000O11O00000000000O100O2N1O2O0O2O1O1O1O2O4K01O001M3N2M3M3N2O0O20O0O2O01O000001N101N3N0100000O10O010O000O1O1O100O1001O010O10O01O0000000010O0010OO2O0O100O10O0100000001O0000000000010O0010O001O001O1N101O002N2M3N000000O2O0O1N3I6N2O2M2O101N1O2O1NdUYd1
20171107222630Lh_3,fj^\15ho17J5L4M2N1O000O2O002N2N2O1O1O1N3bQNnNim1R1SRNSOjm1o0RRNVOlm1l0PRNWOnm1`1MjNTRN;km1CYRN=em1C]RN=bm1AaRN?fm1YOZRNi0fm1TO\RNLEe0Pn1^OiRN?Wm1_OnRN=Sm1AoRN?Pm1@RSN>ol1@TSN`0Wn1N101O0O1O6J2N2NoRQa2
20171107222630Lh_4,Sof_11mo14L200N1O2N2N1O1O1O2O001O0000000B@]QN`0bn1C\QN<dn1F[QN8gn1IYQN5hn1MUQN3mn1MRQN2Po10lPN1To1=100O0BkPN3Uo1KoPN2Qo1OoPNORo11?0O1O1O1O0001O0O1N2O2O2LhRc]2
20171108222430Lh_1,Ten_15Xo12SQN1jn11SQN4hn1NVQN6fn1NUQN7hn1b0M3N1O100O10O10O10cNeQNU1en1N2N1O1O1O1O10O01O010O001O1O2N2N1O101N100O100100O2N2N00O1O1N3O0O101000O01O01O001N2O1N2O1N2N3N1O12NoPNXOjn1o03L1O1O0O2001N2N00O0100O1001O002O4J2O0O012M3N1O0001O1O1O3M01N1O2M2N2N2N1N3O0O2O1O2MlW]Y2
20171108222430Lh_2,^j\a26ho15@HPQN;ln1KoPN7Po1>OO0O2N2N2O1O1N2O1N3M2O100O010O101O01O010O000001N100000001O0001O00000O10000O10000O1000000000O1N2O100O1000001OO101O0000O101O001N0100O100O100000001O01O01O000O2O0O1O2M2O1O1O01O0001O01000000CcPN7^o1FfPN8bo100O1O100O10O01N3MPVkW1
20171108222430Lh_3,VbkT14jo15L3M2M3N1N2O1001O1N101N10000O01001O00O100O1O1000O100N2O100O1O10O0100O1000O010O010O00100O1O1O1O1O001O1O2N1O0O2O0101N2O10O010O001O1N100J\OnPNe0So143M2N100O1O2N1O2N1O2EbPNOh]Vf2
20171122022450Uh_1,i^\Q11no11O2O1N2N1O2N1O1O10010O00001O002O1N100O010O0001O010O001O0000001O00000O2O0O1O100O101O100O1O1O1NQack2
20171122022450Uh_2,kgba13jo15M2N101O0O1000000O010O010O100O100O1O1O10O10000O10001O000O1000O0100O1O1O2N1N3N00100O10aXe[2
20171122022450Uh_3,nWSl01ko15M2N3K4N3M3\QN^Ogm1e0nQNFnm1=oQNIhm1=URN1^m12^RN6\m1Y1M2N2N1N2N2O2M2O2M4L5L2M4K5M3N2N2O0O2N2N2M3N2[TNPLUk1c4J3M2N3N2M^LYUN^N1_3_j1SNjUNl1Rj1UN[VN`1bi1aNbVN^1[i1cNgVN]1Wi1bNlVN_1Pi1bNRWNBZO8_i15[WN\O_O?Qi14eWNnNLi0\h19nWNfNMP1Rh1[O_VN8_3<Pf1ZOgVN6\3`0je1YOnVN4[3b0ee1XOUWN4X3c0ae1XO_WNNR3j0^e1WOcWNLR3m0Xe1XOhWNGT3Q1Re1WOmWNET3T1ld1XOY\Nj0dc1VO]\NIiJf0gh1Ab\NElJj0_h1Be\NBoJl0[h1AU]N`0ib1_O[]N>fb1A_]N;`b1Fb]N8^b1Ge]N8Zb1Hg]N7Yb1Hh]N9Vb1Hk]N8Tb1Gm]N:Qb1FQ^N:na1ET^N;ka1DV^N<ia1EX^N;ga1D[^N<da1E\^N;ba1F`^N9_a1Ha^N8^a1Hd^N7[a1Ig^N6Xa1Jj^N5Ua1Lk^N4Ta1Lm^N4Ra1Lo^N3Qa1LP_N5o`1KR_N4n`1LR_N4n`1LR_N4n`1LS_N4l`1LT_N4m`1KT_N4l`1LT_N4l`1MT_N2l`1NT_N3l`1MS_N3m`1NS_N1n`1NR_N2n`1OQ_N1o`1OR_N0n`10S_NOm`11S_NOm`11T_NNl`12T_NNk`12V_NNj`11W_NOh`12X_NNg`12Z_NNe`13[_NLf`13Z_NNe`13[_NLf`13[_NLf`14Z_NKg`15Y_NJh`16X_NIi`16Y_NHh`18`700000000O010O10O010O10O01O001O0001O00010O010O010O010O001O0O2O0010O001O001O1O1O2N1O1O1N2N2O1O1O0100O010O10O010O010B[O`QNf0_n1[OaQNd0`n1]O^QNc0bn1^O^QNb0bn1^O]QN9JD01jn13[QN6on1KPQN5Qo1MkPN4Vo1:100O1O1O10O010O1O010O010O00001O01O001N1M4N1O2O01O01O01O01O00010O010O001O1N10100O010000O010O100O01000000000000O100000000000O10000O100O10000000000O101O00001O0O10000O10000O100O100O0100O100O1O2O0O2M201N100010O01O0000010O000010O01O01O0010O01O010O1O100O1O1O001O000100O2O00000O100O0010O010O1O010O1O10O10O010O001O010O100O100O001O1N110O11N4M2O0O0001N2O1hPNAkn1a0QQNCnn1h0O0010O1O1O1O1O1N2O001O1O1O1O1O1O100O100000000O1001O0O2O000O2O0O1O1O2O1N2O101N1O1N2O1O0O10000105K00O00O011O01N101O2N0O2O1000nNUQNn0Wo1H5K3M0002M3NO1N1O1O1O1N2O10O01O010O100O010O10O010O1O1O010N101O0O2O1N101N1OO10001O2O1N101O001O00001N101M3L^h^V2
20171122022450Uh_4,V\SY21no11O1O01000O100O0010O010O01O00100O0010O010O01O0010O010O010O0100000O10O1000O10O10O10O10O100000O1000O01000O10O2O0O2O0000000001N100O100O10000O10O01O1OedXb1
20180507140210Th_1,Rh`j01mo15K4L4M3M3O2M3M2O1N2N2O2N21N2O011M1O1O0N2O1N3N2O2OO0O3M10O000001O00O1O3M6J4IVVQS3
20180726232450Bh_1,eaXQ13lo11N2M3N201N1O010000O100O10000000O01000000O1N2O010O01O1N2N3N1O2O1O010O1O010O01O0O1O2O0O100001O001O1O1O1O1O1O1O1O1O0O10O010O100O2N1O1N20O0100O010N10010O010OO1N3O000O1O2O001000000000O100O0100O0O2M300000000O101N1O2O010O002ON1N2O0O2O0O2N1J7N101O1O1N101N2O001O1O0O2O1O2Nm_]f2
20180726232450Bh_2,`edS34lo11N100N3I6O101O01O1O2O1N1001N10000010O001O0001O2fPNDkn1=mPNJSo1a01O1O3M2O1N2O1N20O7I3L2O3M10O3N2N5K0O5L0O1O1N2O1O0O110O010O0N3LWXgh0
20180726232450Bh_3,ZobR32mo12O1N2O2M3[PNG_o1>M2N4L3N2O1N2O100O1O0001O000O1O2O0O2O0001O0O1000000000O2O002N1N2O102M3M2N1O1O001O010O000000000001O000000001O0O101O0O2O00100O100O1O1O000001O010N101O001N2O1O001O1O0O2O001O000001O00000001O00O100O1O10000000O1001O000O1000001O0O2O0O2O0O1O2O0000001O01O000O1M4M2O010O00100O100000000O2O1O001O00O0100O100O2O0O101O1NUP_c0
20181012105930Ch_1,`_j[14ko12N2N2N1N2M3O1N100000O2N10O2N101O1O1O0100O010N2N101O1N2O0010O01O1O010O1O10O01000000000O1000001O00000001O000000000001O0100O0100O1O10O0N3M20O010010O010O01O010O1N101OO10O01O1O1O1O100O10001O01O0001N101NWam]2
20181012105930Ch_2,ibjh28fo13O1N10000O10O010O00010O101O01N101M2O2N2O101N10000O2O1N3N3L2O00^OVQNLjn1O`QNKbn12h0O1N2O010O001O0O2NU]]T1
20181012105930Ch_3,\e`d22lo13M2N2N1O100O100000000O0100O10O1O1O1K5O2L3L6M2O2N1N2O2O0OKYQNSOgn1k0]QNROdn1n06ESQNDnn1:VQNEhn1<YQNCgn1<ZQNDfn1;\QNDcn1<_QNBbn1>_QN@bn1?`0O010O0O2N1L5N101O1N200O0100OO101Od\mW1
20181030230030Lh_1,nd\g16ho12N1N2N3O010001N10O0100001O002N1O10O1000002N10O001N10O10001O0000O101N100O1O1001O00O2O0O101N2O0001O001O1N2N100O1O2M:FkYmT2
20190605025430Lh_1,[Pai08fo18D6N11O100O2OO100O1N1O01001O0O2N3MEPQNJnn15WQNJfn16^QNH`n19dQNCPn1OiQN>ln1DPQN;So171O2N1O01M2O10010^O^O]QNL5f0^n1b000O10O00O1H90O2O00OO1_OeQN_OZn1b0kQNZOTn1g0PRNVOnm1g0YRNUOfm1k0h0O111N10101N;WOiPN2QRoR3
20190605025430Lh_2,SoR\1=bo1c0^O6K2N00O001N2N2M4L4N2M200O3N102N2M2M2N4L3Lho^b2
20190605025430Lh_3,iPmb03lo13M4L3M4aPNAVo1g0L4L5J5K6L9G5J4L3N2N3LbN_RNd0]m1[OhRNd0Um1\OnRNd0Pm1\ORSNc0ml1[OWSNd0il1ZOZSNf0gl1UO]SNl0fl1kN^SNV1gm10011N000O01N3N5JfNPRNd0om1YOWRNf0hm1XOZRNi0dm1XO]RNh0bm1WO_RNb0\O]OVn10_RNa0im1_OVRN`0gn1O1N3N1O001O2N010N0100O010O1N2L4O1O1N1I@nPNb0Qo18O001O2N1O1N2O1N2O1O10OOZOcQNK]n13gQNKWn15lQNJRn16PRNJmm15XRNJgm15]RNIbm14dRNJ]m12gRNMYm11kRNLUm13P12hPNLYo18bPNJ]o1<O3M2O1N11DiPNMXo12<O001N2N4N0O2OO101M2O1O10O0O101NSo^V3
20190605025430Lh_4,dS]W13mo12M2M2N2M3N10000O1O00100001O01O000O1001N101O01O0O2L4L4N2O100000O01000O010O00O1000O100O100000000O2M3N1010O010O0O10O20N1N3O1N1J7J6OO1F90010[OQQN:Po1DUQN8jn1J[QN1an11dQNKZn16kQNFUn1:j0N`ojc2
20190607032610Mh_1,[ReY14ko13M2O1M3M3M3N2N101N110O1O01O01O0002O0O10O0100O1O2N2N10O01O100O1O001N010O1O10O010O100O100O1O100O1O1O10O01O100O0010O010O2O0O1O10O01O01O001O0001O001O1O100O10O010O00001O00010O01O1O001O010O010O10O01OHGjPN9To1MgPN5Wo1:N3N101O000O101N100O11O000O2O0000O0010O001O001001O0O2O001O01OO1M3O0000I8OVK]OYZNd0he1^OUZNb0ke1@RZNa0oe1@mYNb0Tf1@hYN`0Zf1AdYN5gf1KXYN2mf1NQYN1Qg10mXNNVg12iXNMZg13dXNM^g12`XNObg11[XN0fg10TXN4og1LmWN5Uh1KiWN6Yh1JdWN7^h1IYWNDUMd0dk1ISWN>oh1BmVN`0Ui1@hVNa0Zi1_OdVNa0^i1_OaVN`0ai1@]VN>gi1CWVN5Rj1MjSN^Oi1b0`j19_UNFcj1;[UNDfj1<[UNBhj1=WUNBkj1>SUNBQk1<nTNDYk16dTNK_k14YTN3ik1MRTN5Pl1L^SNBXOj0]m13eRN9]m1S13M2N102M2M4ETRNZNRn1]1>K5A^QNZOin15WTiZ2
20190607032610Mh_2,_nTX15io16J5K5L2XRN[ORl1h0jSN[OUl1g0gSN[OYl1g0cSN[O^l1f0]SN^Ocl1f0PSNBTm1c0`RNAcm1>XRNDjm1Y11K5WNPRN\1Tn1`NPRN\1\n1M4L5L6I4M3L5L9G5JRPYf2
20190607032610Mh_3,oRYR29fo12N2O0lPNEcn1<ZQNEgn1=PQNIQo1b01O1O1O100O1O010O001N1001O00100O1O01O000O2N001O101O0O2O000001O0O1O100000001O000O2H700O2M201N2O0O2L3O1N2N1MI550O100K5L4OTOSOiRNk0Ym1^O^RNb0cm1AYRN?hm1CRRN?Qn1CiQN>Yn1c02M3M3N3M2N2N2O2N100O1000O10O0H9N2M4M3MlPQh1
20200806072410Th_1,c^nn14jo13J5N3J6M4N3L2O1N2O2M1O2N1N1OFaQNVO_n1d0a0O1001O001O1O001OO2M1N1101M202K4O2O0O2O000O01O0_O[QNGhn17a0O001000001O1O1M3N2O001O000MWPNOcccm1
20200806072410Th_2,_ceP21oo1001O0O010O101DNfPN4Yo1<M5L2hPN]Oon1j01O010O01O2OO101M3N2M2N2O1N101N1010O02N1O001O0O010O1O1O10O01000000010N1000O10O01N110O01000000000010O001O0O10O1O1O1O100O010O01O1001O00000000000O1000O100O1000001O000O10O0100O010O1O1O2O0O100O010O0O01000010O0010O0100O100O10O10O1000000000000O0100O010O10O10000O100O100O0100O100O01OO10010O01000O010O10O11O0000000O10O10O100O100O0010O010O02N1O100O100N2N1O1N12O100O2O00001O1O1O001N10O10000000000000O1N200O2O1O1O001O001O000010O00000000O100O10001O00000000O10O1001O001O011N100O01J\PNM^]P`1
20201228202510Mh_1,gZc\11lo15M2N2N2O0O2O2M3bPNDTo1f0M3O1O01N2N2N1O2O1N3M2N100O001O000000001O001O000O101N100O100O010O1O1O1O2Mld``2
20210101202450Bh_1,dY]e0477jn1IRQNh0gn1;K5EgNiQN]1Un18J5ON11100O2O2N1O2M2O2N1AhQNUOYn1i0kQNTOUn1k0a0N3M3M8H7J3M2O1N2OQghX3
20210101202450Bh_2,^YUl24jo14M2O1N2O1N2O1O1N2O1O001O0O100O0O00100001O01O011N100O2O00O1O1N2N2O1O1O1N2M2N3N2O1N3LWgTQ1
20210101202450Bh_3,T\kP23lo14cPNJin1=oPNHnn1g0L4L2N2N01O1O1O2O01O0O2O1O1O1O001O0O2O0010O2N1O1O100O100001O00O010O000O200O001O100O10O100001O000O010K4O1N3N200O101N1N2O100O1O001O1O100O1O100O100O01000O1O1O1O1O1Oodli1
20210101202450Bh_4,[bcg22mo14M4L2N2N3M2M100O2M2N2N2ROWOdRNj0[m1YObRNh0^m1ZO^RNf0dm1]OVRNd0lm1g010O01JhQNbNXn1^1310M12OJhQNhNcm10hRNZ1_m1kN\RNT1gm1a01O1BRRNkNnm1S1ZRNfNgm1Y1`0O1O1K5G9N2O00K\OoPNe0Qo151O01AZOcQNf0]n1^O^QN=in1;101OIQO]QNn0en1510ElNjQNU1Vn1nNfQNS1Yn1:VOgNlRNZ1Sm1nNcRNV1]m1g0O0O2O01K5N2N3L3N3M3M3M2O2M2O1O1O1M3N2M3N2M2F;N110O0000SOZOaRNf0^m1CZRN=fm1EXRN;hm1FWRN;im1EVRN;jm1FTRN;lm1GRRN:nm1FPRN;Pn1HhQN>Wn1f0O01I6N3N1O2N2O001I[QNROfn1k0:M2O1N2O1O1N2O1O1O1N2N2N2O1O2N2O2M_dhP1
20210101202450Bh_5,kboT24lo11O0O2O001N101M2M4N1O2N1H@nPNb0Ro17O001000O0010O00O10001OO100N201M2N3L5L5L2N11O00001O001N1000000O100O2N1N2O001N10100O100O0100O1N2M3OH]QNUOan1i0fQNRO\n1l0=L5Dc^hf1
20210101202450Bh_6,fd_l12no12N1O001O00000O2O0N3K5N1O2O001O100O010O01O100O010O1O100O00100O1O010O0010O01O100O100O01000000000O001O001N101N2O1N2OeZlo1
20210127110130Ch_1,a[ha25fo16M3M3L3N1010IhPNEXo1:lPNCTo1<80JFfPN;Zo16O01N3N2O0O2N100O0100O1O10O10O2O000000O2O0000O11O000O2O001N10001O001O001N10010O0100O100O01O01O01O001O0O2O0O2O00mdoY1
20210127110130Ch_2,T_Sl1;`o16L3O100OO110O1O1O1N2O1O001O01O010O010O010O10O01000O101N100O101N1O2M]afQ2
20210219230330Lh_1,\[Wc14ho15M101N01000O101N1O01000O1N2000O1O1O01O001O2I602N1O100001O001O001O002N3M6J2M2O001N2O1N2O2M]elY2
20210219230330Lh_2,ob_[14io15dNMdRN8Ym1KTRNLL=lm1OPRNH0;Vm1_OXSNj1fl1ZNVSNg1jl1[NTSNe1ml1]NPSNb1Pm1cNkRN]1Um1e02O01O001001N110O1000O100O00@dRN\N]m1c1gRNWN\m1_1f0011N101O101O000001O0O1O0O2OOO010001D_NYRNb1fm1;1M3N10O200O0GRNbRNo1]m1UN_RNk1bm181O0F_RNWNbm1f1<M1M41NZNlQNb12^NRn1d1401O100N1OOIjQNhNWn1Y18O2G`QNQO`n1k0=N1O2O00001N1O1O0100O10O0I7010O101O001O2N1O3N4J2N2OO1N4J5BhPN2[o1KiPN2Xo1MjPN1Wo1MlPN1kbn]2
20210219230330Lh_3,``aP34lo11O001O1N2O0O2N1O1N3[OH^QN:Qn1BoQNS1nm1a000O2O002N2O03M1N3M2N1O2N00`RNeN]l1Y1aSNjNdl1P1ZSNSOgl1k0XSNWOil1g0WSNZOil1f0USN[Okl1e0USN[Oll1f0PSN\ORm1d0jRN^OVm1e0eRN^O[m1c0]RNgN0h0cm1a11O01N101N3N3L2O0OlMfRNd1Zm1ZNjRNd1Vm1[NlRNd1Tm1\NlRNd1Um1ZNmRNe1Tm1XNnRNh1Rm1UNQSNk1em1M4L5K2O1N1O101N2N1O1O1O1O100N2N3M2N2O2M2\OPQN5So1EXQN3]o1Md]fj0
20210219230330Lh_4,Z_il22mo11O2O1N2O1O1N110O001O1O2N1O1O01O01O001O00010O000001O000010O0001O1N101O001O001O1L3N3M```P1
20210607142350Bh_1,cekb14ko13M3M2O1O000O101O0O2O2L3M3O00O10O100O001000001O010O001O1O000010O000001O0O11@oPNOQo1NTQN0ln1LZQN2gn1K\QN3Zo1O3LoY\Z2
20210627163630Mh_1,Rb`Z12;4Qo10jPN4Uo1<01O0013N1OO10O1N3L2O001N10001O0001O01OO11O0000000000O01O1O001O01O00100O001O10O001O0010O0001O01N10001N100010O10O010N2O0N2L5ODgPN1Yo1MkPN2Vo1KlPN5_o1010O10O0010O00000101N1O2N2Mg[]`2
20210627163630Mh_2,mfV]14ko12O1N2O001O1O001O01O0O2O0O2O10O01O00010O0000010O00000000O1000001O000000000000O100000000000O10O010O01O010O0010O01O010O010O010O1O0010O01O0100O1O2N2N]YU^2
20210627163630Mh_3,ejRS12W24Rk1?_TNF]k1`0^TNC`k1?]TNCbk1`0WTNEgk1d0lSNASl1d0fSNQOel1T1SSNQOll11kRN:3Fll13\SNk0fl1TO^SNg0cl1[OaSN?_l1BfSNWOZOj0bl1\O^SNf0R1G_k1?oTN[OSk1=]2M6D;JoVgk2
20210627163630Mh_4,[WSh02lo14N1O101dPNImn17QQNKnn16oPNMPo15mPNMW1OXl14]RN1<FN2K9^m1N^RNb03O_m1[OcRNh1]m1SNjRNi1im1O1O1N7mNfQNN_n1MeQNObn1KdQN0an1IcQN4Uo10100O2LQf^V3
20210627163630Mh_5,e`QU18eo15G8mNNSRN5km14lQN0Pn1V1oQNoMgm1[2IZO`RNSOZm1n0kRNPOPm1S1TSNiNkl1o0oRN`N<=el1o0mSNgNUl1V1[1MN23F;O1FUQN_Oln1`0:00O2M3N1O2O1O1O1NnaVi2
20210627163630Mh_6,b`el12mo13N1N3N1O000001O0O1000O100O2O0O2N101O001O001O100O1O0000000000O1000O100O10O10O10O01O0100O10000O010000O0100000001O001N101N2O0O2O000000000O10O10001N101O001O0O2OO1000O010O01O1O0010N1O2O10O2O2M101O00O100O1O1N2O001O10001N1010O001H7M3M3N20O01LVPN1n_nk1
20210627163630Mh_7,cfoR2;5FXo1f0K5K2N3L3L4_Oa0O2O001O01N4L5EdQNfNbn1T1h0^O2M101N10000O1000000000010O00000000001O0O10O101N101M3I7M3O1N110O01O1O1O1N10100O2O1O1N2O1N1O1O100O1O1O10O010O001O010O01O000010O00100O1O001O1N3N1N1O1O100O10OO2K5E;N2O10O3N8H3[OQQNH5Ogo1NnW`f1
20210701163730Mh_1,WaZa22no11N101M2L5N101O10O1O2O0O1O1O010O1O10O010O100O002N1N3N2O010O01O1O1O1O10O1O10O001O0O101O01OO1101N3L1001N1O1O101N010000O100O1O10O1O1O100N101O0000010O0001N10001O0O2O1O100O0001N1O100O100O1000001O01O010O1O001O100O1O010O1O1O00001O0O2O0O2M2001N3M3M3N0O2O000000001O100O0100O100O001O001O10N101O1N20O01000O01000O01O0010O001O002O0OO101O1O1O0010O0001O010O001O010O0010O0100O010000O010O100O100O100N2O001004K2N2OON3Ob[SR1
20210701163730Mh_2,Wh\c22mo14L3M2N3M4L3N1O2O01O103M10O2N000O1013L2N001O05JO11O110O2M2M6M1O2ON_QNTOlm1m0lQNYOUn1Y19WO_QN@bn1<gQN\O]n1?j0E6L[UQZ1
20210701163730Mh_3,XjnP34ko17J0100001O100O02N1O1O00000000O10000O10010O1O1aPNHRo1d00O100OnPN[Ojn1e0TQN_Ojn1b0RQNBln1j001M:WQNeN[n1a1M4N2M^NmQN]1Pn1`NTRNa1im1^NZRNb1em1[N^RNe1Qn1M5L3M1O0105LO2M1001O1NO2L2K6M201N3N3N3L7I5H7JeRSk0
20210701163730Mh_4,e\YS15[o13fPN;Qo1>^QNSOim1V1nQNnNnm1V1nQNnN3Fcm1o1YRNUNdm1V2N2MjMmRNb1Pm1^NWSN_1_l1gNeSNZ1Wl1fNlSN[1Pl1fNRTN\1jk1cNXTNa1bk1_NaTNd1Yk1[NkTNg1Pk1XNTUNi1]ORN\j13\VNR2oNmMbj10jVNl1aN[N]j1JVWNj1[N_N[j1G_WNHTNh1LlN_j1DnWNX2Ph1iMRXNV2mg1jMWXNS2hg1mM^XNm1bg1SNaXNj1_g1UNeXNi1Zg1VNjXNg1Vg1YNoXNc1Pg1]NTYN_1lf1aNXYN\1hf1cN[YN[1df1eN^YNZ1bf1eN`YNZ1_f1gNbYN:eLBPj14]YN7Zg1JgXN3Zg1MgXN2Yg1NiXN0Xg10iXNMXg13[400O100000000000001N100000000001O000000O1000O10000O010O10O101O1O2MZeRh2
20210701163730Mh_5,d^Wb21mo14K3N1O100O001N1N2O1N20O2N101N2O001O01O1O2N1N3N1N3^OA]QNe0an1>OH7L6M3M4H9Eocd[1
20210701163730Mh_6,e^g]22mo12O1O00001O0000001N01000000O100000O2O0000000O1000000000000O100O0100O100O01000O0100N2N101N2O000O101O00IfPNKXo14lPNJSo16nPNKPo15RQNKln15TQNLjn15WQNLen16]QNIjm10YRN8OIgm17kQN6?Dfm1i0\RNVOem1g0^RNXOdm1d0^RN]Ocm17hRNGhn11000O_aR^1
20210701163730Mh_7,]_Ug1?_o15L3L3N2N2AVOdQNk0[n1>OO02O001NC>M3M4N2O1FjPNIXo12QQNGRo16>Mba`W2
20210708060030Lh_1,d`WS34ko12O1N100O2N1O2M4`PNAZo1h0I6K3M3M2M2O001N2O01O1O1O1O001O00001O001N2O1O1O1O001O001O0O01O11O0000000O2O1O1O1O001N1000O1N2O010O100O0K6HSO\QNo0bn180O101O000O101O00O0I8O10O10001N10O1O010001N2O0O2O000O10O1O0O2ZOiNcRNW1^m1kN`RNU1am1mN[RNS1gm1b01N2O1N2BQRNjNQn1S1TRNiNlm1V1`0M10ZOROYRNQ1gm1VOPRNk0Rn1`0000ASRNnNmm1P1XRNmNim1P1f0J5L5H9_Ood^e0
20210726041650Uh_1,]]Vj25io19H21O1O002M2O1O00000000O010000000O10000O0100O100O010O100O010O10O100O100O0100O1000O10O010O010O001O01O01O010O10O10O10O10O10000O100001O000O11N1O2Mk`WQ1
20210726041650Uh_2,bbRT13lo11O1000001O0O10OO0L411N102N10001O001O1O001O001O0001O010O001O0001O001O1N100000000000O10O10O01O2O0O1O1O2O000O101O0O100O1O100O101O00000000000000000000000000000O1000001N10001O010O000O10000O0100O0101O001O00000000O1000000O2O00001O001O000O100000000000000O1000000000001N10000O10000001O001O010O000001O001O0O1O2O0O101N101O00010O00001O001O010O0010O001O0010O000O2N101N2O1O1O1N101O10O01O1O1O1N3M^]m_2
20210726041650Uh_3,acVR12mo14M4QQNHB0km1g0TRN^OK0km1j0TRNGgm1\1N2M2O2N3N3M1O1000O10000^NkRN8Vm1DnRN;Rm1BSSN;ol1@YSN=fl1]OgSN=Yl1^ORTN<jm100N10001N102M2O2M2N2NQZek2
20210726041650Uh_4,fiTo03lo12O2N4L2O1N2N3L5L3K3L5K4O2M3M2N2N3N1O1O1O100O2N10000O2OO200O0001O1N10ZOoQN[OQn1b0TRN\Omm1;]RNCdm1:_RNEbm19`RNEcm19]RNEim16YRNGkm16WRNGlm15T1KnUQn2
20210726041650Uh_5,XYmS16ho14L4cPNLgn1k0L3L4N3L3M2M4K4N2N2N10jNURN7jm1HZRN6fm1J\RNFIKkm1>_RNCKKgm1<eRNGGKcm1;mRNFCLam1<QSND_m1<S100O1000000000000O1000000001O0001O000000000000O101O000001O00001O000010O000010O010O010O010O01000O0100O10O10000000O11N100O10000O01000001O0O101O1O0O10O100001O00001O0000001O00O10001O0O101O1O001N10000O10O0100O001O001O1O1N2N^elc2
20210726041650Uh_6,iXQ`15jo12O1O1O0O2O000O2O0O10O1000001O00001O00000001O0000000010O01O01O010O100O010O010O10O10O10O10001O105J1OO20O001O2N2N2N1OO2O00001O5K1O001O1O001O0O110O1O0O110O01N3N2N1O1O100O0001N6J3L7HgdZZ2
20210726041650Uh_7,T\Qh09go12M102ePNFln1j0L4M2M4VOnNURN0MY1Zm1gNjRNW2ml1b0L3L4N2M3NoN]SNgN`l1X1hSNdNjk1XOSTNT2:_N_k1ASTNQ2b0\NXk1OVTNA=R19]OPk11[UN8HFkj13_UN4HIfj14eUN0FLcj17hUNJGO^j19lUNGHOZj1<nUNCK0Tj1?RVN@LOoi10SUNJT16KOii13\UNGP16OMai17eUNBm0:NM]i17_WNKVOLZi18cWNLTOKVi18jWNLROJSi19nWNMPOFRi1=QXNLfi12\VNObi10aVN0^i10bVN0]i10eVN0Yi11hVNNXi12hVNOVi13jVNLUi15lVNKSi15mVNKSi15nVNKQi15PWNKoh15RWNJoh14TWNKkh15XWNHhh17[WNFfh1:`3O1000000010O010000O100O2O001N10001O0O2N2NZf^S3
20210726041650Uh_8,g_eg03fo19L3O1N1N1N2O20O01N2N3N1O1001O010O2O0O2OO10O0100O01O1O1M3K5M3N3N1N2N2N^`RV3
20210730044930Lh_1,[bZg22mo12O1O1O100O1O1O1O1O100O10O010O100O2N001O010O0001O0000000001O01O0001O0010O001O002O0O00O100010O01000O0100O010O010O010O00010O1O010O0010O010O01OO100O2N101O000001O001O00001O00001O00010O0000O010000O10000000000000O10O20O0001O010O0010O010O1O001O1O001O0001O00001O001O010O0010O001O01O001O0010O000000O0100O1000000O010O10O01O00000O0G:N21N2O2M8HP]Wn0
20210730044930Lh_2,ebXl16jo12N2O1N2O1O1O00000O100000O101O1N2O1O0000000000O2O0O2O2M2N01O001N2O01ePNBSo1=mPNCTo1>hPNDYo1a0100O2O1O1N1O100O2O10O1O1O00O1H]PN2do1J`PN3W[]P2
20210730044930Lh_3,TfPW33lo13O0O101O2N1O1O2N3M1O1O100O00100O1O102N01N1O0O11O0O1001N1O1O1O10O010O0100O1O1O1O001N2O001O2O1N2M3NWXke0
20210730044930Lh_4,]j`h13lo13N1N3N1O1O0010O1001O000000000O2O010O001000001N010O01O1O1O1000O000001O0O010O010O0O101N100O20O010OKZPN1lo1N00RTWT2
20210730044930Lh_5,WYed23lo12\O1UQN0in13UQNNin15TQNMkn15SQNLkn17QQNMln1f0L5J4M3N1O01I6UO_QN7cn1FcQNKKNcn16fQNHfn16b001O100O10O10000001O000000O0100OiPNLdn14ZQNNen13[QNMen13ZQNNen12\QNNdn12[QNOen11[QNOdn11]QNOcn11\QNOdn11]QNOcn11\QNOen10\QN0dn10[QN1en1O[QN1en1O[QN1en1N[QN3dn1N\QN2dn1N\QN2dn1N\QN2dn1OZQN2gn1MYQN2hn1NWQN2in1NXQN1in1OVQN2jn1NVQN1kn1OTQN2ln1NSQN2nn1NRQN2nn1NQQN3on1MQQN2Po1OnPN2Ro1NmPN3So1OiPN3Wo1;1O00001O010O01O1O1000000001N100O100001O10O1O001O001O1O1O1O1O0O10000O10O1002M4M1O000000000O001O100N2OZfPT1
20210730044930Lh_6,^ZWW21mo14M1N2O1O1O1000000000000O101O0O2O0O2N100N2O1O100O0100O101N101O1O2O0O01000000O10O0000001N1O2O0O2O00O010000O100O10000000000O0100O2N1N3M4M001OL5N110O01O001OO20O00N2O2N11O01O001O001O100O1O001O10O010O001O2N1O3N1O1N10O101M3Iifla1
20210730044930Lh_7,abYi14ko13N1O100O100O10O01O100O01000000O010O0101N100O000000O0O2N1010O001O100O10O010O0010O0000000010O0100O1N2N2O1O1O1O10O010N1O2O001O0010O010O1O001O001N10001O0O2I610O010N2M2M4NJ[QNSOfn1k0700000100000O1O1O101O01000O01O000000001O00001O1O010O1O1O1O1O1O010O0010O01O00000O101O00010O00010O001O010O00000O1000O2I601O11O001O001N101N10O010O1N2O1AWOeQNk0Yn1YObQNk0bm1VOkRNW1Sm1VOaRNk0]m1YO_RNi0\m1P1N2O10^OlRNXNUm1e1PSNVNUm1f1e0M3]OjQNmN22Vn1l0e0J5N3M2O1N2N2O1O010O00O1L4O100O1O2L3L4N2E;0H8L4N2M3N10HZOWQNh0gn18NIL;3N3N2N2O1O001N001N3N2L6\OkPN3RdVi1
20210811072510Th_1,ZmTS163M_o1=M3M5J6J9H3N2OkNnQN<Qn1@TRN`0gn1O100O10O0000O1O2N1O1O010O01O10O01O0001O1N101O1O010O00010O010O00100O2N1OTQoi2
20210811072510Th_2,W]QP34lo1110TPNLio17N100O2N1O00010O0021N1O0O010O100O02O1N1O1O1O001O1O100O13M1N3N10N2O0O01O1O001O001O2N2N2N2Naanl0
20211119005210Mh_1,S^Ta14ko13M2N2O1O1O2N5K1O2O4L3OO0019GM5K3N1N2O012N00011N000N100O2N1O1O101N1001O1O10O1O1N2O0000000O2N1O1O1N3Mg_e[2
20211224120130Ch_1,Tcf^2551Zo1`0J:G2N2O04L6J1OgQN\OVm1b0hRNAXm1`0dRNC[m1f0ZRN^Oem1_11O1N2VNnQNa1[n1M3E;K5Hc0]O`[o_1
20211224120130Ch_2,^ZeP34ko110001O000000001O010O00010O0010O00O100O1O0O2O1O00001O000O1O02N1O1O[N0]SN1_l14_SNL`l17]SNJbl1:WSNIgl1<TSNFjl1`0QSNBgl1m0PSNUOnl15jRNk0Vm1TOnRNh0Tm1RORSNl0Pm1QOTSNd0Ym1WOiRNg0\m1oNlRNm0Vn1KdgZl0
20211224120130Ch_3,WY]U22lo13O100O1O100O100O1O100O1000000O010O01N10000O10O10O01O00001O00000O0100000O1000O0100O010000000000000000O10000O0101N1N2O1O100O1M12G<KYh^f1
20211224120130Ch_4,\^o^22no12N1O1O0010O0100O10O010O0010O00100O10O10O010O001O10O01O10O01O0001O010O010O10O101`PNEXo1<dPNHZo1?1O0O10000001O01O001OO010O1000000010O1O100O0100000O1000O010O1O1O001O1O2O0001N1N2O0O2OO20O00010O0000000O10O10000O100O2N1O1N201N100000O0100N2N200O100O1N2N2O00100001O001O00001N101O0O10000000O100O2O001O10O00O01O100O100O1000O100O010000O100O10000O1000O10O1000O01O1O1O100O10O0100O100O2N1O100O01000O0100000001O000O2OO01OO2N10@^OcQNb0]n1_ObQNb0]n1_OcQN`0^n1@aQN`0`n1@_QN`0bn1@]QNa0bn1@]QN`0dn1AZQN?gn1AWQN`0jn1BRQN?on172O0O2OO0O2M21O1O2O1O2O0O20N100N2O1O10O2M3M=D3N2M3NmaVR1
20211224120130Ch_5,VbWj22mo12M3K4O100O100O10000O1001N101O001OO101N1O001O001EEoPN=Po1:0O0100O100O10O1000010OO10000O10000O100000O2O2N2M3N2N0010O000O101N1O100O10001O000000000000O0100O101O000001N1000O01O00O1ON3O2O0010O0O1J5101O10O01O1O1O1O1O100O2N100O2O00010OO100O1O10O2O001N10000O1O100O10O010O1O001O0001N002N11O0101O0000O010O001O1O00M3O2O0O101O0000O2O0O2O0O1M3M3010O0100010O010O001O0000O010O01O0O10O02O1O1O1O010O0100O1O1O0DCUQN>kn1CTQN>kn1DSQN<nn1FnPN<Qo1:000O100O10001N2O2M3N001N1000001O011N02O1N00O3M1N3N1O2M2O1N2O1Of`\g0
20211224120130Ch_6,gdc[23mo12N2N2N2N2N9G101M2O2N2O0O001O001O011N3M2N2N1O000O100O2O001O10O0O2N2N2O1N101O1N2O1O1O1O1O1O0O2OO10O0001O010000O1000001O001O001O010O01O2N2N01AnPNMUo1LZ[l_1
20211231180850Bh_1,haTX26ho16K:E3N2N2N1O2M3N2M3K5N1O1O10UORRNCom1;k0O2K5N2N2Oo^_f1
20211231180850Bh_2,\hVU15jo14M2N1O100O10001O001OO10001OO0100O100O001O0000000001O00000000O00100O100O0100O0100000001O000O2O001O1O1N2OSW_g2
20211231180850Bh_3,kYm[22mo11O2O0O100O1O10O01O001O100O001O10O01O10O1000O10O10000O1000O010O10O01O100O1O1N2O2N1O010O0O2O1O010O1O00O1I8M2O1O110N10O100O2O001N1010N101O001O001N2O1O2O0O1O1OigT_1
20211231180850Bh_4,m][e23ko14M3M3fPNEjn1l0L4M5J2O1O002N10O01:E2N100O2O1N1O2N3M3M2M2N2N2N2N2N2NVafX1
20220124155050Bh_1,oaZo02mo12N1O001O00001O0010OO200O001O0010O01O001N2O010O0100O10O010O01O1O1O010O010O100O1000O100O10000O100000O10O10000O10O1O1O1O100O1000000000000O1000001N1O3Mn^ok2
20220124155050Bh_2,hcPg1;do14N1N2N3M3N1N4M2O2M1O2N1O4L3ON4M0O0001O3N00O000001003L1O1O=B2O002O0O000O20N1000O10O101N2OO010O1O1O010O1O1O001O01O01O010O10000O10O010O010O0011N1O001O001O1O5K3MTYoS2
20220124155050Bh_3,`]e]12mo12N100O1O100O101O000O100O100O010O10O10O010O010O10O010O01O0O2O001N1O1O100001O00O1O1O00100001O000O11O01O01O00O1L4N2O2O0N3IXd`^2
20220124155050Bh_4,XfUS22jo1400O10O02O000000001O000000000001O000O100000O0100000O101N100O100O100O10001N101N101N1O1N2N3N1N2N2L400O010O010000001O0001O000001O00001O0010O01O00100O010O1O101N6K0O0100O00100O10O01O010O00100O0100O01O010O1O1O2N1N3N4L2N1O2N2N2N2M3N2N1O1O2M2O1O2MSYXe1
20220124155050Bh_5,Qfmn16ho13N3N1N3N2N2N3M2N00100O1O0010O010O01O0010O0001O00000000000000O1O1FoPNDRo1:;O100O101O0000001O001O01O000000000000001O000001O0O100K\PNLaYXm1
20220328035030Lh_1,dbTR14io16I6J6K4L2oN]OdRNf0[m1CVRNc0jm1j001O010O2N2M4M2MPOeRN_OYm1>mRNARm1BeRNOg0>dl1]OTTNa0gm1O010O01O2O1O1O0O3M2O00O2O2M2N1N101N2O1N2O2M2O2L3Nd[Qk2
20220328035030Lh_2,UeV_24lo14L3M2N2O1N2O100O1O1O100N200002N000N101O0O100O100O100O100O10000O1000O10000O1000001O00000000000000O1000000000000001O1O0O101O1O3M2N01O001O01O0000O10000O2O0O2O1N3N4K3LlWc[1
20220328035030Lh_3,SZab04io14L5L2L4M3N2N2N1O1N3M2O1000O0O2J6O2O00000010O001O00O1L4M3O1O00100O20O001O001O1O010O0O10000O1O1O001O2D;O1O1001O1O2M3M5K4L3M3M2O2N1N3N2M]hVY3
20220523234912Lh_1,kcd`16io12N010O10O0100O001O100O1O0010000O101O0000O010O10001O010O2N1O1O0010O01O0010O0100O010O01000O010O100O1O1O1O001O00l[k[2
20220523234912Lh_2,Th\c24ko13O0O100001O01O000O10O010O010O0100O010O00000001O00000O11O000000001N1000000000O01000O0100O1O000001O000000000O1O2O001O2MnWkX1
20220523234912Lh_3,iZU[2:do14M2N2N1O1O1O1O00100O010O01O01O00001N101O1O1O001O00O100N3M2O0100O1000000001O0000000K400101O0O2O1N1O1O1O0100O1O2O000000O1O1O1O10O1O1N2O001O10000O1O10000O01nN4PRNKQn1:hQNHXn1o00000010O100O1O0K6oNiQN5[n1KmQNMTn12m001N100O2O1O1N2Ojib^1
20220523234912Lh_4,d_af21no14L4N1N5L6J01N1N2O001O0O1000O010O01O000O11O00100O100O2O001N100O1O01000O100O1O010N101NK5001N2O11O01OO20O001O000O010O00N3O00010001O00001O000000O1O001O10002O0O2O0N3N1O1O001O01O0O2O0000010O00001O000100O010O0100O0100O010OO101O001O010O100O1O1O1O1O100O1O2N1N2K4KGWQNGgn19]QNEan1<`QND^n1>cQNA\n1?dQNB[n1`0dQN@[n1a0dQN_O\n1d0`QN^O`n1Q10O1O1O1O1O1N2O1O001O2M2O1O1O2OO02O001O001N100O1000000O2O0O100O10000O10000O10O01O100O001O001O010O00010O0100O00001O001N11O010O0100O01O010O00O1O1N2M4M2L4N2O1O1O1M300001N1O10001N2N2O1N2O1O2N1N2O001O001N2N2N1O2M3L5KaeZj0
20220523234912Lh_5,oZcY13mo11O1N3N1N3N001O1O0001O001O1O1O010O010O01O10O0100O01O100O010O0000000000000O@IXQN8en1OWQN1hn13SQNNmn1b02O2M3M3M5IUe^c2
20220523234912Lh_6,kdob21lo1?C2N2O1O1O0010O101OO010O1O2M2O1N2O1O1O10O010O01O010O00000001O001O001O1O0O2O0O2O001O000O2M2N2O1O1O100O1O2N1O1O1O1O10O01O010O0100000O100O2NnZdX1
20220621185332Bh_1,d_do23bo10ePN1[o12`PN1^o1901O001O1O001O0000000000000000O2O0000001N1000000O2O001O010O01O1O10O01O010O100O0100O100O2O0O1O10O010O10O01O010O1O1O1O100O10000000000000O00100O10O010O2O0O1O010O0100000O010O1O1000000000O10001N1O100O10001O0O10000O2N1O100O1O2N100O101N1000001O0000Y^ch0
20220621185332Bh_2,ZfZg16io13N001O01O0001O001O0aJJS[N7md1KQ[N5od1LP[N3Re1MlZN4Ue1LkZN2Ve1OiZN1Xe10fZN0[e11cZNN^e13aZNM`e13_ZNMbe14\ZNLee15YZNJie17UZNIke19SZNGne19QZNGPf19oYNGRf19mYNGTf1:jYNFWf1:hYNFYf1;eYNE\f1;cYNE^f1<`YNDaf1<^YNEbf1<\YNDef1;[YNDgf1<WYNEif1=UYNCmf1<RYNDof1=nXNDRg1>lXNBUg1=kXNCVg1=hXNEXg1:hXNFYg19gXNHYg18fXNH[g17dXNK\g15cXNL^g13`XNO`g12^XNObg15XXNLig14UXNMlg13RXNNng13QXNLQh14mWNLVh13iWNK[h14dWNJ_h15`WNKbh15]WNKdh15ZWNKhh14XWNLih14UWNLmh13SWNMoh13nVNNRi14lVNKVi17gVNHZi19eVNC_i1>_VNAdi1>\VNBdi1>[VNBhi1=WVNCki1;TVNEoi1:oUNGRj19mUNFVj18iUNIXj17fUNI]j15bUNK`j15^UNKdj15ZUNLgj14VUNMlj13RUNNoj12nTNOTk11jTN0Wk10gTN1Zk10cTN1]k10aTN1ak1O\TN1fk10WTN1kk1NRTN3Ql1KnSN5Tl1LhSN4\l1M_SN4cl11PSN5Rm16`RNKcm1X10O2O0O2M2N9H3M4L3_O^QN_Ojn17[QNFin15YQNKin12YQNLmn1NTQN1on1LRQN3^o1O1O1OoZeQ2
20220621185332Bh_3,laTT14io17J3M3O2O0O10100000O1O01O000O100O001N2O1N2N2N2N3N1N2O2M^OYQN0cn1ObQN1Zn1HcQNE:`0Qn1JYRN4em1L^RN2am1NbRN1\m1NgRN1Ym1M]1O2O0O2M_^[i2
20220621185332Bh_4,Tf\`2:do17H4M2N1000O1K6M2O1O1O2O000O10000000000001O01O01O001O001O00O1O10000000001O010O10001O00001O00000O100O1O1O2NQ[W\1
20220621185332Bh_5,dgbf03lo12N2N1N2O2N10001O000000O100O100O100O2O01O001N3N2M3O00O5M000003L4M6JO1N2M2O1M3M3M3M3N2MiWeV3
20220621185332Bh_6,ognW31no17K100000O000001O000O101N2O2M2O4L2N001O1O000O201nPNZOen1S1N0010O001O1O1O1O2O0O2N2M2O0O102O0O5K1O0O2O1N100001OO1O1O001O001O000O1000O100O0O2O10000000000000O1000001N01000O10000000O010000O1O1N2NlUYb0
20220621185332Bh_7,TZSh14<Okn1g0K5L5K6YQNiN]n1d1I4K4GoN]RN4`m1LhRNOUm1MTSN1il1O]SNNbl1NeSN1Xl1NmSN1Pl1OTTNOik12[TNKck16`TNI\k1:eTNGWk1:lTNEoj1?SUNAij1b0WUN_Ocj1e0^UN[O_j1h0aUNYO\j1h0eUNXOZj1i0gUNVOXj1j0iUNUOWj1k0jUNUOUj1k0lUNTOTj1k0nUNUOQj1i0RVNVOni1d0YVN\Ofi1b0]VN]Oci1b0_VN^O`i1a0bVN^O_i1?cVNB\i1=fVNBYi1>hVNCWi1<kVNCUi1<lVNESi1:oVNEPi1;QWNFnh18TWNIkh16WWNIih16XWNKgh14ZWNMeh12]WNNah12aWNM_h11cWN0[h10gWN0Xh1OiWN1Vh1OlWN1Sh1NoWN2Ph1MRXN2ng1MTXN2lg1MVXN3ig1LYXN3fg1NZXN2fg1M\XN2cg1O]XN2bg1M`XN2_g1NcXN2[g1OeXN3Yg1LiXN6Sg1KnXN5Pg1KQYN5of1KRYN4mf1LTYN4kf1MVYN2if1NXYN2hf1NXYN1hf1OYYN1ff1O[YN2cf1N^YN2bf1M_YN3`f1MaYN4]f1LeYN3Zf1MgYN3Yf1MgYN3Xf1MiYN3Vf1NkYN1Uf1NlYN2Sf1MoYN4oe1LRZN4me1LTZN5ke1KUZN7he1IXZN8ge1HZZN8fe1HYZN8ge1HYZN9fe1HZZN8fe1HYZN9fe1F[ZN;ee1DZZN>ee1CYZN?ge1@ZZN`0ee1A[ZN`0de1@\ZN1^K2Uj1M_ZNN`K3Pj10bZNJ_K6oi10cZNGaK9ii11T[NNjd14V[NLid15X[NJgd17Y[NIfd18[[NGdd1:\[NEdd1<][NCcd1<_[NBbd1>`500001O00O1O1N2N101O100O2O0O101N10000000000000000O10O01O100O100OQiRo1
20220621185332Bh_8,_\Wj25io14L2O1O0O010O1L4O1O100000O0100O101O01O1N2O2N100O100O1O0O2O001O001O010O1O011M2OcdXS1
20220621185332Bh_9,dboj14lo11N1O2N2N2N101N2O001O1O0001O001O001O0000000000000O10O01O010OO2O010O01O100O010O0100O001O010O01000O100N110O001O1O001N101O1000000O100O100O1O1O0100O10O01O1N200O01000000O01O2N101N3L3N1O2N101N01000O1O2N2NX^hn1
20220626185332Bh_1,k^dT26go14N100O2O0O2O1N2N2O2M9G3M3N4K3M]OcQNF\n17iQNGVn18TRN\OPn1c0f0O2O10O0100O1000O01000000O101OO1000O1000000000000000000000001N2O001O0O20O00010O001O100O00001O000010OO2O1O100O1O1O1O1N11O010O0100O100O1O1O01O01OO2O0O1O1O1O1N2O101N2O1O001N102N2N2N2Nn`_d1
20220626185332Bh_2,Ub^V14ko11O2O0O101N101O1O001O001O1O100O1O0100O1O10O010O010O01O0001O00100O00100O100O10000O10O000010O01N1000001O0000010O0000001O010O00010OO2O1O1O001O1O1O010O01O00010O00000000000O100000O1000000000O2O1O1O1O010O010O0O2O001O000O2O00010O0001O0010O01O00000001O01O010O01O001O00010O01O01O01OO101O001O001O010O010O000O2O00001O001O00010O010N2O]\]_2
20220626185332Bh_3,Schi25jo12N2N001O1O001N10000O1L31001N1L6O001O1O10O001O1O1N2O001O001O010O1O1O0O2O1N110O1O10O0100O1O001O1O001O1O010O1O1NP]gR1
20220626185332Bh_4,hfhj12mo13M200O1O1O100O1O1O000O11O00001O0001O00001O01O01N100O1O1N201O001O00100O00100O2N0010O000000O01N10100O2O1O010O1N2O1O0O2O010O1O001O01O010O000010O00010O0010O000010O001O0010O01000O10O100O0100000O0100O10000O10000O1000000O100O010O1O1O1O1O1O01O10O01O011N0010O000001O010O0010O00101N1O01N200O1010O1O1N2O0O2O1N1O1O1O1O100O12O1M:G1O0O101O1N101N0100O10O100O100O001O01O0001O00001O00000000001O2M\VYi1
20220626185332Bh_5,[gfo0461[o1;O1O100O00010O001O0010O01O00100O1O0010O01O2N6K1N2O1N4M2N44KNOO2O3L1O010O010O100O2O0OQObQN>\n1^OjQNc0Tn1ZOoQNg0om1YORRNg0nm1WOURNh0jm1XOWRNh0im1WOXRNi0gm1WO[RNh0dm1XO`RNf0_m1YOcRNf0\m1YOgRNf0Xm1ZOiRNf0Wm1XOlRNg0[n1L100N100O10000O10O01O101N10O21N1N2OO010O0001O01O001O1N2O1O1O1O00001O0001O000001O0000000O2O0O1O101N1O2O1O1O1N2OEVQNAhn1>^QN]Ocn1a0>01N2O1O0O2N101O10O010O01000000O10O10O000010O0001O1O1O1N2O1O1OYVWg2
20220626185332Bh_6,gZWU12no11N2O1O1O1N10O01N1O2I6N3M3J5O00OO10102M2N1O1O2OI^QNSObn1j0;N1000L40010O100O2N1OCXQNF\n1b0jQN\OTn1b0QRN\Onm1d0URNYOlm1f0i0N1M4M4L3L4L3N3MRhfg2
20220626185332Bh_7,bXQn25io15M1O001OO2OhPNIgn18WQNKhn14VQNOin13RQN1mn1b00O00001N101O001O001N10O10O01O010JYOQQNh0nn17ETO]QNo0an1:M2O1O10O2AhQNROZn1i0b0I7M2N3M2N3M5KngVo0
20220626185332Bh_8,i[e`12mo12O1O00001O0010O0001O00001O0O100000000001O00000001N101O1O1O1O0001O00001O001O000O101O01O01O001O0000000000O010O1N200O100N101N1001O100O1O10O01O0000010O100O100O0100O010O1O000001O001O1N1O2O001O01O01NndVY2
20220626185332Bh_9,j_cW16io13O1O02N2N1O1N1000O10000O101O00O101O0001O1O2O0O00O10O100000000O0100001O1O1N10O100O11N2OO1O001O1O010O0000001O0000001O010O001O0000000001O000100O010O1O010O001O000O10\^Xc2
20220714185352Th_1,]_`^12no12N2N3M1N2O2N2M3N1O1O010O0100O11O1O1O0000O100O3N10dPNCRo1e01O0O2N1O100O2N101N10100O11O010O001O0O10O00001N3N1O100O11O1N1001O0O1O1O011N100O100O011N00100O1000O2O0O2N1O1O2O8G2N1O00001O0010O101O1OO01O000000000000000O1000000O101N2O1O0010O010O01O0000010O10O100O2N1O2N001O10O1000O101N100O1O1O100O1N3N001N2O1O10O01O1O0O2O10O001N2O0N3M3N101N1000001N1000000001O0O2O010O0001O0000000000000001N100O1000010O0001OO10000001O01O00001O001O010O001O1O0O2O1O00000000O100O1000001N1000O10000O1000000O10001O01O0O101O0O02O0001O00100O0O2O0001O01O01O01O00001O00001O00001O00000001O00010O001O010O1O1O0010O01O1O010O1O100O1O01O0010O0001O0001O001O00001O001O010O00001O0010O01N101O001O0001O001O01O01O00001O0010O01O10O0100O10O010O10O001O1N2O2N1O1O1O10O010O010O010O010O01O100O10O1000O010O010O01O001000000O2O001O00O1O1O100O01001N2O0O1000O2OO01O2O01N0100O1N35MNO0O101O00001O01N2O2M2O2O8JM1N]QNoNYn1Q1cQNTO\n1X11O0010000O102N1N1O10001O001O0BZQN@fn1<^QNCdn1:^QNDdn19_QNFbn19_QNFbn18`QNGan19_QNFbn1:^QNEcn1;\QNDfn1<XQNEhn1:ZQNDgn1<>11O1N2N7GcXod1
20220714185352Th_2,hfP^21oo10O2M2J501O010O10001N101O01N1N2O100O100001O0100O010O11N100O2OO11OO010O100000000001O010O001O3N00O2M2MgXi^1
20220714185352Th_3,SiPm2425Xo1`0K5K6J8I5J4L4K4G:MeNfRN3Xm1KUSNMhl1O`SN0\l1OiSN0Tl10PTNNnk11WTNMgk13^TNK`k14dTNJ[k16hTNIUk17nTNHQk15TUNKij15ZUNKdj14_UNL^j15eUNJXj17iUNJSj18oUNGci1e0_VN\O\i1g0fVNXOXi1i0iVNWOWi1h0kVNVOUi1h0nVNXORi1d0RWN[Onh1`0XWN@hh1<\WNDch17cWNI]h15eWNLZh13fWNNZh12fWNOXh11iWN1Uh1OkWN3Sh1MlWN6Qh1KoWN5Qh1KPXN5og1KQXN4Ph1LQXNMUh12mWNJVh16j300O1000000000O10O1O1N3M_YYo0
20220714185352Th_4,mhZn02no10O101N11N011O000000010O01O001O010O010O10001O001O00001cPN8_n1H_QN:an1F^QN;cn1D\QN=dn1DYQN?en1A[QN`0en1AWQN50Min1;\QNCcn1;aQND`n1OWQN0=0\n1M[QN0<1en1K^QN5Wo10000O010O0010O010000O02OO10O0100O1O1OQUQn2
20220714185352Th_5,Xkjo23ko14M5OO0O0O2O1N11[PNNXo1>00O2O0YQN^Oom1b0nQN@Sn1`0kQNBUn1?gQNCZn1?aQNC`n1?[QNDkn1e02O1N2N1O0O2O0O101O1O1AhPN4Xo1JlPN5To1ImPN7_o1O000001O02O0O10O01O01O01N101O0O0100000000000O1000001O00O010O0001O011MXSok0
20220714185352Th_6,nnb`27ho16K1O0101N001O0010O01O000001O002N3N0O1O1O1O00N2O2M2N2O001O0001N1010000O100O1O0010O0010N01O00100O100O01O101O010O00000O2O0000O2O1O100O1000001O0000O10000O10000O10000O10001O00000O01L4N1010O01O00100O1O100O1O3LTRoX1
20220714185352Th_7,UXek02mo18G6J2N2O1O0001OO100O1O2O01O00O1M4N1O2O0O0001O20OA?O1O10O10000001O0O2O0O20O010O1O1O0010O020O10100O1O1N3L3NPinP3
20220714185352Th_8,d\eR25io12N1O1N3N1O2O0JCiPN?Uo16O2N2^OWOjQNl0Wn1UOeQNm0[n1SOdQNo0\n1RO`QNP1an1801N10O00OO2K4O1O2N1O1O2N1O10O1N20N2I8N1O10O001O0O2O0O1N201O1O01N2O2O001O00A_O_QNa0^n1`01010O0N2O100O2000O00O1O100O1L41O0001O0102N2N2N3M2O1N101N100O10000N2O2O2M3O0O0010O0TQN\O\n1f0`QN@\n1T1M10N1N3N1O100O2H7M3N3M2HmPNCUo1;oPNARo1?71O01N2N3LQhne1
20220714185352Th_9,Wb[b15ko12N001O00000O100O100O100O1N1O2N2N2N101O0100000O100N2O1O1000O0100O1O1O1O1O01O1E:O2O01O010OO1O1001O0010O1L4N20O0100001N1000O1001O0O2O1N0010O010O001O000010O010001O0O1O1O0O2O1O0010O0O2N3N00001O0O1O001000001N101O0000O101N10001O00O2N1O2O000000000000000O2O001000O2O1N1O2N1O1O001N2O010O01O0001O0000010O000001N101O1N2O001O0000010O010O100O100O10O100O1L4N101O10O0100000000O100O100O1O101N101N100O^abQ2
20220714185352Th_10,dc]Y26io12N3fPNFin1;VQNGhn1;WQNEhn1<WQNEin1<VQNDjn1=TQNDln1>PQNCQo1f000000000O100O100N2O1O100O10O2O002N2N0O2OO01O001O0O2LiPN^OWo1a0400010O01O1O001O00O1O101O0O01N10100001O00100O1O1O100O010O001O001N3N1O1O10O1000O11O001O000O10O10O01O2O0O3M2N3M2N1O1O10O2O00001O01O0ON[QNjNfn1T130O2M111O010O01O1O10O010O0O2O1OO11O0O2N101O01O000O1000O11O001O100O101N1O0010O01O01O01O010O1000O010O0100O100O10000O001O001O000001O001O001N10100O100O2O0O3M5K4L2M2NCPRNnNmm1R1XRNkNhm1T1c0O1O2O0O1O001O0000100O00100O100O001O001O1O00100O10O100O10000O100O1O100O0001O0010O010O1O001O01O00001OOO2O0010001O001O1O0O2O0O1N2IlPNBUo1<701O1O2O1O0O2O1N2O1O1OVaTV1
20220728185352Th_1,idU`26[o1a0N6J3M1N101M2O010OO10100O101O001O0000O100O1000001O001O1O001N0100O010O010O010000O100O1O1O1N101O10O1M3M7J4M2M3N2M3N3M3L5Jj[P\1
